device=cuda  emb_dim=100  datasets=['aircraft', 'cars', 'flowers', 'galaxy10']  bases=['dino', 'lejepa', 'visreg']

######## aircraft on DINO ViT-B/16 ########
  [supcon] epoch 1/120  loss=6.1321
  [supcon] epoch 2/120  loss=5.5470
  [supcon] epoch 3/120  loss=5.2780
  [supcon] epoch 4/120  loss=5.0926
  [supcon] epoch 5/120  loss=4.9644
  [supcon] epoch 6/120  loss=4.8721
  [supcon] epoch 7/120  loss=4.7794
  [supcon] epoch 8/120  loss=4.6917
  [supcon] epoch 9/120  loss=4.6192
  [supcon] epoch 10/120  loss=4.5744
  [supcon] epoch 11/120  loss=4.4931
  [supcon] epoch 12/120  loss=4.4560
  [supcon] epoch 13/120  loss=4.3987
  [supcon] epoch 14/120  loss=4.3508
  [supcon] epoch 15/120  loss=4.3120
  [supcon] epoch 16/120  loss=4.2629
  [supcon] epoch 17/120  loss=4.2162
  [supcon] epoch 18/120  loss=4.1728
  [supcon] epoch 19/120  loss=4.1415
  [supcon] epoch 20/120  loss=4.0997
  [supcon] epoch 21/120  loss=4.0523
  [supcon] epoch 22/120  loss=4.0261
  [supcon] epoch 23/120  loss=3.9929
  [supcon] epoch 24/120  loss=3.9522
  [supcon] epoch 25/120  loss=3.9331
  [supcon] epoch 26/120  loss=3.8887
  [supcon] epoch 27/120  loss=3.8820
  [supcon] epoch 28/120  loss=3.8512
  [supcon] epoch 29/120  loss=3.8197
  [supcon] epoch 30/120  loss=3.8086
  [supcon] epoch 31/120  loss=3.8037
  [supcon] epoch 32/120  loss=3.7842
  [supcon] epoch 33/120  loss=3.7479
  [supcon] epoch 34/120  loss=3.7511
  [supcon] epoch 35/120  loss=3.6979
  [supcon] epoch 36/120  loss=3.6774
  [supcon] epoch 37/120  loss=3.6644
  [supcon] epoch 38/120  loss=3.6555
  [supcon] epoch 39/120  loss=3.6595
  [supcon] epoch 40/120  loss=3.6368
  [supcon] epoch 41/120  loss=3.6110
  [supcon] epoch 42/120  loss=3.5820
  [supcon] epoch 43/120  loss=3.5556
  [supcon] epoch 44/120  loss=3.5553
  [supcon] epoch 45/120  loss=3.5481
  [supcon] epoch 46/120  loss=3.5456
  [supcon] epoch 47/120  loss=3.5277
  [supcon] epoch 48/120  loss=3.5024
  [supcon] epoch 49/120  loss=3.5150
  [supcon] epoch 50/120  loss=3.5071
  [supcon] epoch 51/120  loss=3.4807
  [supcon] epoch 52/120  loss=3.4597
  [supcon] epoch 53/120  loss=3.4465
  [supcon] epoch 54/120  loss=3.4122
  [supcon] epoch 55/120  loss=3.3971
  [supcon] epoch 56/120  loss=3.4035
  [supcon] epoch 57/120  loss=3.3807
  [supcon] epoch 58/120  loss=3.3703
  [supcon] epoch 59/120  loss=3.3786
  [supcon] epoch 60/120  loss=3.3787
  [supcon] epoch 61/120  loss=3.3779
  [supcon] epoch 62/120  loss=3.3827
  [supcon] epoch 63/120  loss=3.3658
  [supcon] epoch 64/120  loss=3.3634
  [supcon] epoch 65/120  loss=3.3349
  [supcon] epoch 66/120  loss=3.3107
  [supcon] epoch 67/120  loss=3.2853
  [supcon] epoch 68/120  loss=3.2881
  [supcon] epoch 69/120  loss=3.2889
  [supcon] epoch 70/120  loss=3.2768
  [supcon] epoch 71/120  loss=3.2588
  [supcon] epoch 72/120  loss=3.2601
  [supcon] epoch 73/120  loss=3.2488
  [supcon] epoch 74/120  loss=3.2351
  [supcon] epoch 75/120  loss=3.2315
  [supcon] epoch 76/120  loss=3.2259
  [supcon] epoch 77/120  loss=3.2301
  [supcon] epoch 78/120  loss=3.2276
  [supcon] epoch 79/120  loss=3.2197
  [supcon] epoch 80/120  loss=3.2049
  [supcon] epoch 81/120  loss=3.1920
  [supcon] epoch 82/120  loss=3.1780
  [supcon] epoch 83/120  loss=3.2004
  [supcon] epoch 84/120  loss=3.1907
  [supcon] epoch 85/120  loss=3.1715
  [supcon] epoch 86/120  loss=3.1573
  [supcon] epoch 87/120  loss=3.1389
  [supcon] epoch 88/120  loss=3.1502
  [supcon] epoch 89/120  loss=3.1365
  [supcon] epoch 90/120  loss=3.1345
  [supcon] epoch 91/120  loss=3.1172
  [supcon] epoch 92/120  loss=3.1172
  [supcon] epoch 93/120  loss=3.1003
  [supcon] epoch 94/120  loss=3.1021
  [supcon] epoch 95/120  loss=3.0715
  [supcon] epoch 96/120  loss=3.0849
  [supcon] epoch 97/120  loss=3.0926
  [supcon] epoch 98/120  loss=3.1151
  [supcon] epoch 99/120  loss=3.0915
  [supcon] epoch 100/120  loss=3.0840
  [supcon] epoch 101/120  loss=3.0768
  [supcon] epoch 102/120  loss=3.0661
  [supcon] epoch 103/120  loss=3.0663
  [supcon] epoch 104/120  loss=3.0522
  [supcon] epoch 105/120  loss=3.0503
  [supcon] epoch 106/120  loss=3.0659
  [supcon] epoch 107/120  loss=3.0347
  [supcon] epoch 108/120  loss=3.0492
  [supcon] epoch 109/120  loss=3.0445
  [supcon] epoch 110/120  loss=3.0406
  [supcon] epoch 111/120  loss=3.0098
  [supcon] epoch 112/120  loss=3.0148
  [supcon] epoch 113/120  loss=3.0204
  [supcon] epoch 114/120  loss=3.0151
  [supcon] epoch 115/120  loss=3.0061
  [supcon] epoch 116/120  loss=3.0088
  [supcon] epoch 117/120  loss=2.9954
  [supcon] epoch 118/120  loss=2.9890
  [supcon] epoch 119/120  loss=2.9852
  [supcon] epoch 120/120  loss=2.9966
  [supcon+sigreg] epoch 1/120  supcon=6.5490  sigreg=0.6592
  [supcon+sigreg] epoch 2/120  supcon=6.3236  sigreg=0.4202
  [supcon+sigreg] epoch 3/120  supcon=6.2030  sigreg=0.2911
  [supcon+sigreg] epoch 4/120  supcon=6.0391  sigreg=0.2259
  [supcon+sigreg] epoch 5/120  supcon=5.9366  sigreg=0.2284
  [supcon+sigreg] epoch 6/120  supcon=5.8290  sigreg=0.1984
  [supcon+sigreg] epoch 7/120  supcon=5.7180  sigreg=0.1788
  [supcon+sigreg] epoch 8/120  supcon=5.6650  sigreg=0.1499
  [supcon+sigreg] epoch 9/120  supcon=5.5765  sigreg=0.1365
  [supcon+sigreg] epoch 10/120  supcon=5.4946  sigreg=0.1307
  [supcon+sigreg] epoch 11/120  supcon=5.4341  sigreg=0.1278
  [supcon+sigreg] epoch 12/120  supcon=5.3757  sigreg=0.1220
  [supcon+sigreg] epoch 13/120  supcon=5.3331  sigreg=0.1297
  [supcon+sigreg] epoch 14/120  supcon=5.2864  sigreg=0.1203
  [supcon+sigreg] epoch 15/120  supcon=5.2653  sigreg=0.1080
  [supcon+sigreg] epoch 16/120  supcon=5.1960  sigreg=0.0993
  [supcon+sigreg] epoch 17/120  supcon=5.1402  sigreg=0.0992
  [supcon+sigreg] epoch 18/120  supcon=5.1237  sigreg=0.0946
  [supcon+sigreg] epoch 19/120  supcon=5.0702  sigreg=0.0925
  [supcon+sigreg] epoch 20/120  supcon=5.0525  sigreg=0.0932
  [supcon+sigreg] epoch 21/120  supcon=5.0062  sigreg=0.0765
  [supcon+sigreg] epoch 22/120  supcon=4.9755  sigreg=0.0763
  [supcon+sigreg] epoch 23/120  supcon=4.9630  sigreg=0.0799
  [supcon+sigreg] epoch 24/120  supcon=4.9278  sigreg=0.0801
  [supcon+sigreg] epoch 25/120  supcon=4.8752  sigreg=0.0772
  [supcon+sigreg] epoch 26/120  supcon=4.8485  sigreg=0.0760
  [supcon+sigreg] epoch 27/120  supcon=4.8142  sigreg=0.0749
  [supcon+sigreg] epoch 28/120  supcon=4.7936  sigreg=0.0748
  [supcon+sigreg] epoch 29/120  supcon=4.7605  sigreg=0.0702
  [supcon+sigreg] epoch 30/120  supcon=4.7416  sigreg=0.0701
  [supcon+sigreg] epoch 31/120  supcon=4.7162  sigreg=0.0731
  [supcon+sigreg] epoch 32/120  supcon=4.6951  sigreg=0.0713
  [supcon+sigreg] epoch 33/120  supcon=4.6666  sigreg=0.0690
  [supcon+sigreg] epoch 34/120  supcon=4.6593  sigreg=0.0680
  [supcon+sigreg] epoch 35/120  supcon=4.6180  sigreg=0.0674
  [supcon+sigreg] epoch 36/120  supcon=4.6166  sigreg=0.0726
  [supcon+sigreg] epoch 37/120  supcon=4.5877  sigreg=0.0754
  [supcon+sigreg] epoch 38/120  supcon=4.5705  sigreg=0.0740
  [supcon+sigreg] epoch 39/120  supcon=4.5483  sigreg=0.0693
  [supcon+sigreg] epoch 40/120  supcon=4.5088  sigreg=0.0681
  [supcon+sigreg] epoch 41/120  supcon=4.5030  sigreg=0.0660
  [supcon+sigreg] epoch 42/120  supcon=4.4948  sigreg=0.0648
  [supcon+sigreg] epoch 43/120  supcon=4.4565  sigreg=0.0616
  [supcon+sigreg] epoch 44/120  supcon=4.4381  sigreg=0.0624
  [supcon+sigreg] epoch 45/120  supcon=4.4154  sigreg=0.0612
  [supcon+sigreg] epoch 46/120  supcon=4.4069  sigreg=0.0648
  [supcon+sigreg] epoch 47/120  supcon=4.3788  sigreg=0.0604
  [supcon+sigreg] epoch 48/120  supcon=4.3595  sigreg=0.0605
  [supcon+sigreg] epoch 49/120  supcon=4.3611  sigreg=0.0611
  [supcon+sigreg] epoch 50/120  supcon=4.3203  sigreg=0.0571
  [supcon+sigreg] epoch 51/120  supcon=4.3071  sigreg=0.0553
  [supcon+sigreg] epoch 52/120  supcon=4.2796  sigreg=0.0561
  [supcon+sigreg] epoch 53/120  supcon=4.2842  sigreg=0.0582
  [supcon+sigreg] epoch 54/120  supcon=4.2568  sigreg=0.0641
  [supcon+sigreg] epoch 55/120  supcon=4.2586  sigreg=0.0561
  [supcon+sigreg] epoch 56/120  supcon=4.2595  sigreg=0.0604
  [supcon+sigreg] epoch 57/120  supcon=4.2220  sigreg=0.0626
  [supcon+sigreg] epoch 58/120  supcon=4.2077  sigreg=0.0532
  [supcon+sigreg] epoch 59/120  supcon=4.1953  sigreg=0.0563
  [supcon+sigreg] epoch 60/120  supcon=4.1789  sigreg=0.0570
  [supcon+sigreg] epoch 61/120  supcon=4.1596  sigreg=0.0539
  [supcon+sigreg] epoch 62/120  supcon=4.1498  sigreg=0.0565
  [supcon+sigreg] epoch 63/120  supcon=4.1472  sigreg=0.0585
  [supcon+sigreg] epoch 64/120  supcon=4.1270  sigreg=0.0537
  [supcon+sigreg] epoch 65/120  supcon=4.1094  sigreg=0.0541
  [supcon+sigreg] epoch 66/120  supcon=4.0932  sigreg=0.0553
  [supcon+sigreg] epoch 67/120  supcon=4.0875  sigreg=0.0489
  [supcon+sigreg] epoch 68/120  supcon=4.0703  sigreg=0.0514
  [supcon+sigreg] epoch 69/120  supcon=4.0623  sigreg=0.0556
  [supcon+sigreg] epoch 70/120  supcon=4.0346  sigreg=0.0527
  [supcon+sigreg] epoch 71/120  supcon=4.0265  sigreg=0.0504
  [supcon+sigreg] epoch 72/120  supcon=4.0313  sigreg=0.0510
  [supcon+sigreg] epoch 73/120  supcon=4.0121  sigreg=0.0494
  [supcon+sigreg] epoch 74/120  supcon=3.9860  sigreg=0.0507
  [supcon+sigreg] epoch 75/120  supcon=3.9654  sigreg=0.0484
  [supcon+sigreg] epoch 76/120  supcon=3.9532  sigreg=0.0494
  [supcon+sigreg] epoch 77/120  supcon=3.9504  sigreg=0.0463
  [supcon+sigreg] epoch 78/120  supcon=3.9564  sigreg=0.0499
  [supcon+sigreg] epoch 79/120  supcon=3.9412  sigreg=0.0510
  [supcon+sigreg] epoch 80/120  supcon=3.9291  sigreg=0.0496
  [supcon+sigreg] epoch 81/120  supcon=3.9151  sigreg=0.0504
  [supcon+sigreg] epoch 82/120  supcon=3.8952  sigreg=0.0484
  [supcon+sigreg] epoch 83/120  supcon=3.8898  sigreg=0.0469
  [supcon+sigreg] epoch 84/120  supcon=3.8830  sigreg=0.0489
  [supcon+sigreg] epoch 85/120  supcon=3.8682  sigreg=0.0474
  [supcon+sigreg] epoch 86/120  supcon=3.8639  sigreg=0.0477
  [supcon+sigreg] epoch 87/120  supcon=3.8405  sigreg=0.0440
  [supcon+sigreg] epoch 88/120  supcon=3.8349  sigreg=0.0473
  [supcon+sigreg] epoch 89/120  supcon=3.8382  sigreg=0.0529
  [supcon+sigreg] epoch 90/120  supcon=3.8389  sigreg=0.0537
  [supcon+sigreg] epoch 91/120  supcon=3.8225  sigreg=0.0520
  [supcon+sigreg] epoch 92/120  supcon=3.8126  sigreg=0.0480
  [supcon+sigreg] epoch 93/120  supcon=3.7863  sigreg=0.0441
  [supcon+sigreg] epoch 94/120  supcon=3.7765  sigreg=0.0472
  [supcon+sigreg] epoch 95/120  supcon=3.7944  sigreg=0.0477
  [supcon+sigreg] epoch 96/120  supcon=3.7764  sigreg=0.0520
  [supcon+sigreg] epoch 97/120  supcon=3.7730  sigreg=0.0442
  [supcon+sigreg] epoch 98/120  supcon=3.7445  sigreg=0.0446
  [supcon+sigreg] epoch 99/120  supcon=3.7474  sigreg=0.0475
  [supcon+sigreg] epoch 100/120  supcon=3.7506  sigreg=0.0467
  [supcon+sigreg] epoch 101/120  supcon=3.7302  sigreg=0.0479
  [supcon+sigreg] epoch 102/120  supcon=3.7125  sigreg=0.0471
  [supcon+sigreg] epoch 103/120  supcon=3.7058  sigreg=0.0462
  [supcon+sigreg] epoch 104/120  supcon=3.7049  sigreg=0.0458
  [supcon+sigreg] epoch 105/120  supcon=3.7117  sigreg=0.0483
  [supcon+sigreg] epoch 106/120  supcon=3.6853  sigreg=0.0452
  [supcon+sigreg] epoch 107/120  supcon=3.6823  sigreg=0.0443
  [supcon+sigreg] epoch 108/120  supcon=3.6682  sigreg=0.0440
  [supcon+sigreg] epoch 109/120  supcon=3.6713  sigreg=0.0462
  [supcon+sigreg] epoch 110/120  supcon=3.6521  sigreg=0.0445
  [supcon+sigreg] epoch 111/120  supcon=3.6492  sigreg=0.0436
  [supcon+sigreg] epoch 112/120  supcon=3.6395  sigreg=0.0431
  [supcon+sigreg] epoch 113/120  supcon=3.6217  sigreg=0.0436
  [supcon+sigreg] epoch 114/120  supcon=3.6083  sigreg=0.0437
  [supcon+sigreg] epoch 115/120  supcon=3.5891  sigreg=0.0410
  [supcon+sigreg] epoch 116/120  supcon=3.5796  sigreg=0.0405
  [supcon+sigreg] epoch 117/120  supcon=3.5850  sigreg=0.0425
  [supcon+sigreg] epoch 118/120  supcon=3.5927  sigreg=0.0445
  [supcon+sigreg] epoch 119/120  supcon=3.5683  sigreg=0.0423
  [supcon+sigreg] epoch 120/120  supcon=3.5721  sigreg=0.0428
  [simclr+sigreg] epoch 1/120  nt-xent=6.1482  sigreg=0.5111
  [simclr+sigreg] epoch 2/120  nt-xent=5.7884  sigreg=0.2714
  [simclr+sigreg] epoch 3/120  nt-xent=5.6264  sigreg=0.1706
  [simclr+sigreg] epoch 4/120  nt-xent=5.5281  sigreg=0.1231
  [simclr+sigreg] epoch 5/120  nt-xent=5.4784  sigreg=0.1055
  [simclr+sigreg] epoch 6/120  nt-xent=5.4460  sigreg=0.0875
  [simclr+sigreg] epoch 7/120  nt-xent=5.4193  sigreg=0.0832
  [simclr+sigreg] epoch 8/120  nt-xent=5.4040  sigreg=0.0754
  [simclr+sigreg] epoch 9/120  nt-xent=5.3905  sigreg=0.0775
  [simclr+sigreg] epoch 10/120  nt-xent=5.3872  sigreg=0.0772
  [simclr+sigreg] epoch 11/120  nt-xent=5.3644  sigreg=0.0674
  [simclr+sigreg] epoch 12/120  nt-xent=5.3507  sigreg=0.0680
  [simclr+sigreg] epoch 13/120  nt-xent=5.3444  sigreg=0.0646
  [simclr+sigreg] epoch 14/120  nt-xent=5.3386  sigreg=0.0606
  [simclr+sigreg] epoch 15/120  nt-xent=5.3316  sigreg=0.0634
  [simclr+sigreg] epoch 16/120  nt-xent=5.3207  sigreg=0.0608
  [simclr+sigreg] epoch 17/120  nt-xent=5.3190  sigreg=0.0589
  [simclr+sigreg] epoch 18/120  nt-xent=5.3051  sigreg=0.0532
  [simclr+sigreg] epoch 19/120  nt-xent=5.2944  sigreg=0.0506
  [simclr+sigreg] epoch 20/120  nt-xent=5.2868  sigreg=0.0456
  [simclr+sigreg] epoch 21/120  nt-xent=5.2862  sigreg=0.0469
  [simclr+sigreg] epoch 22/120  nt-xent=5.2834  sigreg=0.0490
  [simclr+sigreg] epoch 23/120  nt-xent=5.2789  sigreg=0.0482
  [simclr+sigreg] epoch 24/120  nt-xent=5.2716  sigreg=0.0457
  [simclr+sigreg] epoch 25/120  nt-xent=5.2673  sigreg=0.0421
  [simclr+sigreg] epoch 26/120  nt-xent=5.2638  sigreg=0.0442
  [simclr+sigreg] epoch 27/120  nt-xent=5.2529  sigreg=0.0394
  [simclr+sigreg] epoch 28/120  nt-xent=5.2517  sigreg=0.0386
  [simclr+sigreg] epoch 29/120  nt-xent=5.2543  sigreg=0.0430
  [simclr+sigreg] epoch 30/120  nt-xent=5.2518  sigreg=0.0413
  [simclr+sigreg] epoch 31/120  nt-xent=5.2457  sigreg=0.0403
  [simclr+sigreg] epoch 32/120  nt-xent=5.2468  sigreg=0.0392
  [simclr+sigreg] epoch 33/120  nt-xent=5.2439  sigreg=0.0413
  [simclr+sigreg] epoch 34/120  nt-xent=5.2392  sigreg=0.0393
  [simclr+sigreg] epoch 35/120  nt-xent=5.2359  sigreg=0.0379
  [simclr+sigreg] epoch 36/120  nt-xent=5.2327  sigreg=0.0362
  [simclr+sigreg] epoch 37/120  nt-xent=5.2299  sigreg=0.0383
  [simclr+sigreg] epoch 38/120  nt-xent=5.2315  sigreg=0.0382
  [simclr+sigreg] epoch 39/120  nt-xent=5.2305  sigreg=0.0366
  [simclr+sigreg] epoch 40/120  nt-xent=5.2225  sigreg=0.0358
  [simclr+sigreg] epoch 41/120  nt-xent=5.2202  sigreg=0.0352
  [simclr+sigreg] epoch 42/120  nt-xent=5.2180  sigreg=0.0347
  [simclr+sigreg] epoch 43/120  nt-xent=5.2168  sigreg=0.0341
  [simclr+sigreg] epoch 44/120  nt-xent=5.2152  sigreg=0.0324
  [simclr+sigreg] epoch 45/120  nt-xent=5.2170  sigreg=0.0343
  [simclr+sigreg] epoch 46/120  nt-xent=5.2193  sigreg=0.0377
  [simclr+sigreg] epoch 47/120  nt-xent=5.2111  sigreg=0.0341
  [simclr+sigreg] epoch 48/120  nt-xent=5.2127  sigreg=0.0347
  [simclr+sigreg] epoch 49/120  nt-xent=5.2087  sigreg=0.0345
  [simclr+sigreg] epoch 50/120  nt-xent=5.2068  sigreg=0.0319
  [simclr+sigreg] epoch 51/120  nt-xent=5.2050  sigreg=0.0319
  [simclr+sigreg] epoch 52/120  nt-xent=5.2001  sigreg=0.0321
  [simclr+sigreg] epoch 53/120  nt-xent=5.1989  sigreg=0.0323
  [simclr+sigreg] epoch 54/120  nt-xent=5.2008  sigreg=0.0322
  [simclr+sigreg] epoch 55/120  nt-xent=5.2039  sigreg=0.0346
  [simclr+sigreg] epoch 56/120  nt-xent=5.2027  sigreg=0.0331
  [simclr+sigreg] epoch 57/120  nt-xent=5.2013  sigreg=0.0339
  [simclr+sigreg] epoch 58/120  nt-xent=5.1993  sigreg=0.0306
  [simclr+sigreg] epoch 59/120  nt-xent=5.1977  sigreg=0.0331
  [simclr+sigreg] epoch 60/120  nt-xent=5.1996  sigreg=0.0341
  [simclr+sigreg] epoch 61/120  nt-xent=5.1985  sigreg=0.0345
  [simclr+sigreg] epoch 62/120  nt-xent=5.1942  sigreg=0.0328
  [simclr+sigreg] epoch 63/120  nt-xent=5.1895  sigreg=0.0319
  [simclr+sigreg] epoch 64/120  nt-xent=5.1874  sigreg=0.0298
  [simclr+sigreg] epoch 65/120  nt-xent=5.1863  sigreg=0.0306
  [simclr+sigreg] epoch 66/120  nt-xent=5.1836  sigreg=0.0295
  [simclr+sigreg] epoch 67/120  nt-xent=5.1867  sigreg=0.0307
  [simclr+sigreg] epoch 68/120  nt-xent=5.1840  sigreg=0.0282
  [simclr+sigreg] epoch 69/120  nt-xent=5.1841  sigreg=0.0283
  [simclr+sigreg] epoch 70/120  nt-xent=5.1821  sigreg=0.0307
  [simclr+sigreg] epoch 71/120  nt-xent=5.1853  sigreg=0.0302
  [simclr+sigreg] epoch 72/120  nt-xent=5.1801  sigreg=0.0292
  [simclr+sigreg] epoch 73/120  nt-xent=5.1814  sigreg=0.0301
  [simclr+sigreg] epoch 74/120  nt-xent=5.1811  sigreg=0.0293
  [simclr+sigreg] epoch 75/120  nt-xent=5.1799  sigreg=0.0304
  [simclr+sigreg] epoch 76/120  nt-xent=5.1791  sigreg=0.0301
  [simclr+sigreg] epoch 77/120  nt-xent=5.1782  sigreg=0.0302
  [simclr+sigreg] epoch 78/120  nt-xent=5.1772  sigreg=0.0284
  [simclr+sigreg] epoch 79/120  nt-xent=5.1730  sigreg=0.0283
  [simclr+sigreg] epoch 80/120  nt-xent=5.1725  sigreg=0.0289
  [simclr+sigreg] epoch 81/120  nt-xent=5.1719  sigreg=0.0269
  [simclr+sigreg] epoch 82/120  nt-xent=5.1745  sigreg=0.0296
  [simclr+sigreg] epoch 83/120  nt-xent=5.1785  sigreg=0.0317
  [simclr+sigreg] epoch 84/120  nt-xent=5.1735  sigreg=0.0301
  [simclr+sigreg] epoch 85/120  nt-xent=5.1715  sigreg=0.0296
  [simclr+sigreg] epoch 86/120  nt-xent=5.1707  sigreg=0.0269
  [simclr+sigreg] epoch 87/120  nt-xent=5.1687  sigreg=0.0292
  [simclr+sigreg] epoch 88/120  nt-xent=5.1689  sigreg=0.0284
  [simclr+sigreg] epoch 89/120  nt-xent=5.1679  sigreg=0.0280
  [simclr+sigreg] epoch 90/120  nt-xent=5.1633  sigreg=0.0246
  [simclr+sigreg] epoch 91/120  nt-xent=5.1658  sigreg=0.0260
  [simclr+sigreg] epoch 92/120  nt-xent=5.1629  sigreg=0.0259
  [simclr+sigreg] epoch 93/120  nt-xent=5.1646  sigreg=0.0279
  [simclr+sigreg] epoch 94/120  nt-xent=5.1608  sigreg=0.0278
  [simclr+sigreg] epoch 95/120  nt-xent=5.1661  sigreg=0.0282
  [simclr+sigreg] epoch 96/120  nt-xent=5.1632  sigreg=0.0280
  [simclr+sigreg] epoch 97/120  nt-xent=5.1634  sigreg=0.0279
  [simclr+sigreg] epoch 98/120  nt-xent=5.1587  sigreg=0.0275
  [simclr+sigreg] epoch 99/120  nt-xent=5.1611  sigreg=0.0271
  [simclr+sigreg] epoch 100/120  nt-xent=5.1611  sigreg=0.0278
  [simclr+sigreg] epoch 101/120  nt-xent=5.1573  sigreg=0.0280
  [simclr+sigreg] epoch 102/120  nt-xent=5.1589  sigreg=0.0266
  [simclr+sigreg] epoch 103/120  nt-xent=5.1569  sigreg=0.0271
  [simclr+sigreg] epoch 104/120  nt-xent=5.1559  sigreg=0.0259
  [simclr+sigreg] epoch 105/120  nt-xent=5.1564  sigreg=0.0248
  [simclr+sigreg] epoch 106/120  nt-xent=5.1541  sigreg=0.0254
  [simclr+sigreg] epoch 107/120  nt-xent=5.1524  sigreg=0.0249
  [simclr+sigreg] epoch 108/120  nt-xent=5.1540  sigreg=0.0249
  [simclr+sigreg] epoch 109/120  nt-xent=5.1527  sigreg=0.0273
  [simclr+sigreg] epoch 110/120  nt-xent=5.1528  sigreg=0.0261
  [simclr+sigreg] epoch 111/120  nt-xent=5.1494  sigreg=0.0254
  [simclr+sigreg] epoch 112/120  nt-xent=5.1499  sigreg=0.0255
  [simclr+sigreg] epoch 113/120  nt-xent=5.1492  sigreg=0.0260
  [simclr+sigreg] epoch 114/120  nt-xent=5.1489  sigreg=0.0264
  [simclr+sigreg] epoch 115/120  nt-xent=5.1520  sigreg=0.0264
  [simclr+sigreg] epoch 116/120  nt-xent=5.1466  sigreg=0.0241
  [simclr+sigreg] epoch 117/120  nt-xent=5.1469  sigreg=0.0253
  [simclr+sigreg] epoch 118/120  nt-xent=5.1463  sigreg=0.0254
  [simclr+sigreg] epoch 119/120  nt-xent=5.1459  sigreg=0.0241
  [simclr+sigreg] epoch 120/120  nt-xent=5.1431  sigreg=0.0231
  [aircraft/dino] raw probe (768d)           64.9
  [aircraft/dino] SupCon (aug)               60.8
  [aircraft/dino] ss[lam5]                   63.3
  [aircraft/dino] supcon+hybrid (concat)     60.5
  [aircraft/dino] ss+hybrid (concat)         62.6

######## aircraft on LeJEPA ViT-B/16 (community repro) ########
  [supcon] epoch 1/120  loss=6.6166
  [supcon] epoch 2/120  loss=6.2755
  [supcon] epoch 3/120  loss=6.0390
  [supcon] epoch 4/120  loss=5.8599
  [supcon] epoch 5/120  loss=5.7133
  [supcon] epoch 6/120  loss=5.6189
  [supcon] epoch 7/120  loss=5.5359
  [supcon] epoch 8/120  loss=5.4365
  [supcon] epoch 9/120  loss=5.4124
  [supcon] epoch 10/120  loss=5.3426
  [supcon] epoch 11/120  loss=5.3293
  [supcon] epoch 12/120  loss=5.2428
  [supcon] epoch 13/120  loss=5.1966
  [supcon] epoch 14/120  loss=5.1586
  [supcon] epoch 15/120  loss=5.1256
  [supcon] epoch 16/120  loss=5.1070
  [supcon] epoch 17/120  loss=5.0600
  [supcon] epoch 18/120  loss=5.0135
  [supcon] epoch 19/120  loss=5.0272
  [supcon] epoch 20/120  loss=5.0037
  [supcon] epoch 21/120  loss=4.9836
  [supcon] epoch 22/120  loss=4.9542
  [supcon] epoch 23/120  loss=4.9131
  [supcon] epoch 24/120  loss=4.8959
  [supcon] epoch 25/120  loss=4.8909
  [supcon] epoch 26/120  loss=4.8793
  [supcon] epoch 27/120  loss=4.8598
  [supcon] epoch 28/120  loss=4.8247
  [supcon] epoch 29/120  loss=4.8158
  [supcon] epoch 30/120  loss=4.8188
  [supcon] epoch 31/120  loss=4.7847
  [supcon] epoch 32/120  loss=4.7548
  [supcon] epoch 33/120  loss=4.7284
  [supcon] epoch 34/120  loss=4.7120
  [supcon] epoch 35/120  loss=4.6848
  [supcon] epoch 36/120  loss=4.7057
  [supcon] epoch 37/120  loss=4.7053
  [supcon] epoch 38/120  loss=4.6721
  [supcon] epoch 39/120  loss=4.6653
  [supcon] epoch 40/120  loss=4.6393
  [supcon] epoch 41/120  loss=4.6356
  [supcon] epoch 42/120  loss=4.6253
  [supcon] epoch 43/120  loss=4.6002
  [supcon] epoch 44/120  loss=4.6133
  [supcon] epoch 45/120  loss=4.6256
  [supcon] epoch 46/120  loss=4.5963
  [supcon] epoch 47/120  loss=4.5612
  [supcon] epoch 48/120  loss=4.5432
  [supcon] epoch 49/120  loss=4.5137
  [supcon] epoch 50/120  loss=4.5297
  [supcon] epoch 51/120  loss=4.5265
  [supcon] epoch 52/120  loss=4.5245
  [supcon] epoch 53/120  loss=4.4814
  [supcon] epoch 54/120  loss=4.4720
  [supcon] epoch 55/120  loss=4.4704
  [supcon] epoch 56/120  loss=4.4821
  [supcon] epoch 57/120  loss=4.4518
  [supcon] epoch 58/120  loss=4.4469
  [supcon] epoch 59/120  loss=4.4374
  [supcon] epoch 60/120  loss=4.4106
  [supcon] epoch 61/120  loss=4.4567
  [supcon] epoch 62/120  loss=4.4296
  [supcon] epoch 63/120  loss=4.4303
  [supcon] epoch 64/120  loss=4.4318
  [supcon] epoch 65/120  loss=4.4198
  [supcon] epoch 66/120  loss=4.3732
  [supcon] epoch 67/120  loss=4.3911
  [supcon] epoch 68/120  loss=4.3956
  [supcon] epoch 69/120  loss=4.3567
  [supcon] epoch 70/120  loss=4.3610
  [supcon] epoch 71/120  loss=4.3261
  [supcon] epoch 72/120  loss=4.3241
  [supcon] epoch 73/120  loss=4.3142
  [supcon] epoch 74/120  loss=4.3065
  [supcon] epoch 75/120  loss=4.2847
  [supcon] epoch 76/120  loss=4.2998
  [supcon] epoch 77/120  loss=4.3270
  [supcon] epoch 78/120  loss=4.2790
  [supcon] epoch 79/120  loss=4.2868
  [supcon] epoch 80/120  loss=4.2689
  [supcon] epoch 81/120  loss=4.2728
  [supcon] epoch 82/120  loss=4.2708
  [supcon] epoch 83/120  loss=4.2505
  [supcon] epoch 84/120  loss=4.2471
  [supcon] epoch 85/120  loss=4.2596
  [supcon] epoch 86/120  loss=4.2431
  [supcon] epoch 87/120  loss=4.2227
  [supcon] epoch 88/120  loss=4.2268
  [supcon] epoch 89/120  loss=4.2119
  [supcon] epoch 90/120  loss=4.1903
  [supcon] epoch 91/120  loss=4.1865
  [supcon] epoch 92/120  loss=4.1722
  [supcon] epoch 93/120  loss=4.1724
  [supcon] epoch 94/120  loss=4.1494
  [supcon] epoch 95/120  loss=4.1420
  [supcon] epoch 96/120  loss=4.1646
  [supcon] epoch 97/120  loss=4.1533
  [supcon] epoch 98/120  loss=4.1290
  [supcon] epoch 99/120  loss=4.1159
  [supcon] epoch 100/120  loss=4.1368
  [supcon] epoch 101/120  loss=4.1137
  [supcon] epoch 102/120  loss=4.1308
  [supcon] epoch 103/120  loss=4.0947
  [supcon] epoch 104/120  loss=4.1165
  [supcon] epoch 105/120  loss=4.1366
  [supcon] epoch 106/120  loss=4.0935
  [supcon] epoch 107/120  loss=4.0889
  [supcon] epoch 108/120  loss=4.0880
  [supcon] epoch 109/120  loss=4.0923
  [supcon] epoch 110/120  loss=4.1118
  [supcon] epoch 111/120  loss=4.0901
  [supcon] epoch 112/120  loss=4.0743
  [supcon] epoch 113/120  loss=4.0710
  [supcon] epoch 114/120  loss=4.0296
  [supcon] epoch 115/120  loss=4.0531
  [supcon] epoch 116/120  loss=4.0669
  [supcon] epoch 117/120  loss=4.0700
  [supcon] epoch 118/120  loss=4.0593
  [supcon] epoch 119/120  loss=4.0645
  [supcon] epoch 120/120  loss=4.0345
  [supcon+sigreg] epoch 1/120  supcon=6.7678  sigreg=0.8364
  [supcon+sigreg] epoch 2/120  supcon=6.8980  sigreg=0.6940
  [supcon+sigreg] epoch 3/120  supcon=6.8572  sigreg=0.6270
  [supcon+sigreg] epoch 4/120  supcon=6.8100  sigreg=0.5866
  [supcon+sigreg] epoch 5/120  supcon=6.7909  sigreg=0.5099
  [supcon+sigreg] epoch 6/120  supcon=6.7993  sigreg=0.4861
  [supcon+sigreg] epoch 7/120  supcon=6.7457  sigreg=0.4454
  [supcon+sigreg] epoch 8/120  supcon=6.6732  sigreg=0.4203
  [supcon+sigreg] epoch 9/120  supcon=6.6379  sigreg=0.4048
  [supcon+sigreg] epoch 10/120  supcon=6.5526  sigreg=0.3834
  [supcon+sigreg] epoch 11/120  supcon=6.5521  sigreg=0.3594
  [supcon+sigreg] epoch 12/120  supcon=6.4797  sigreg=0.3413
  [supcon+sigreg] epoch 13/120  supcon=6.4361  sigreg=0.3168
  [supcon+sigreg] epoch 14/120  supcon=6.4206  sigreg=0.2975
  [supcon+sigreg] epoch 15/120  supcon=6.3679  sigreg=0.2936
  [supcon+sigreg] epoch 16/120  supcon=6.3138  sigreg=0.2773
  [supcon+sigreg] epoch 17/120  supcon=6.2860  sigreg=0.2751
  [supcon+sigreg] epoch 18/120  supcon=6.2924  sigreg=0.2480
  [supcon+sigreg] epoch 19/120  supcon=6.2559  sigreg=0.2475
  [supcon+sigreg] epoch 20/120  supcon=6.2197  sigreg=0.2383
  [supcon+sigreg] epoch 21/120  supcon=6.1949  sigreg=0.2218
  [supcon+sigreg] epoch 22/120  supcon=6.1772  sigreg=0.2225
  [supcon+sigreg] epoch 23/120  supcon=6.1371  sigreg=0.2122
  [supcon+sigreg] epoch 24/120  supcon=6.1118  sigreg=0.2090
  [supcon+sigreg] epoch 25/120  supcon=6.1009  sigreg=0.1983
  [supcon+sigreg] epoch 26/120  supcon=6.0525  sigreg=0.1975
  [supcon+sigreg] epoch 27/120  supcon=6.0784  sigreg=0.2032
  [supcon+sigreg] epoch 28/120  supcon=6.0410  sigreg=0.1978
  [supcon+sigreg] epoch 29/120  supcon=5.9921  sigreg=0.1947
  [supcon+sigreg] epoch 30/120  supcon=5.9717  sigreg=0.1956
  [supcon+sigreg] epoch 31/120  supcon=5.9744  sigreg=0.1828
  [supcon+sigreg] epoch 32/120  supcon=5.9820  sigreg=0.1778
  [supcon+sigreg] epoch 33/120  supcon=5.9615  sigreg=0.1742
  [supcon+sigreg] epoch 34/120  supcon=5.9074  sigreg=0.1752
  [supcon+sigreg] epoch 35/120  supcon=5.9228  sigreg=0.1654
  [supcon+sigreg] epoch 36/120  supcon=5.9206  sigreg=0.1710
  [supcon+sigreg] epoch 37/120  supcon=5.8558  sigreg=0.1676
  [supcon+sigreg] epoch 38/120  supcon=5.8579  sigreg=0.1687
  [supcon+sigreg] epoch 39/120  supcon=5.8475  sigreg=0.1720
  [supcon+sigreg] epoch 40/120  supcon=5.7876  sigreg=0.1749
  [supcon+sigreg] epoch 41/120  supcon=5.7963  sigreg=0.1663
  [supcon+sigreg] epoch 42/120  supcon=5.7845  sigreg=0.1465
  [supcon+sigreg] epoch 43/120  supcon=5.7599  sigreg=0.1539
  [supcon+sigreg] epoch 44/120  supcon=5.7532  sigreg=0.1570
  [supcon+sigreg] epoch 45/120  supcon=5.7507  sigreg=0.1454
  [supcon+sigreg] epoch 46/120  supcon=5.7206  sigreg=0.1521
  [supcon+sigreg] epoch 47/120  supcon=5.7188  sigreg=0.1512
  [supcon+sigreg] epoch 48/120  supcon=5.6850  sigreg=0.1417
  [supcon+sigreg] epoch 49/120  supcon=5.7126  sigreg=0.1404
  [supcon+sigreg] epoch 50/120  supcon=5.6518  sigreg=0.1418
  [supcon+sigreg] epoch 51/120  supcon=5.6463  sigreg=0.1394
  [supcon+sigreg] epoch 52/120  supcon=5.6393  sigreg=0.1467
  [supcon+sigreg] epoch 53/120  supcon=5.6488  sigreg=0.1429
  [supcon+sigreg] epoch 54/120  supcon=5.5843  sigreg=0.1397
  [supcon+sigreg] epoch 55/120  supcon=5.5910  sigreg=0.1362
  [supcon+sigreg] epoch 56/120  supcon=5.5988  sigreg=0.1315
  [supcon+sigreg] epoch 57/120  supcon=5.5358  sigreg=0.1371
  [supcon+sigreg] epoch 58/120  supcon=5.5445  sigreg=0.1330
  [supcon+sigreg] epoch 59/120  supcon=5.5285  sigreg=0.1290
  [supcon+sigreg] epoch 60/120  supcon=5.5433  sigreg=0.1334
  [supcon+sigreg] epoch 61/120  supcon=5.5292  sigreg=0.1273
  [supcon+sigreg] epoch 62/120  supcon=5.5086  sigreg=0.1324
  [supcon+sigreg] epoch 63/120  supcon=5.4983  sigreg=0.1236
  [supcon+sigreg] epoch 64/120  supcon=5.4727  sigreg=0.1289
  [supcon+sigreg] epoch 65/120  supcon=5.4690  sigreg=0.1318
  [supcon+sigreg] epoch 66/120  supcon=5.4761  sigreg=0.1174
  [supcon+sigreg] epoch 67/120  supcon=5.4668  sigreg=0.1214
  [supcon+sigreg] epoch 68/120  supcon=5.4283  sigreg=0.1235
  [supcon+sigreg] epoch 69/120  supcon=5.4271  sigreg=0.1242
  [supcon+sigreg] epoch 70/120  supcon=5.4380  sigreg=0.1341
  [supcon+sigreg] epoch 71/120  supcon=5.3910  sigreg=0.1250
  [supcon+sigreg] epoch 72/120  supcon=5.4245  sigreg=0.1232
  [supcon+sigreg] epoch 73/120  supcon=5.3742  sigreg=0.1201
  [supcon+sigreg] epoch 74/120  supcon=5.3541  sigreg=0.1207
  [supcon+sigreg] epoch 75/120  supcon=5.3520  sigreg=0.1179
  [supcon+sigreg] epoch 76/120  supcon=5.3303  sigreg=0.1155
  [supcon+sigreg] epoch 77/120  supcon=5.3244  sigreg=0.1123
  [supcon+sigreg] epoch 78/120  supcon=5.3181  sigreg=0.1171
  [supcon+sigreg] epoch 79/120  supcon=5.3213  sigreg=0.1143
  [supcon+sigreg] epoch 80/120  supcon=5.3118  sigreg=0.1178
  [supcon+sigreg] epoch 81/120  supcon=5.2895  sigreg=0.1164
  [supcon+sigreg] epoch 82/120  supcon=5.2962  sigreg=0.1235
  [supcon+sigreg] epoch 83/120  supcon=5.2790  sigreg=0.1146
  [supcon+sigreg] epoch 84/120  supcon=5.2605  sigreg=0.1213
  [supcon+sigreg] epoch 85/120  supcon=5.2564  sigreg=0.1118
  [supcon+sigreg] epoch 86/120  supcon=5.2483  sigreg=0.1155
  [supcon+sigreg] epoch 87/120  supcon=5.2240  sigreg=0.1170
  [supcon+sigreg] epoch 88/120  supcon=5.2303  sigreg=0.1108
  [supcon+sigreg] epoch 89/120  supcon=5.2125  sigreg=0.1083
  [supcon+sigreg] epoch 90/120  supcon=5.2185  sigreg=0.1096
  [supcon+sigreg] epoch 91/120  supcon=5.1918  sigreg=0.1138
  [supcon+sigreg] epoch 92/120  supcon=5.1973  sigreg=0.1101
  [supcon+sigreg] epoch 93/120  supcon=5.1837  sigreg=0.1076
  [supcon+sigreg] epoch 94/120  supcon=5.1679  sigreg=0.1065
  [supcon+sigreg] epoch 95/120  supcon=5.1697  sigreg=0.1054
  [supcon+sigreg] epoch 96/120  supcon=5.1689  sigreg=0.1137
  [supcon+sigreg] epoch 97/120  supcon=5.1670  sigreg=0.1104
  [supcon+sigreg] epoch 98/120  supcon=5.1340  sigreg=0.1025
  [supcon+sigreg] epoch 99/120  supcon=5.1227  sigreg=0.1053
  [supcon+sigreg] epoch 100/120  supcon=5.1173  sigreg=0.1067
  [supcon+sigreg] epoch 101/120  supcon=5.1140  sigreg=0.0975
  [supcon+sigreg] epoch 102/120  supcon=5.1060  sigreg=0.1053
  [supcon+sigreg] epoch 103/120  supcon=5.1070  sigreg=0.1031
  [supcon+sigreg] epoch 104/120  supcon=5.0898  sigreg=0.1052
  [supcon+sigreg] epoch 105/120  supcon=5.1111  sigreg=0.0975
  [supcon+sigreg] epoch 106/120  supcon=5.0677  sigreg=0.1066
  [supcon+sigreg] epoch 107/120  supcon=5.0643  sigreg=0.0965
  [supcon+sigreg] epoch 108/120  supcon=5.0676  sigreg=0.1005
  [supcon+sigreg] epoch 109/120  supcon=5.0530  sigreg=0.1016
  [supcon+sigreg] epoch 110/120  supcon=5.0493  sigreg=0.0907
  [supcon+sigreg] epoch 111/120  supcon=5.0339  sigreg=0.1010
  [supcon+sigreg] epoch 112/120  supcon=5.0464  sigreg=0.0979
  [supcon+sigreg] epoch 113/120  supcon=5.0172  sigreg=0.0898
  [supcon+sigreg] epoch 114/120  supcon=5.0040  sigreg=0.0990
  [supcon+sigreg] epoch 115/120  supcon=4.9910  sigreg=0.0997
  [supcon+sigreg] epoch 116/120  supcon=5.0028  sigreg=0.0958
  [supcon+sigreg] epoch 117/120  supcon=4.9866  sigreg=0.0945
  [supcon+sigreg] epoch 118/120  supcon=4.9682  sigreg=0.0945
  [supcon+sigreg] epoch 119/120  supcon=4.9838  sigreg=0.0964
  [supcon+sigreg] epoch 120/120  supcon=4.9867  sigreg=0.1023
  [simclr+sigreg] epoch 1/120  nt-xent=5.8689  sigreg=0.7162
  [simclr+sigreg] epoch 2/120  nt-xent=5.8945  sigreg=0.3826
  [simclr+sigreg] epoch 3/120  nt-xent=5.7346  sigreg=0.2541
  [simclr+sigreg] epoch 4/120  nt-xent=5.6488  sigreg=0.2098
  [simclr+sigreg] epoch 5/120  nt-xent=5.5665  sigreg=0.1811
  [simclr+sigreg] epoch 6/120  nt-xent=5.5205  sigreg=0.1621
  [simclr+sigreg] epoch 7/120  nt-xent=5.5110  sigreg=0.1479
  [simclr+sigreg] epoch 8/120  nt-xent=5.4932  sigreg=0.1409
  [simclr+sigreg] epoch 9/120  nt-xent=5.4843  sigreg=0.1307
  [simclr+sigreg] epoch 10/120  nt-xent=5.4745  sigreg=0.1372
  [simclr+sigreg] epoch 11/120  nt-xent=5.4572  sigreg=0.1183
  [simclr+sigreg] epoch 12/120  nt-xent=5.4433  sigreg=0.1164
  [simclr+sigreg] epoch 13/120  nt-xent=5.4423  sigreg=0.1144
  [simclr+sigreg] epoch 14/120  nt-xent=5.4455  sigreg=0.1192
  [simclr+sigreg] epoch 15/120  nt-xent=5.4463  sigreg=0.1207
  [simclr+sigreg] epoch 16/120  nt-xent=5.4360  sigreg=0.1141
  [simclr+sigreg] epoch 17/120  nt-xent=5.4228  sigreg=0.1109
  [simclr+sigreg] epoch 18/120  nt-xent=5.4132  sigreg=0.1133
  [simclr+sigreg] epoch 19/120  nt-xent=5.4068  sigreg=0.1042
  [simclr+sigreg] epoch 20/120  nt-xent=5.3964  sigreg=0.0967
  [simclr+sigreg] epoch 21/120  nt-xent=5.3866  sigreg=0.0977
  [simclr+sigreg] epoch 22/120  nt-xent=5.3824  sigreg=0.0981
  [simclr+sigreg] epoch 23/120  nt-xent=5.3753  sigreg=0.0949
  [simclr+sigreg] epoch 24/120  nt-xent=5.3653  sigreg=0.0906
  [simclr+sigreg] epoch 25/120  nt-xent=5.3500  sigreg=0.0886
  [simclr+sigreg] epoch 26/120  nt-xent=5.3448  sigreg=0.0869
  [simclr+sigreg] epoch 27/120  nt-xent=5.3438  sigreg=0.0856
  [simclr+sigreg] epoch 28/120  nt-xent=5.3407  sigreg=0.0798
  [simclr+sigreg] epoch 29/120  nt-xent=5.3389  sigreg=0.0831
  [simclr+sigreg] epoch 30/120  nt-xent=5.3282  sigreg=0.0799
  [simclr+sigreg] epoch 31/120  nt-xent=5.3254  sigreg=0.0801
  [simclr+sigreg] epoch 32/120  nt-xent=5.3177  sigreg=0.0787
  [simclr+sigreg] epoch 33/120  nt-xent=5.3171  sigreg=0.0788
  [simclr+sigreg] epoch 34/120  nt-xent=5.3123  sigreg=0.0782
  [simclr+sigreg] epoch 35/120  nt-xent=5.3106  sigreg=0.0750
  [simclr+sigreg] epoch 36/120  nt-xent=5.3088  sigreg=0.0742
  [simclr+sigreg] epoch 37/120  nt-xent=5.3024  sigreg=0.0709
  [simclr+sigreg] epoch 38/120  nt-xent=5.3028  sigreg=0.0725
  [simclr+sigreg] epoch 39/120  nt-xent=5.3031  sigreg=0.0723
  [simclr+sigreg] epoch 40/120  nt-xent=5.3021  sigreg=0.0724
  [simclr+sigreg] epoch 41/120  nt-xent=5.2987  sigreg=0.0682
  [simclr+sigreg] epoch 42/120  nt-xent=5.2923  sigreg=0.0677
  [simclr+sigreg] epoch 43/120  nt-xent=5.2915  sigreg=0.0735
  [simclr+sigreg] epoch 44/120  nt-xent=5.2903  sigreg=0.0718
  [simclr+sigreg] epoch 45/120  nt-xent=5.2931  sigreg=0.0716
  [simclr+sigreg] epoch 46/120  nt-xent=5.2886  sigreg=0.0691
  [simclr+sigreg] epoch 47/120  nt-xent=5.2819  sigreg=0.0653
  [simclr+sigreg] epoch 48/120  nt-xent=5.2827  sigreg=0.0679
  [simclr+sigreg] epoch 49/120  nt-xent=5.2785  sigreg=0.0694
  [simclr+sigreg] epoch 50/120  nt-xent=5.2751  sigreg=0.0631
  [simclr+sigreg] epoch 51/120  nt-xent=5.2745  sigreg=0.0682
  [simclr+sigreg] epoch 52/120  nt-xent=5.2740  sigreg=0.0666
  [simclr+sigreg] epoch 53/120  nt-xent=5.2777  sigreg=0.0710
  [simclr+sigreg] epoch 54/120  nt-xent=5.2748  sigreg=0.0718
  [simclr+sigreg] epoch 55/120  nt-xent=5.2685  sigreg=0.0624
  [simclr+sigreg] epoch 56/120  nt-xent=5.2689  sigreg=0.0652
  [simclr+sigreg] epoch 57/120  nt-xent=5.2730  sigreg=0.0644
  [simclr+sigreg] epoch 58/120  nt-xent=5.2636  sigreg=0.0627
  [simclr+sigreg] epoch 59/120  nt-xent=5.2618  sigreg=0.0631
  [simclr+sigreg] epoch 60/120  nt-xent=5.2624  sigreg=0.0643
  [simclr+sigreg] epoch 61/120  nt-xent=5.2567  sigreg=0.0620
  [simclr+sigreg] epoch 62/120  nt-xent=5.2570  sigreg=0.0586
  [simclr+sigreg] epoch 63/120  nt-xent=5.2541  sigreg=0.0603
  [simclr+sigreg] epoch 64/120  nt-xent=5.2535  sigreg=0.0619
  [simclr+sigreg] epoch 65/120  nt-xent=5.2505  sigreg=0.0582
  [simclr+sigreg] epoch 66/120  nt-xent=5.2501  sigreg=0.0566
  [simclr+sigreg] epoch 67/120  nt-xent=5.2472  sigreg=0.0554
  [simclr+sigreg] epoch 68/120  nt-xent=5.2453  sigreg=0.0599
  [simclr+sigreg] epoch 69/120  nt-xent=5.2472  sigreg=0.0599
  [simclr+sigreg] epoch 70/120  nt-xent=5.2447  sigreg=0.0576
  [simclr+sigreg] epoch 71/120  nt-xent=5.2406  sigreg=0.0555
  [simclr+sigreg] epoch 72/120  nt-xent=5.2371  sigreg=0.0516
  [simclr+sigreg] epoch 73/120  nt-xent=5.2358  sigreg=0.0538
  [simclr+sigreg] epoch 74/120  nt-xent=5.2414  sigreg=0.0600
  [simclr+sigreg] epoch 75/120  nt-xent=5.2380  sigreg=0.0525
  [simclr+sigreg] epoch 76/120  nt-xent=5.2358  sigreg=0.0509
  [simclr+sigreg] epoch 77/120  nt-xent=5.2345  sigreg=0.0528
  [simclr+sigreg] epoch 78/120  nt-xent=5.2317  sigreg=0.0514
  [simclr+sigreg] epoch 79/120  nt-xent=5.2324  sigreg=0.0508
  [simclr+sigreg] epoch 80/120  nt-xent=5.2333  sigreg=0.0560
  [simclr+sigreg] epoch 81/120  nt-xent=5.2298  sigreg=0.0522
  [simclr+sigreg] epoch 82/120  nt-xent=5.2309  sigreg=0.0493
  [simclr+sigreg] epoch 83/120  nt-xent=5.2277  sigreg=0.0547
  [simclr+sigreg] epoch 84/120  nt-xent=5.2321  sigreg=0.0554
  [simclr+sigreg] epoch 85/120  nt-xent=5.2344  sigreg=0.0552
  [simclr+sigreg] epoch 86/120  nt-xent=5.2312  sigreg=0.0529
  [simclr+sigreg] epoch 87/120  nt-xent=5.2290  sigreg=0.0487
  [simclr+sigreg] epoch 88/120  nt-xent=5.2261  sigreg=0.0497
  [simclr+sigreg] epoch 89/120  nt-xent=5.2251  sigreg=0.0508
  [simclr+sigreg] epoch 90/120  nt-xent=5.2213  sigreg=0.0523
  [simclr+sigreg] epoch 91/120  nt-xent=5.2182  sigreg=0.0499
  [simclr+sigreg] epoch 92/120  nt-xent=5.2206  sigreg=0.0499
  [simclr+sigreg] epoch 93/120  nt-xent=5.2201  sigreg=0.0463
  [simclr+sigreg] epoch 94/120  nt-xent=5.2190  sigreg=0.0490
  [simclr+sigreg] epoch 95/120  nt-xent=5.2186  sigreg=0.0484
  [simclr+sigreg] epoch 96/120  nt-xent=5.2155  sigreg=0.0488
  [simclr+sigreg] epoch 97/120  nt-xent=5.2140  sigreg=0.0447
  [simclr+sigreg] epoch 98/120  nt-xent=5.2135  sigreg=0.0448
  [simclr+sigreg] epoch 99/120  nt-xent=5.2125  sigreg=0.0447
  [simclr+sigreg] epoch 100/120  nt-xent=5.2097  sigreg=0.0441
  [simclr+sigreg] epoch 101/120  nt-xent=5.2107  sigreg=0.0448
  [simclr+sigreg] epoch 102/120  nt-xent=5.2140  sigreg=0.0468
  [simclr+sigreg] epoch 103/120  nt-xent=5.2094  sigreg=0.0454
  [simclr+sigreg] epoch 104/120  nt-xent=5.2091  sigreg=0.0468
  [simclr+sigreg] epoch 105/120  nt-xent=5.2070  sigreg=0.0469
  [simclr+sigreg] epoch 106/120  nt-xent=5.2036  sigreg=0.0429
  [simclr+sigreg] epoch 107/120  nt-xent=5.2075  sigreg=0.0422
  [simclr+sigreg] epoch 108/120  nt-xent=5.2053  sigreg=0.0437
  [simclr+sigreg] epoch 109/120  nt-xent=5.2108  sigreg=0.0476
  [simclr+sigreg] epoch 110/120  nt-xent=5.2058  sigreg=0.0468
  [simclr+sigreg] epoch 111/120  nt-xent=5.2050  sigreg=0.0394
  [simclr+sigreg] epoch 112/120  nt-xent=5.2014  sigreg=0.0420
  [simclr+sigreg] epoch 113/120  nt-xent=5.2041  sigreg=0.0417
  [simclr+sigreg] epoch 114/120  nt-xent=5.2027  sigreg=0.0449
  [simclr+sigreg] epoch 115/120  nt-xent=5.2011  sigreg=0.0459
  [simclr+sigreg] epoch 116/120  nt-xent=5.2009  sigreg=0.0439
  [simclr+sigreg] epoch 117/120  nt-xent=5.2014  sigreg=0.0430
  [simclr+sigreg] epoch 118/120  nt-xent=5.2008  sigreg=0.0422
  [simclr+sigreg] epoch 119/120  nt-xent=5.1959  sigreg=0.0438
  [simclr+sigreg] epoch 120/120  nt-xent=5.1988  sigreg=0.0409
  [aircraft/lejepa] raw probe (768d)           34.3
  [aircraft/lejepa] SupCon (aug)               48.0
  [aircraft/lejepa] ss[lam5]                   38.4
  [aircraft/lejepa] supcon+hybrid (concat)     35.8
  [aircraft/lejepa] ss+hybrid (concat)         37.2

######## aircraft on VISReg ViT-B/16 (paper's weights) ########
  [supcon] epoch 1/120  loss=6.7305
  [supcon] epoch 2/120  loss=6.5004
  [supcon] epoch 3/120  loss=6.2997
  [supcon] epoch 4/120  loss=6.1236
  [supcon] epoch 5/120  loss=5.9643
  [supcon] epoch 6/120  loss=5.8557
  [supcon] epoch 7/120  loss=5.7666
  [supcon] epoch 8/120  loss=5.6931
  [supcon] epoch 9/120  loss=5.6088
  [supcon] epoch 10/120  loss=5.5194
  [supcon] epoch 11/120  loss=5.4955
  [supcon] epoch 12/120  loss=5.4402
  [supcon] epoch 13/120  loss=5.3708
  [supcon] epoch 14/120  loss=5.3356
  [supcon] epoch 15/120  loss=5.3186
  [supcon] epoch 16/120  loss=5.2777
  [supcon] epoch 17/120  loss=5.2819
  [supcon] epoch 18/120  loss=5.2171
  [supcon] epoch 19/120  loss=5.2179
  [supcon] epoch 20/120  loss=5.1487
  [supcon] epoch 21/120  loss=5.1223
  [supcon] epoch 22/120  loss=5.1147
  [supcon] epoch 23/120  loss=5.0958
  [supcon] epoch 24/120  loss=5.0567
  [supcon] epoch 25/120  loss=5.0492
  [supcon] epoch 26/120  loss=5.0373
  [supcon] epoch 27/120  loss=5.0200
  [supcon] epoch 28/120  loss=5.0041
  [supcon] epoch 29/120  loss=4.9985
  [supcon] epoch 30/120  loss=4.9498
  [supcon] epoch 31/120  loss=4.9477
  [supcon] epoch 32/120  loss=4.9457
  [supcon] epoch 33/120  loss=4.9129
  [supcon] epoch 34/120  loss=4.9134
  [supcon] epoch 35/120  loss=4.9036
  [supcon] epoch 36/120  loss=4.9037
  [supcon] epoch 37/120  loss=4.8569
  [supcon] epoch 38/120  loss=4.8403
  [supcon] epoch 39/120  loss=4.8202
  [supcon] epoch 40/120  loss=4.8300
  [supcon] epoch 41/120  loss=4.8310
  [supcon] epoch 42/120  loss=4.8164
  [supcon] epoch 43/120  loss=4.7975
  [supcon] epoch 44/120  loss=4.8009
  [supcon] epoch 45/120  loss=4.8335
  [supcon] epoch 46/120  loss=4.7658
  [supcon] epoch 47/120  loss=4.7632
  [supcon] epoch 48/120  loss=4.7450
  [supcon] epoch 49/120  loss=4.7277
  [supcon] epoch 50/120  loss=4.7649
  [supcon] epoch 51/120  loss=4.7311
  [supcon] epoch 52/120  loss=4.7154
  [supcon] epoch 53/120  loss=4.7041
  [supcon] epoch 54/120  loss=4.6840
  [supcon] epoch 55/120  loss=4.6549
  [supcon] epoch 56/120  loss=4.6763
  [supcon] epoch 57/120  loss=4.6449
  [supcon] epoch 58/120  loss=4.6464
  [supcon] epoch 59/120  loss=4.6505
  [supcon] epoch 60/120  loss=4.6243
  [supcon] epoch 61/120  loss=4.6421
  [supcon] epoch 62/120  loss=4.6335
  [supcon] epoch 63/120  loss=4.6352
  [supcon] epoch 64/120  loss=4.6061
  [supcon] epoch 65/120  loss=4.6128
  [supcon] epoch 66/120  loss=4.6277
  [supcon] epoch 67/120  loss=4.6104
  [supcon] epoch 68/120  loss=4.5852
  [supcon] epoch 69/120  loss=4.5529
  [supcon] epoch 70/120  loss=4.5661
  [supcon] epoch 71/120  loss=4.5473
  [supcon] epoch 72/120  loss=4.5794
  [supcon] epoch 73/120  loss=4.5612
  [supcon] epoch 74/120  loss=4.5406
  [supcon] epoch 75/120  loss=4.5319
  [supcon] epoch 76/120  loss=4.5328
  [supcon] epoch 77/120  loss=4.5471
  [supcon] epoch 78/120  loss=4.5539
  [supcon] epoch 79/120  loss=4.4884
  [supcon] epoch 80/120  loss=4.4912
  [supcon] epoch 81/120  loss=4.4509
  [supcon] epoch 82/120  loss=4.4619
  [supcon] epoch 83/120  loss=4.4877
  [supcon] epoch 84/120  loss=4.4724
  [supcon] epoch 85/120  loss=4.4756
  [supcon] epoch 86/120  loss=4.4622
  [supcon] epoch 87/120  loss=4.4480
  [supcon] epoch 88/120  loss=4.4363
  [supcon] epoch 89/120  loss=4.4385
  [supcon] epoch 90/120  loss=4.4546
  [supcon] epoch 91/120  loss=4.4619
  [supcon] epoch 92/120  loss=4.4142
  [supcon] epoch 93/120  loss=4.4132
  [supcon] epoch 94/120  loss=4.4095
  [supcon] epoch 95/120  loss=4.4329
  [supcon] epoch 96/120  loss=4.4282
  [supcon] epoch 97/120  loss=4.4163
  [supcon] epoch 98/120  loss=4.3976
  [supcon] epoch 99/120  loss=4.4027
  [supcon] epoch 100/120  loss=4.4075
  [supcon] epoch 101/120  loss=4.3645
  [supcon] epoch 102/120  loss=4.3977
  [supcon] epoch 103/120  loss=4.3913
  [supcon] epoch 104/120  loss=4.3780
  [supcon] epoch 105/120  loss=4.4050
  [supcon] epoch 106/120  loss=4.3745
  [supcon] epoch 107/120  loss=4.3368
  [supcon] epoch 108/120  loss=4.3487
  [supcon] epoch 109/120  loss=4.3327
  [supcon] epoch 110/120  loss=4.3319
  [supcon] epoch 111/120  loss=4.3380
  [supcon] epoch 112/120  loss=4.3113
  [supcon] epoch 113/120  loss=4.3047
  [supcon] epoch 114/120  loss=4.2894
  [supcon] epoch 115/120  loss=4.3035
  [supcon] epoch 116/120  loss=4.3251
  [supcon] epoch 117/120  loss=4.3233
  [supcon] epoch 118/120  loss=4.3139
  [supcon] epoch 119/120  loss=4.3064
  [supcon] epoch 120/120  loss=4.3161
  [supcon+sigreg] epoch 1/120  supcon=6.9029  sigreg=0.8288
  [supcon+sigreg] epoch 2/120  supcon=6.9621  sigreg=0.6504
  [supcon+sigreg] epoch 3/120  supcon=6.9647  sigreg=0.5783
  [supcon+sigreg] epoch 4/120  supcon=6.9262  sigreg=0.5098
  [supcon+sigreg] epoch 5/120  supcon=6.9162  sigreg=0.4787
  [supcon+sigreg] epoch 6/120  supcon=6.8769  sigreg=0.4392
  [supcon+sigreg] epoch 7/120  supcon=6.8239  sigreg=0.4249
  [supcon+sigreg] epoch 8/120  supcon=6.7721  sigreg=0.3880
  [supcon+sigreg] epoch 9/120  supcon=6.7214  sigreg=0.3880
  [supcon+sigreg] epoch 10/120  supcon=6.6299  sigreg=0.3718
  [supcon+sigreg] epoch 11/120  supcon=6.6142  sigreg=0.3559
  [supcon+sigreg] epoch 12/120  supcon=6.5976  sigreg=0.3265
  [supcon+sigreg] epoch 13/120  supcon=6.5499  sigreg=0.3206
  [supcon+sigreg] epoch 14/120  supcon=6.5460  sigreg=0.3095
  [supcon+sigreg] epoch 15/120  supcon=6.5234  sigreg=0.3009
  [supcon+sigreg] epoch 16/120  supcon=6.4144  sigreg=0.2851
  [supcon+sigreg] epoch 17/120  supcon=6.4649  sigreg=0.2663
  [supcon+sigreg] epoch 18/120  supcon=6.3921  sigreg=0.2547
  [supcon+sigreg] epoch 19/120  supcon=6.3400  sigreg=0.2551
  [supcon+sigreg] epoch 20/120  supcon=6.3619  sigreg=0.2481
  [supcon+sigreg] epoch 21/120  supcon=6.3477  sigreg=0.2405
  [supcon+sigreg] epoch 22/120  supcon=6.3248  sigreg=0.2348
  [supcon+sigreg] epoch 23/120  supcon=6.2949  sigreg=0.2419
  [supcon+sigreg] epoch 24/120  supcon=6.2468  sigreg=0.2324
  [supcon+sigreg] epoch 25/120  supcon=6.2583  sigreg=0.2230
  [supcon+sigreg] epoch 26/120  supcon=6.2253  sigreg=0.2111
  [supcon+sigreg] epoch 27/120  supcon=6.1916  sigreg=0.2025
  [supcon+sigreg] epoch 28/120  supcon=6.2311  sigreg=0.1971
  [supcon+sigreg] epoch 29/120  supcon=6.1605  sigreg=0.2087
  [supcon+sigreg] epoch 30/120  supcon=6.1365  sigreg=0.1938
  [supcon+sigreg] epoch 31/120  supcon=6.1276  sigreg=0.2033
  [supcon+sigreg] epoch 32/120  supcon=6.1198  sigreg=0.1954
  [supcon+sigreg] epoch 33/120  supcon=6.1007  sigreg=0.1894
  [supcon+sigreg] epoch 34/120  supcon=6.0554  sigreg=0.1877
  [supcon+sigreg] epoch 35/120  supcon=6.0409  sigreg=0.1850
  [supcon+sigreg] epoch 36/120  supcon=6.0424  sigreg=0.1836
  [supcon+sigreg] epoch 37/120  supcon=5.9870  sigreg=0.1641
  [supcon+sigreg] epoch 38/120  supcon=5.9783  sigreg=0.1813
  [supcon+sigreg] epoch 39/120  supcon=5.9670  sigreg=0.1685
  [supcon+sigreg] epoch 40/120  supcon=5.9514  sigreg=0.1610
  [supcon+sigreg] epoch 41/120  supcon=5.9455  sigreg=0.1717
  [supcon+sigreg] epoch 42/120  supcon=5.9177  sigreg=0.1701
  [supcon+sigreg] epoch 43/120  supcon=5.8975  sigreg=0.1686
  [supcon+sigreg] epoch 44/120  supcon=5.9103  sigreg=0.1718
  [supcon+sigreg] epoch 45/120  supcon=5.8784  sigreg=0.1729
  [supcon+sigreg] epoch 46/120  supcon=5.8494  sigreg=0.1656
  [supcon+sigreg] epoch 47/120  supcon=5.8541  sigreg=0.1528
  [supcon+sigreg] epoch 48/120  supcon=5.8053  sigreg=0.1519
  [supcon+sigreg] epoch 49/120  supcon=5.8371  sigreg=0.1473
  [supcon+sigreg] epoch 50/120  supcon=5.7912  sigreg=0.1536
  [supcon+sigreg] epoch 51/120  supcon=5.7961  sigreg=0.1546
  [supcon+sigreg] epoch 52/120  supcon=5.7769  sigreg=0.1546
  [supcon+sigreg] epoch 53/120  supcon=5.7517  sigreg=0.1470
  [supcon+sigreg] epoch 54/120  supcon=5.7261  sigreg=0.1528
  [supcon+sigreg] epoch 55/120  supcon=5.7262  sigreg=0.1492
  [supcon+sigreg] epoch 56/120  supcon=5.7136  sigreg=0.1483
  [supcon+sigreg] epoch 57/120  supcon=5.6935  sigreg=0.1417
  [supcon+sigreg] epoch 58/120  supcon=5.6788  sigreg=0.1370
  [supcon+sigreg] epoch 59/120  supcon=5.7123  sigreg=0.1386
  [supcon+sigreg] epoch 60/120  supcon=5.6548  sigreg=0.1411
  [supcon+sigreg] epoch 61/120  supcon=5.6445  sigreg=0.1392
  [supcon+sigreg] epoch 62/120  supcon=5.6325  sigreg=0.1318
  [supcon+sigreg] epoch 63/120  supcon=5.6245  sigreg=0.1219
  [supcon+sigreg] epoch 64/120  supcon=5.6169  sigreg=0.1252
  [supcon+sigreg] epoch 65/120  supcon=5.6028  sigreg=0.1267
  [supcon+sigreg] epoch 66/120  supcon=5.5877  sigreg=0.1342
  [supcon+sigreg] epoch 67/120  supcon=5.6260  sigreg=0.1388
  [supcon+sigreg] epoch 68/120  supcon=5.5811  sigreg=0.1407
  [supcon+sigreg] epoch 69/120  supcon=5.5779  sigreg=0.1395
  [supcon+sigreg] epoch 70/120  supcon=5.5672  sigreg=0.1354
  [supcon+sigreg] epoch 71/120  supcon=5.5058  sigreg=0.1306
  [supcon+sigreg] epoch 72/120  supcon=5.5422  sigreg=0.1243
  [supcon+sigreg] epoch 73/120  supcon=5.5092  sigreg=0.1226
  [supcon+sigreg] epoch 74/120  supcon=5.5010  sigreg=0.1213
  [supcon+sigreg] epoch 75/120  supcon=5.4715  sigreg=0.1209
  [supcon+sigreg] epoch 76/120  supcon=5.5003  sigreg=0.1149
  [supcon+sigreg] epoch 77/120  supcon=5.4688  sigreg=0.1136
  [supcon+sigreg] epoch 78/120  supcon=5.4465  sigreg=0.1277
  [supcon+sigreg] epoch 79/120  supcon=5.4585  sigreg=0.1228
  [supcon+sigreg] epoch 80/120  supcon=5.4458  sigreg=0.1288
  [supcon+sigreg] epoch 81/120  supcon=5.4377  sigreg=0.1190
  [supcon+sigreg] epoch 82/120  supcon=5.4352  sigreg=0.1189
  [supcon+sigreg] epoch 83/120  supcon=5.3889  sigreg=0.1178
  [supcon+sigreg] epoch 84/120  supcon=5.3930  sigreg=0.1103
  [supcon+sigreg] epoch 85/120  supcon=5.4048  sigreg=0.1254
  [supcon+sigreg] epoch 86/120  supcon=5.3946  sigreg=0.1350
  [supcon+sigreg] epoch 87/120  supcon=5.4089  sigreg=0.1378
  [supcon+sigreg] epoch 88/120  supcon=5.3815  sigreg=0.1237
  [supcon+sigreg] epoch 89/120  supcon=5.3767  sigreg=0.1088
  [supcon+sigreg] epoch 90/120  supcon=5.3748  sigreg=0.1187
  [supcon+sigreg] epoch 91/120  supcon=5.3512  sigreg=0.1266
  [supcon+sigreg] epoch 92/120  supcon=5.3504  sigreg=0.1116
  [supcon+sigreg] epoch 93/120  supcon=5.3162  sigreg=0.1146
  [supcon+sigreg] epoch 94/120  supcon=5.3420  sigreg=0.1179
  [supcon+sigreg] epoch 95/120  supcon=5.3110  sigreg=0.1094
  [supcon+sigreg] epoch 96/120  supcon=5.3101  sigreg=0.1062
  [supcon+sigreg] epoch 97/120  supcon=5.2996  sigreg=0.1046
  [supcon+sigreg] epoch 98/120  supcon=5.2883  sigreg=0.1100
  [supcon+sigreg] epoch 99/120  supcon=5.2986  sigreg=0.1001
  [supcon+sigreg] epoch 100/120  supcon=5.2514  sigreg=0.1048
  [supcon+sigreg] epoch 101/120  supcon=5.2707  sigreg=0.1055
  [supcon+sigreg] epoch 102/120  supcon=5.2837  sigreg=0.1081
  [supcon+sigreg] epoch 103/120  supcon=5.2547  sigreg=0.1127
  [supcon+sigreg] epoch 104/120  supcon=5.2267  sigreg=0.1071
  [supcon+sigreg] epoch 105/120  supcon=5.2372  sigreg=0.1068
  [supcon+sigreg] epoch 106/120  supcon=5.2210  sigreg=0.1076
  [supcon+sigreg] epoch 107/120  supcon=5.2469  sigreg=0.1146
  [supcon+sigreg] epoch 108/120  supcon=5.2233  sigreg=0.1171
  [supcon+sigreg] epoch 109/120  supcon=5.2385  sigreg=0.1138
  [supcon+sigreg] epoch 110/120  supcon=5.2234  sigreg=0.1029
  [supcon+sigreg] epoch 111/120  supcon=5.1966  sigreg=0.1019
  [supcon+sigreg] epoch 112/120  supcon=5.1966  sigreg=0.1015
  [supcon+sigreg] epoch 113/120  supcon=5.1765  sigreg=0.1013
  [supcon+sigreg] epoch 114/120  supcon=5.1719  sigreg=0.1031
  [supcon+sigreg] epoch 115/120  supcon=5.1691  sigreg=0.0991
  [supcon+sigreg] epoch 116/120  supcon=5.1734  sigreg=0.1133
  [supcon+sigreg] epoch 117/120  supcon=5.1518  sigreg=0.1049
  [supcon+sigreg] epoch 118/120  supcon=5.1531  sigreg=0.1014
  [supcon+sigreg] epoch 119/120  supcon=5.1352  sigreg=0.1041
  [supcon+sigreg] epoch 120/120  supcon=5.1470  sigreg=0.1029
  [simclr+sigreg] epoch 1/120  nt-xent=6.0609  sigreg=0.5113
  [simclr+sigreg] epoch 2/120  nt-xent=5.7906  sigreg=0.2930
  [simclr+sigreg] epoch 3/120  nt-xent=5.6436  sigreg=0.2275
  [simclr+sigreg] epoch 4/120  nt-xent=5.5623  sigreg=0.1757
  [simclr+sigreg] epoch 5/120  nt-xent=5.5188  sigreg=0.1629
  [simclr+sigreg] epoch 6/120  nt-xent=5.4901  sigreg=0.1501
  [simclr+sigreg] epoch 7/120  nt-xent=5.4792  sigreg=0.1412
  [simclr+sigreg] epoch 8/120  nt-xent=5.4430  sigreg=0.1421
  [simclr+sigreg] epoch 9/120  nt-xent=5.4191  sigreg=0.1198
  [simclr+sigreg] epoch 10/120  nt-xent=5.4077  sigreg=0.1206
  [simclr+sigreg] epoch 11/120  nt-xent=5.3923  sigreg=0.1110
  [simclr+sigreg] epoch 12/120  nt-xent=5.3785  sigreg=0.1038
  [simclr+sigreg] epoch 13/120  nt-xent=5.3640  sigreg=0.0973
  [simclr+sigreg] epoch 14/120  nt-xent=5.3619  sigreg=0.1011
  [simclr+sigreg] epoch 15/120  nt-xent=5.3586  sigreg=0.1007
  [simclr+sigreg] epoch 16/120  nt-xent=5.3395  sigreg=0.0920
  [simclr+sigreg] epoch 17/120  nt-xent=5.3307  sigreg=0.0869
  [simclr+sigreg] epoch 18/120  nt-xent=5.3252  sigreg=0.0822
  [simclr+sigreg] epoch 19/120  nt-xent=5.3200  sigreg=0.0843
  [simclr+sigreg] epoch 20/120  nt-xent=5.3181  sigreg=0.0874
  [simclr+sigreg] epoch 21/120  nt-xent=5.3138  sigreg=0.0825
  [simclr+sigreg] epoch 22/120  nt-xent=5.3123  sigreg=0.0844
  [simclr+sigreg] epoch 23/120  nt-xent=5.3053  sigreg=0.0809
  [simclr+sigreg] epoch 24/120  nt-xent=5.3024  sigreg=0.0798
  [simclr+sigreg] epoch 25/120  nt-xent=5.2965  sigreg=0.0765
  [simclr+sigreg] epoch 26/120  nt-xent=5.2942  sigreg=0.0757
  [simclr+sigreg] epoch 27/120  nt-xent=5.2911  sigreg=0.0776
  [simclr+sigreg] epoch 28/120  nt-xent=5.2945  sigreg=0.0808
  [simclr+sigreg] epoch 29/120  nt-xent=5.2946  sigreg=0.0842
  [simclr+sigreg] epoch 30/120  nt-xent=5.2882  sigreg=0.0758
  [simclr+sigreg] epoch 31/120  nt-xent=5.2787  sigreg=0.0742
  [simclr+sigreg] epoch 32/120  nt-xent=5.2764  sigreg=0.0667
  [simclr+sigreg] epoch 33/120  nt-xent=5.2695  sigreg=0.0645
  [simclr+sigreg] epoch 34/120  nt-xent=5.2659  sigreg=0.0653
  [simclr+sigreg] epoch 35/120  nt-xent=5.2702  sigreg=0.0720
  [simclr+sigreg] epoch 36/120  nt-xent=5.2720  sigreg=0.0765
  [simclr+sigreg] epoch 37/120  nt-xent=5.2638  sigreg=0.0738
  [simclr+sigreg] epoch 38/120  nt-xent=5.2567  sigreg=0.0680
  [simclr+sigreg] epoch 39/120  nt-xent=5.2547  sigreg=0.0630
  [simclr+sigreg] epoch 40/120  nt-xent=5.2522  sigreg=0.0606
  [simclr+sigreg] epoch 41/120  nt-xent=5.2511  sigreg=0.0665
  [simclr+sigreg] epoch 42/120  nt-xent=5.2477  sigreg=0.0630
  [simclr+sigreg] epoch 43/120  nt-xent=5.2422  sigreg=0.0611
  [simclr+sigreg] epoch 44/120  nt-xent=5.2456  sigreg=0.0618
  [simclr+sigreg] epoch 45/120  nt-xent=5.2405  sigreg=0.0606
  [simclr+sigreg] epoch 46/120  nt-xent=5.2397  sigreg=0.0572
  [simclr+sigreg] epoch 47/120  nt-xent=5.2328  sigreg=0.0551
  [simclr+sigreg] epoch 48/120  nt-xent=5.2368  sigreg=0.0577
  [simclr+sigreg] epoch 49/120  nt-xent=5.2363  sigreg=0.0636
  [simclr+sigreg] epoch 50/120  nt-xent=5.2301  sigreg=0.0600
  [simclr+sigreg] epoch 51/120  nt-xent=5.2362  sigreg=0.0622
  [simclr+sigreg] epoch 52/120  nt-xent=5.2311  sigreg=0.0599
  [simclr+sigreg] epoch 53/120  nt-xent=5.2291  sigreg=0.0595
  [simclr+sigreg] epoch 54/120  nt-xent=5.2249  sigreg=0.0565
  [simclr+sigreg] epoch 55/120  nt-xent=5.2189  sigreg=0.0532
  [simclr+sigreg] epoch 56/120  nt-xent=5.2212  sigreg=0.0542
  [simclr+sigreg] epoch 57/120  nt-xent=5.2243  sigreg=0.0524
  [simclr+sigreg] epoch 58/120  nt-xent=5.2166  sigreg=0.0525
  [simclr+sigreg] epoch 59/120  nt-xent=5.2217  sigreg=0.0553
  [simclr+sigreg] epoch 60/120  nt-xent=5.2187  sigreg=0.0539
  [simclr+sigreg] epoch 61/120  nt-xent=5.2162  sigreg=0.0536
  [simclr+sigreg] epoch 62/120  nt-xent=5.2205  sigreg=0.0515
  [simclr+sigreg] epoch 63/120  nt-xent=5.2158  sigreg=0.0493
  [simclr+sigreg] epoch 64/120  nt-xent=5.2148  sigreg=0.0502
  [simclr+sigreg] epoch 65/120  nt-xent=5.2115  sigreg=0.0497
  [simclr+sigreg] epoch 66/120  nt-xent=5.2099  sigreg=0.0503
  [simclr+sigreg] epoch 67/120  nt-xent=5.2076  sigreg=0.0474
  [simclr+sigreg] epoch 68/120  nt-xent=5.2073  sigreg=0.0483
  [simclr+sigreg] epoch 69/120  nt-xent=5.2046  sigreg=0.0483
  [simclr+sigreg] epoch 70/120  nt-xent=5.2078  sigreg=0.0496
  [simclr+sigreg] epoch 71/120  nt-xent=5.2083  sigreg=0.0530
  [simclr+sigreg] epoch 72/120  nt-xent=5.2052  sigreg=0.0526
  [simclr+sigreg] epoch 73/120  nt-xent=5.2014  sigreg=0.0483
  [simclr+sigreg] epoch 74/120  nt-xent=5.2041  sigreg=0.0500
  [simclr+sigreg] epoch 75/120  nt-xent=5.2000  sigreg=0.0488
  [simclr+sigreg] epoch 76/120  nt-xent=5.2014  sigreg=0.0452
  [simclr+sigreg] epoch 77/120  nt-xent=5.2014  sigreg=0.0470
  [simclr+sigreg] epoch 78/120  nt-xent=5.1998  sigreg=0.0468
  [simclr+sigreg] epoch 79/120  nt-xent=5.2011  sigreg=0.0471
  [simclr+sigreg] epoch 80/120  nt-xent=5.1975  sigreg=0.0482
  [simclr+sigreg] epoch 81/120  nt-xent=5.1985  sigreg=0.0474
  [simclr+sigreg] epoch 82/120  nt-xent=5.1971  sigreg=0.0415
  [simclr+sigreg] epoch 83/120  nt-xent=5.1941  sigreg=0.0431
  [simclr+sigreg] epoch 84/120  nt-xent=5.2013  sigreg=0.0501
  [simclr+sigreg] epoch 85/120  nt-xent=5.2033  sigreg=0.0506
  [simclr+sigreg] epoch 86/120  nt-xent=5.2064  sigreg=0.0523
  [simclr+sigreg] epoch 87/120  nt-xent=5.1999  sigreg=0.0502
  [simclr+sigreg] epoch 88/120  nt-xent=5.1934  sigreg=0.0455
  [simclr+sigreg] epoch 89/120  nt-xent=5.1924  sigreg=0.0453
  [simclr+sigreg] epoch 90/120  nt-xent=5.1916  sigreg=0.0442
  [simclr+sigreg] epoch 91/120  nt-xent=5.1874  sigreg=0.0425
  [simclr+sigreg] epoch 92/120  nt-xent=5.1886  sigreg=0.0424
  [simclr+sigreg] epoch 93/120  nt-xent=5.1945  sigreg=0.0475
  [simclr+sigreg] epoch 94/120  nt-xent=5.1913  sigreg=0.0479
  [simclr+sigreg] epoch 95/120  nt-xent=5.1913  sigreg=0.0476
  [simclr+sigreg] epoch 96/120  nt-xent=5.1887  sigreg=0.0451
  [simclr+sigreg] epoch 97/120  nt-xent=5.1897  sigreg=0.0441
  [simclr+sigreg] epoch 98/120  nt-xent=5.1875  sigreg=0.0425
  [simclr+sigreg] epoch 99/120  nt-xent=5.1862  sigreg=0.0420
  [simclr+sigreg] epoch 100/120  nt-xent=5.1837  sigreg=0.0418
  [simclr+sigreg] epoch 101/120  nt-xent=5.1886  sigreg=0.0460
  [simclr+sigreg] epoch 102/120  nt-xent=5.1867  sigreg=0.0431
  [simclr+sigreg] epoch 103/120  nt-xent=5.1807  sigreg=0.0433
  [simclr+sigreg] epoch 104/120  nt-xent=5.1826  sigreg=0.0439
  [simclr+sigreg] epoch 105/120  nt-xent=5.1783  sigreg=0.0396
  [simclr+sigreg] epoch 106/120  nt-xent=5.1783  sigreg=0.0427
  [simclr+sigreg] epoch 107/120  nt-xent=5.1804  sigreg=0.0431
  [simclr+sigreg] epoch 108/120  nt-xent=5.1809  sigreg=0.0433
  [simclr+sigreg] epoch 109/120  nt-xent=5.1795  sigreg=0.0422
  [simclr+sigreg] epoch 110/120  nt-xent=5.1772  sigreg=0.0396
  [simclr+sigreg] epoch 111/120  nt-xent=5.1757  sigreg=0.0395
  [simclr+sigreg] epoch 112/120  nt-xent=5.1744  sigreg=0.0408
  [simclr+sigreg] epoch 113/120  nt-xent=5.1754  sigreg=0.0387
  [simclr+sigreg] epoch 114/120  nt-xent=5.1745  sigreg=0.0394
  [simclr+sigreg] epoch 115/120  nt-xent=5.1777  sigreg=0.0424
  [simclr+sigreg] epoch 116/120  nt-xent=5.1731  sigreg=0.0385
  [simclr+sigreg] epoch 117/120  nt-xent=5.1721  sigreg=0.0408
  [simclr+sigreg] epoch 118/120  nt-xent=5.1708  sigreg=0.0401
  [simclr+sigreg] epoch 119/120  nt-xent=5.1661  sigreg=0.0419
  [simclr+sigreg] epoch 120/120  nt-xent=5.1719  sigreg=0.0407
  [aircraft/visreg] raw probe (768d)           37.9
  [aircraft/visreg] SupCon (aug)               52.4
  [aircraft/visreg] ss[lam5]                   37.8
  [aircraft/visreg] supcon+hybrid (concat)     45.5
  [aircraft/visreg] ss+hybrid (concat)         37.0

######## cars on DINO ViT-B/16 ########
  [supcon] epoch 1/120  loss=5.4312
  [supcon] epoch 2/120  loss=4.9152
  [supcon] epoch 3/120  loss=4.6765
  [supcon] epoch 4/120  loss=4.4912
  [supcon] epoch 5/120  loss=4.3807
  [supcon] epoch 6/120  loss=4.2727
  [supcon] epoch 7/120  loss=4.1934
  [supcon] epoch 8/120  loss=4.1161
  [supcon] epoch 9/120  loss=4.0421
  [supcon] epoch 10/120  loss=3.9825
  [supcon] epoch 11/120  loss=3.9095
  [supcon] epoch 12/120  loss=3.8717
  [supcon] epoch 13/120  loss=3.8200
  [supcon] epoch 14/120  loss=3.7582
  [supcon] epoch 15/120  loss=3.7093
  [supcon] epoch 16/120  loss=3.6928
  [supcon] epoch 17/120  loss=3.6473
  [supcon] epoch 18/120  loss=3.6014
  [supcon] epoch 19/120  loss=3.5814
  [supcon] epoch 20/120  loss=3.5261
  [supcon] epoch 21/120  loss=3.4970
  [supcon] epoch 22/120  loss=3.4585
  [supcon] epoch 23/120  loss=3.4149
  [supcon] epoch 24/120  loss=3.3962
  [supcon] epoch 25/120  loss=3.3373
  [supcon] epoch 26/120  loss=3.3107
  [supcon] epoch 27/120  loss=3.2979
  [supcon] epoch 28/120  loss=3.2847
  [supcon] epoch 29/120  loss=3.2374
  [supcon] epoch 30/120  loss=3.1956
  [supcon] epoch 31/120  loss=3.1827
  [supcon] epoch 32/120  loss=3.1574
  [supcon] epoch 33/120  loss=3.1358
  [supcon] epoch 34/120  loss=3.0968
  [supcon] epoch 35/120  loss=3.0756
  [supcon] epoch 36/120  loss=3.0431
  [supcon] epoch 37/120  loss=3.0335
  [supcon] epoch 38/120  loss=2.9954
  [supcon] epoch 39/120  loss=2.9883
  [supcon] epoch 40/120  loss=2.9704
  [supcon] epoch 41/120  loss=2.9473
  [supcon] epoch 42/120  loss=2.9277
  [supcon] epoch 43/120  loss=2.9073
  [supcon] epoch 44/120  loss=2.8947
  [supcon] epoch 45/120  loss=2.8768
  [supcon] epoch 46/120  loss=2.8432
  [supcon] epoch 47/120  loss=2.8292
  [supcon] epoch 48/120  loss=2.8157
  [supcon] epoch 49/120  loss=2.7922
  [supcon] epoch 50/120  loss=2.7793
  [supcon] epoch 51/120  loss=2.7657
  [supcon] epoch 52/120  loss=2.7591
  [supcon] epoch 53/120  loss=2.7278
  [supcon] epoch 54/120  loss=2.7146
  [supcon] epoch 55/120  loss=2.7059
  [supcon] epoch 56/120  loss=2.6951
  [supcon] epoch 57/120  loss=2.6733
  [supcon] epoch 58/120  loss=2.6653
  [supcon] epoch 59/120  loss=2.6442
  [supcon] epoch 60/120  loss=2.6490
  [supcon] epoch 61/120  loss=2.6182
  [supcon] epoch 62/120  loss=2.6115
  [supcon] epoch 63/120  loss=2.6036
  [supcon] epoch 64/120  loss=2.5874
  [supcon] epoch 65/120  loss=2.5577
  [supcon] epoch 66/120  loss=2.5423
  [supcon] epoch 67/120  loss=2.5403
  [supcon] epoch 68/120  loss=2.5477
  [supcon] epoch 69/120  loss=2.5296
  [supcon] epoch 70/120  loss=2.5175
  [supcon] epoch 71/120  loss=2.4931
  [supcon] epoch 72/120  loss=2.4973
  [supcon] epoch 73/120  loss=2.4860
  [supcon] epoch 74/120  loss=2.4930
  [supcon] epoch 75/120  loss=2.4692
  [supcon] epoch 76/120  loss=2.4689
  [supcon] epoch 77/120  loss=2.4414
  [supcon] epoch 78/120  loss=2.4388
  [supcon] epoch 79/120  loss=2.4258
  [supcon] epoch 80/120  loss=2.4265
  [supcon] epoch 81/120  loss=2.4141
  [supcon] epoch 82/120  loss=2.3927
  [supcon] epoch 83/120  loss=2.3730
  [supcon] epoch 84/120  loss=2.3666
  [supcon] epoch 85/120  loss=2.3641
  [supcon] epoch 86/120  loss=2.3613
  [supcon] epoch 87/120  loss=2.3539
  [supcon] epoch 88/120  loss=2.3521
  [supcon] epoch 89/120  loss=2.3298
  [supcon] epoch 90/120  loss=2.3389
  [supcon] epoch 91/120  loss=2.3189
  [supcon] epoch 92/120  loss=2.3100
  [supcon] epoch 93/120  loss=2.2992
  [supcon] epoch 94/120  loss=2.2940
  [supcon] epoch 95/120  loss=2.2862
  [supcon] epoch 96/120  loss=2.2902
  [supcon] epoch 97/120  loss=2.3010
  [supcon] epoch 98/120  loss=2.2963
  [supcon] epoch 99/120  loss=2.2761
  [supcon] epoch 100/120  loss=2.2677
  [supcon] epoch 101/120  loss=2.2589
  [supcon] epoch 102/120  loss=2.2647
  [supcon] epoch 103/120  loss=2.2419
  [supcon] epoch 104/120  loss=2.2507
  [supcon] epoch 105/120  loss=2.2539
  [supcon] epoch 106/120  loss=2.2182
  [supcon] epoch 107/120  loss=2.2281
  [supcon] epoch 108/120  loss=2.2188
  [supcon] epoch 109/120  loss=2.2016
  [supcon] epoch 110/120  loss=2.2202
  [supcon] epoch 111/120  loss=2.1973
  [supcon] epoch 112/120  loss=2.2044
  [supcon] epoch 113/120  loss=2.1851
  [supcon] epoch 114/120  loss=2.1872
  [supcon] epoch 115/120  loss=2.1770
  [supcon] epoch 116/120  loss=2.1673
  [supcon] epoch 117/120  loss=2.1495
  [supcon] epoch 118/120  loss=2.1746
  [supcon] epoch 119/120  loss=2.1455
  [supcon] epoch 120/120  loss=2.1479
  [supcon+sigreg] epoch 1/120  supcon=6.0452  sigreg=0.4703
  [supcon+sigreg] epoch 2/120  supcon=5.8040  sigreg=0.2276
  [supcon+sigreg] epoch 3/120  supcon=5.5686  sigreg=0.1773
  [supcon+sigreg] epoch 4/120  supcon=5.4019  sigreg=0.1433
  [supcon+sigreg] epoch 5/120  supcon=5.2875  sigreg=0.1285
  [supcon+sigreg] epoch 6/120  supcon=5.1639  sigreg=0.1175
  [supcon+sigreg] epoch 7/120  supcon=5.0195  sigreg=0.1014
  [supcon+sigreg] epoch 8/120  supcon=4.9518  sigreg=0.1000
  [supcon+sigreg] epoch 9/120  supcon=4.8562  sigreg=0.0986
  [supcon+sigreg] epoch 10/120  supcon=4.7885  sigreg=0.0944
  [supcon+sigreg] epoch 11/120  supcon=4.7375  sigreg=0.0849
  [supcon+sigreg] epoch 12/120  supcon=4.6710  sigreg=0.0895
  [supcon+sigreg] epoch 13/120  supcon=4.6119  sigreg=0.0899
  [supcon+sigreg] epoch 14/120  supcon=4.5683  sigreg=0.0797
  [supcon+sigreg] epoch 15/120  supcon=4.5118  sigreg=0.0721
  [supcon+sigreg] epoch 16/120  supcon=4.4917  sigreg=0.0683
  [supcon+sigreg] epoch 17/120  supcon=4.4309  sigreg=0.0742
  [supcon+sigreg] epoch 18/120  supcon=4.4168  sigreg=0.0717
  [supcon+sigreg] epoch 19/120  supcon=4.3446  sigreg=0.0720
  [supcon+sigreg] epoch 20/120  supcon=4.3067  sigreg=0.0631
  [supcon+sigreg] epoch 21/120  supcon=4.2736  sigreg=0.0674
  [supcon+sigreg] epoch 22/120  supcon=4.2582  sigreg=0.0679
  [supcon+sigreg] epoch 23/120  supcon=4.2176  sigreg=0.0633
  [supcon+sigreg] epoch 24/120  supcon=4.1828  sigreg=0.0590
  [supcon+sigreg] epoch 25/120  supcon=4.1269  sigreg=0.0574
  [supcon+sigreg] epoch 26/120  supcon=4.1094  sigreg=0.0521
  [supcon+sigreg] epoch 27/120  supcon=4.0703  sigreg=0.0516
  [supcon+sigreg] epoch 28/120  supcon=4.0582  sigreg=0.0541
  [supcon+sigreg] epoch 29/120  supcon=4.0220  sigreg=0.0530
  [supcon+sigreg] epoch 30/120  supcon=3.9719  sigreg=0.0497
  [supcon+sigreg] epoch 31/120  supcon=3.9587  sigreg=0.0491
  [supcon+sigreg] epoch 32/120  supcon=3.9235  sigreg=0.0477
  [supcon+sigreg] epoch 33/120  supcon=3.8930  sigreg=0.0480
  [supcon+sigreg] epoch 34/120  supcon=3.8654  sigreg=0.0479
  [supcon+sigreg] epoch 35/120  supcon=3.8483  sigreg=0.0479
  [supcon+sigreg] epoch 36/120  supcon=3.8325  sigreg=0.0485
  [supcon+sigreg] epoch 37/120  supcon=3.8143  sigreg=0.0502
  [supcon+sigreg] epoch 38/120  supcon=3.7973  sigreg=0.0480
  [supcon+sigreg] epoch 39/120  supcon=3.7614  sigreg=0.0485
  [supcon+sigreg] epoch 40/120  supcon=3.7243  sigreg=0.0516
  [supcon+sigreg] epoch 41/120  supcon=3.7185  sigreg=0.0514
  [supcon+sigreg] epoch 42/120  supcon=3.7069  sigreg=0.0481
  [supcon+sigreg] epoch 43/120  supcon=3.6483  sigreg=0.0485
  [supcon+sigreg] epoch 44/120  supcon=3.6320  sigreg=0.0424
  [supcon+sigreg] epoch 45/120  supcon=3.6184  sigreg=0.0417
  [supcon+sigreg] epoch 46/120  supcon=3.6018  sigreg=0.0443
  [supcon+sigreg] epoch 47/120  supcon=3.5851  sigreg=0.0468
  [supcon+sigreg] epoch 48/120  supcon=3.5484  sigreg=0.0426
  [supcon+sigreg] epoch 49/120  supcon=3.5394  sigreg=0.0419
  [supcon+sigreg] epoch 50/120  supcon=3.5333  sigreg=0.0416
  [supcon+sigreg] epoch 51/120  supcon=3.5088  sigreg=0.0418
  [supcon+sigreg] epoch 52/120  supcon=3.4745  sigreg=0.0411
  [supcon+sigreg] epoch 53/120  supcon=3.4676  sigreg=0.0386
  [supcon+sigreg] epoch 54/120  supcon=3.4513  sigreg=0.0377
  [supcon+sigreg] epoch 55/120  supcon=3.4284  sigreg=0.0376
  [supcon+sigreg] epoch 56/120  supcon=3.4331  sigreg=0.0400
  [supcon+sigreg] epoch 57/120  supcon=3.4005  sigreg=0.0403
  [supcon+sigreg] epoch 58/120  supcon=3.3841  sigreg=0.0384
  [supcon+sigreg] epoch 59/120  supcon=3.3724  sigreg=0.0380
  [supcon+sigreg] epoch 60/120  supcon=3.3519  sigreg=0.0378
  [supcon+sigreg] epoch 61/120  supcon=3.3635  sigreg=0.0414
  [supcon+sigreg] epoch 62/120  supcon=3.3240  sigreg=0.0381
  [supcon+sigreg] epoch 63/120  supcon=3.3057  sigreg=0.0358
  [supcon+sigreg] epoch 64/120  supcon=3.2868  sigreg=0.0346
  [supcon+sigreg] epoch 65/120  supcon=3.2604  sigreg=0.0361
  [supcon+sigreg] epoch 66/120  supcon=3.2703  sigreg=0.0387
  [supcon+sigreg] epoch 67/120  supcon=3.2401  sigreg=0.0357
  [supcon+sigreg] epoch 68/120  supcon=3.2215  sigreg=0.0322
  [supcon+sigreg] epoch 69/120  supcon=3.2133  sigreg=0.0353
  [supcon+sigreg] epoch 70/120  supcon=3.2258  sigreg=0.0350
  [supcon+sigreg] epoch 71/120  supcon=3.1913  sigreg=0.0379
  [supcon+sigreg] epoch 72/120  supcon=3.1800  sigreg=0.0340
  [supcon+sigreg] epoch 73/120  supcon=3.1610  sigreg=0.0357
  [supcon+sigreg] epoch 74/120  supcon=3.1459  sigreg=0.0366
  [supcon+sigreg] epoch 75/120  supcon=3.1403  sigreg=0.0350
  [supcon+sigreg] epoch 76/120  supcon=3.1337  sigreg=0.0362
  [supcon+sigreg] epoch 77/120  supcon=3.1160  sigreg=0.0343
  [supcon+sigreg] epoch 78/120  supcon=3.1058  sigreg=0.0316
  [supcon+sigreg] epoch 79/120  supcon=3.0889  sigreg=0.0336
  [supcon+sigreg] epoch 80/120  supcon=3.0697  sigreg=0.0327
  [supcon+sigreg] epoch 81/120  supcon=3.0575  sigreg=0.0308
  [supcon+sigreg] epoch 82/120  supcon=3.0646  sigreg=0.0352
  [supcon+sigreg] epoch 83/120  supcon=3.0437  sigreg=0.0309
  [supcon+sigreg] epoch 84/120  supcon=3.0339  sigreg=0.0329
  [supcon+sigreg] epoch 85/120  supcon=3.0206  sigreg=0.0321
  [supcon+sigreg] epoch 86/120  supcon=3.0132  sigreg=0.0310
  [supcon+sigreg] epoch 87/120  supcon=3.0156  sigreg=0.0342
  [supcon+sigreg] epoch 88/120  supcon=2.9956  sigreg=0.0356
  [supcon+sigreg] epoch 89/120  supcon=2.9774  sigreg=0.0325
  [supcon+sigreg] epoch 90/120  supcon=2.9604  sigreg=0.0322
  [supcon+sigreg] epoch 91/120  supcon=2.9617  sigreg=0.0318
  [supcon+sigreg] epoch 92/120  supcon=2.9431  sigreg=0.0328
  [supcon+sigreg] epoch 93/120  supcon=2.9457  sigreg=0.0316
  [supcon+sigreg] epoch 94/120  supcon=2.9224  sigreg=0.0318
  [supcon+sigreg] epoch 95/120  supcon=2.9025  sigreg=0.0322
  [supcon+sigreg] epoch 96/120  supcon=2.9212  sigreg=0.0337
  [supcon+sigreg] epoch 97/120  supcon=2.9061  sigreg=0.0335
  [supcon+sigreg] epoch 98/120  supcon=2.9038  sigreg=0.0307
  [supcon+sigreg] epoch 99/120  supcon=2.8815  sigreg=0.0326
  [supcon+sigreg] epoch 100/120  supcon=2.8767  sigreg=0.0312
  [supcon+sigreg] epoch 101/120  supcon=2.8515  sigreg=0.0314
  [supcon+sigreg] epoch 102/120  supcon=2.8407  sigreg=0.0306
  [supcon+sigreg] epoch 103/120  supcon=2.8398  sigreg=0.0308
  [supcon+sigreg] epoch 104/120  supcon=2.8556  sigreg=0.0329
  [supcon+sigreg] epoch 105/120  supcon=2.8289  sigreg=0.0314
  [supcon+sigreg] epoch 106/120  supcon=2.8117  sigreg=0.0286
  [supcon+sigreg] epoch 107/120  supcon=2.8279  sigreg=0.0285
  [supcon+sigreg] epoch 108/120  supcon=2.8080  sigreg=0.0323
  [supcon+sigreg] epoch 109/120  supcon=2.7910  sigreg=0.0294
  [supcon+sigreg] epoch 110/120  supcon=2.7826  sigreg=0.0294
  [supcon+sigreg] epoch 111/120  supcon=2.7803  sigreg=0.0325
  [supcon+sigreg] epoch 112/120  supcon=2.7823  sigreg=0.0315
  [supcon+sigreg] epoch 113/120  supcon=2.7591  sigreg=0.0322
  [supcon+sigreg] epoch 114/120  supcon=2.7525  sigreg=0.0302
  [supcon+sigreg] epoch 115/120  supcon=2.7598  sigreg=0.0299
  [supcon+sigreg] epoch 116/120  supcon=2.7462  sigreg=0.0289
  [supcon+sigreg] epoch 117/120  supcon=2.7218  sigreg=0.0304
  [supcon+sigreg] epoch 118/120  supcon=2.7187  sigreg=0.0299
  [supcon+sigreg] epoch 119/120  supcon=2.7130  sigreg=0.0288
  [supcon+sigreg] epoch 120/120  supcon=2.7243  sigreg=0.0300
  [simclr+sigreg] epoch 1/120  nt-xent=5.9316  sigreg=0.3511
  [simclr+sigreg] epoch 2/120  nt-xent=5.5639  sigreg=0.1427
  [simclr+sigreg] epoch 3/120  nt-xent=5.4304  sigreg=0.0921
  [simclr+sigreg] epoch 4/120  nt-xent=5.3676  sigreg=0.0700
  [simclr+sigreg] epoch 5/120  nt-xent=5.3421  sigreg=0.0635
  [simclr+sigreg] epoch 6/120  nt-xent=5.3194  sigreg=0.0583
  [simclr+sigreg] epoch 7/120  nt-xent=5.3121  sigreg=0.0593
  [simclr+sigreg] epoch 8/120  nt-xent=5.2969  sigreg=0.0575
  [simclr+sigreg] epoch 9/120  nt-xent=5.2894  sigreg=0.0569
  [simclr+sigreg] epoch 10/120  nt-xent=5.2745  sigreg=0.0487
  [simclr+sigreg] epoch 11/120  nt-xent=5.2606  sigreg=0.0493
  [simclr+sigreg] epoch 12/120  nt-xent=5.2552  sigreg=0.0433
  [simclr+sigreg] epoch 13/120  nt-xent=5.2472  sigreg=0.0445
  [simclr+sigreg] epoch 14/120  nt-xent=5.2471  sigreg=0.0465
  [simclr+sigreg] epoch 15/120  nt-xent=5.2360  sigreg=0.0416
  [simclr+sigreg] epoch 16/120  nt-xent=5.2341  sigreg=0.0385
  [simclr+sigreg] epoch 17/120  nt-xent=5.2288  sigreg=0.0382
  [simclr+sigreg] epoch 18/120  nt-xent=5.2248  sigreg=0.0389
  [simclr+sigreg] epoch 19/120  nt-xent=5.2152  sigreg=0.0353
  [simclr+sigreg] epoch 20/120  nt-xent=5.2150  sigreg=0.0342
  [simclr+sigreg] epoch 21/120  nt-xent=5.2118  sigreg=0.0344
  [simclr+sigreg] epoch 22/120  nt-xent=5.2064  sigreg=0.0354
  [simclr+sigreg] epoch 23/120  nt-xent=5.2103  sigreg=0.0373
  [simclr+sigreg] epoch 24/120  nt-xent=5.2075  sigreg=0.0371
  [simclr+sigreg] epoch 25/120  nt-xent=5.2055  sigreg=0.0379
  [simclr+sigreg] epoch 26/120  nt-xent=5.2025  sigreg=0.0380
  [simclr+sigreg] epoch 27/120  nt-xent=5.1984  sigreg=0.0340
  [simclr+sigreg] epoch 28/120  nt-xent=5.1905  sigreg=0.0307
  [simclr+sigreg] epoch 29/120  nt-xent=5.1884  sigreg=0.0320
  [simclr+sigreg] epoch 30/120  nt-xent=5.1871  sigreg=0.0311
  [simclr+sigreg] epoch 31/120  nt-xent=5.1862  sigreg=0.0304
  [simclr+sigreg] epoch 32/120  nt-xent=5.1852  sigreg=0.0301
  [simclr+sigreg] epoch 33/120  nt-xent=5.1826  sigreg=0.0310
  [simclr+sigreg] epoch 34/120  nt-xent=5.1789  sigreg=0.0294
  [simclr+sigreg] epoch 35/120  nt-xent=5.1792  sigreg=0.0299
  [simclr+sigreg] epoch 36/120  nt-xent=5.1767  sigreg=0.0302
  [simclr+sigreg] epoch 37/120  nt-xent=5.1759  sigreg=0.0311
  [simclr+sigreg] epoch 38/120  nt-xent=5.1752  sigreg=0.0288
  [simclr+sigreg] epoch 39/120  nt-xent=5.1716  sigreg=0.0289
  [simclr+sigreg] epoch 40/120  nt-xent=5.1758  sigreg=0.0303
  [simclr+sigreg] epoch 41/120  nt-xent=5.1702  sigreg=0.0294
  [simclr+sigreg] epoch 42/120  nt-xent=5.1680  sigreg=0.0286
  [simclr+sigreg] epoch 43/120  nt-xent=5.1681  sigreg=0.0300
  [simclr+sigreg] epoch 44/120  nt-xent=5.1689  sigreg=0.0298
  [simclr+sigreg] epoch 45/120  nt-xent=5.1634  sigreg=0.0272
  [simclr+sigreg] epoch 46/120  nt-xent=5.1621  sigreg=0.0278
  [simclr+sigreg] epoch 47/120  nt-xent=5.1601  sigreg=0.0276
  [simclr+sigreg] epoch 48/120  nt-xent=5.1598  sigreg=0.0257
  [simclr+sigreg] epoch 49/120  nt-xent=5.1590  sigreg=0.0259
  [simclr+sigreg] epoch 50/120  nt-xent=5.1567  sigreg=0.0253
  [simclr+sigreg] epoch 51/120  nt-xent=5.1544  sigreg=0.0253
  [simclr+sigreg] epoch 52/120  nt-xent=5.1513  sigreg=0.0238
  [simclr+sigreg] epoch 53/120  nt-xent=5.1523  sigreg=0.0249
  [simclr+sigreg] epoch 54/120  nt-xent=5.1496  sigreg=0.0239
  [simclr+sigreg] epoch 55/120  nt-xent=5.1514  sigreg=0.0249
  [simclr+sigreg] epoch 56/120  nt-xent=5.1531  sigreg=0.0265
  [simclr+sigreg] epoch 57/120  nt-xent=5.1507  sigreg=0.0242
  [simclr+sigreg] epoch 58/120  nt-xent=5.1493  sigreg=0.0241
  [simclr+sigreg] epoch 59/120  nt-xent=5.1453  sigreg=0.0238
  [simclr+sigreg] epoch 60/120  nt-xent=5.1476  sigreg=0.0253
  [simclr+sigreg] epoch 61/120  nt-xent=5.1442  sigreg=0.0245
  [simclr+sigreg] epoch 62/120  nt-xent=5.1443  sigreg=0.0241
  [simclr+sigreg] epoch 63/120  nt-xent=5.1453  sigreg=0.0238
  [simclr+sigreg] epoch 64/120  nt-xent=5.1490  sigreg=0.0248
  [simclr+sigreg] epoch 65/120  nt-xent=5.1453  sigreg=0.0234
  [simclr+sigreg] epoch 66/120  nt-xent=5.1418  sigreg=0.0242
  [simclr+sigreg] epoch 67/120  nt-xent=5.1422  sigreg=0.0251
  [simclr+sigreg] epoch 68/120  nt-xent=5.1398  sigreg=0.0240
  [simclr+sigreg] epoch 69/120  nt-xent=5.1387  sigreg=0.0228
  [simclr+sigreg] epoch 70/120  nt-xent=5.1381  sigreg=0.0224
  [simclr+sigreg] epoch 71/120  nt-xent=5.1334  sigreg=0.0218
  [simclr+sigreg] epoch 72/120  nt-xent=5.1363  sigreg=0.0224
  [simclr+sigreg] epoch 73/120  nt-xent=5.1391  sigreg=0.0236
  [simclr+sigreg] epoch 74/120  nt-xent=5.1419  sigreg=0.0249
  [simclr+sigreg] epoch 75/120  nt-xent=5.1356  sigreg=0.0224
  [simclr+sigreg] epoch 76/120  nt-xent=5.1325  sigreg=0.0220
  [simclr+sigreg] epoch 77/120  nt-xent=5.1318  sigreg=0.0217
  [simclr+sigreg] epoch 78/120  nt-xent=5.1332  sigreg=0.0238
  [simclr+sigreg] epoch 79/120  nt-xent=5.1328  sigreg=0.0226
  [simclr+sigreg] epoch 80/120  nt-xent=5.1337  sigreg=0.0214
  [simclr+sigreg] epoch 81/120  nt-xent=5.1300  sigreg=0.0213
  [simclr+sigreg] epoch 82/120  nt-xent=5.1279  sigreg=0.0216
  [simclr+sigreg] epoch 83/120  nt-xent=5.1309  sigreg=0.0209
  [simclr+sigreg] epoch 84/120  nt-xent=5.1281  sigreg=0.0210
  [simclr+sigreg] epoch 85/120  nt-xent=5.1275  sigreg=0.0206
  [simclr+sigreg] epoch 86/120  nt-xent=5.1264  sigreg=0.0206
  [simclr+sigreg] epoch 87/120  nt-xent=5.1255  sigreg=0.0222
  [simclr+sigreg] epoch 88/120  nt-xent=5.1308  sigreg=0.0229
  [simclr+sigreg] epoch 89/120  nt-xent=5.1270  sigreg=0.0227
  [simclr+sigreg] epoch 90/120  nt-xent=5.1232  sigreg=0.0222
  [simclr+sigreg] epoch 91/120  nt-xent=5.1239  sigreg=0.0206
  [simclr+sigreg] epoch 92/120  nt-xent=5.1217  sigreg=0.0215
  [simclr+sigreg] epoch 93/120  nt-xent=5.1240  sigreg=0.0212
  [simclr+sigreg] epoch 94/120  nt-xent=5.1238  sigreg=0.0227
  [simclr+sigreg] epoch 95/120  nt-xent=5.1237  sigreg=0.0224
  [simclr+sigreg] epoch 96/120  nt-xent=5.1222  sigreg=0.0206
  [simclr+sigreg] epoch 97/120  nt-xent=5.1244  sigreg=0.0240
  [simclr+sigreg] epoch 98/120  nt-xent=5.1211  sigreg=0.0212
  [simclr+sigreg] epoch 99/120  nt-xent=5.1189  sigreg=0.0209
  [simclr+sigreg] epoch 100/120  nt-xent=5.1186  sigreg=0.0200
  [simclr+sigreg] epoch 101/120  nt-xent=5.1186  sigreg=0.0212
  [simclr+sigreg] epoch 102/120  nt-xent=5.1189  sigreg=0.0211
  [simclr+sigreg] epoch 103/120  nt-xent=5.1166  sigreg=0.0197
  [simclr+sigreg] epoch 104/120  nt-xent=5.1175  sigreg=0.0205
  [simclr+sigreg] epoch 105/120  nt-xent=5.1191  sigreg=0.0201
  [simclr+sigreg] epoch 106/120  nt-xent=5.1150  sigreg=0.0197
  [simclr+sigreg] epoch 107/120  nt-xent=5.1153  sigreg=0.0198
  [simclr+sigreg] epoch 108/120  nt-xent=5.1147  sigreg=0.0211
  [simclr+sigreg] epoch 109/120  nt-xent=5.1170  sigreg=0.0205
  [simclr+sigreg] epoch 110/120  nt-xent=5.1151  sigreg=0.0208
  [simclr+sigreg] epoch 111/120  nt-xent=5.1160  sigreg=0.0204
  [simclr+sigreg] epoch 112/120  nt-xent=5.1114  sigreg=0.0194
  [simclr+sigreg] epoch 113/120  nt-xent=5.1125  sigreg=0.0199
  [simclr+sigreg] epoch 114/120  nt-xent=5.1129  sigreg=0.0195
  [simclr+sigreg] epoch 115/120  nt-xent=5.1123  sigreg=0.0200
  [simclr+sigreg] epoch 116/120  nt-xent=5.1120  sigreg=0.0192
  [simclr+sigreg] epoch 117/120  nt-xent=5.1106  sigreg=0.0195
  [simclr+sigreg] epoch 118/120  nt-xent=5.1106  sigreg=0.0188
  [simclr+sigreg] epoch 119/120  nt-xent=5.1093  sigreg=0.0194
  [simclr+sigreg] epoch 120/120  nt-xent=5.1108  sigreg=0.0197
  [cars/dino] raw probe (768d)           70.0
  [cars/dino] SupCon (aug)               65.9
  [cars/dino] ss[lam5]                   68.1
  [cars/dino] supcon+hybrid (concat)     62.2
  [cars/dino] ss+hybrid (concat)         66.5

######## cars on LeJEPA ViT-B/16 (community repro) ########
  [supcon] epoch 1/120  loss=5.8123
  [supcon] epoch 2/120  loss=5.3558
  [supcon] epoch 3/120  loss=5.1470
  [supcon] epoch 4/120  loss=5.0109
  [supcon] epoch 5/120  loss=4.9180
  [supcon] epoch 6/120  loss=4.8140
  [supcon] epoch 7/120  loss=4.7630
  [supcon] epoch 8/120  loss=4.6800
  [supcon] epoch 9/120  loss=4.6430
  [supcon] epoch 10/120  loss=4.5860
  [supcon] epoch 11/120  loss=4.5407
  [supcon] epoch 12/120  loss=4.4914
  [supcon] epoch 13/120  loss=4.4628
  [supcon] epoch 14/120  loss=4.4146
  [supcon] epoch 15/120  loss=4.3813
  [supcon] epoch 16/120  loss=4.3430
  [supcon] epoch 17/120  loss=4.3054
  [supcon] epoch 18/120  loss=4.2650
  [supcon] epoch 19/120  loss=4.2712
  [supcon] epoch 20/120  loss=4.2265
  [supcon] epoch 21/120  loss=4.2116
  [supcon] epoch 22/120  loss=4.1414
  [supcon] epoch 23/120  loss=4.1355
  [supcon] epoch 24/120  loss=4.1271
  [supcon] epoch 25/120  loss=4.0832
  [supcon] epoch 26/120  loss=4.0603
  [supcon] epoch 27/120  loss=4.0347
  [supcon] epoch 28/120  loss=4.0365
  [supcon] epoch 29/120  loss=4.0090
  [supcon] epoch 30/120  loss=3.9702
  [supcon] epoch 31/120  loss=3.9590
  [supcon] epoch 32/120  loss=3.9312
  [supcon] epoch 33/120  loss=3.9137
  [supcon] epoch 34/120  loss=3.8557
  [supcon] epoch 35/120  loss=3.8748
  [supcon] epoch 36/120  loss=3.8358
  [supcon] epoch 37/120  loss=3.8241
  [supcon] epoch 38/120  loss=3.8022
  [supcon] epoch 39/120  loss=3.7941
  [supcon] epoch 40/120  loss=3.7695
  [supcon] epoch 41/120  loss=3.7317
  [supcon] epoch 42/120  loss=3.7240
  [supcon] epoch 43/120  loss=3.7173
  [supcon] epoch 44/120  loss=3.7048
  [supcon] epoch 45/120  loss=3.6902
  [supcon] epoch 46/120  loss=3.6855
  [supcon] epoch 47/120  loss=3.6536
  [supcon] epoch 48/120  loss=3.6407
  [supcon] epoch 49/120  loss=3.6265
  [supcon] epoch 50/120  loss=3.6047
  [supcon] epoch 51/120  loss=3.6009
  [supcon] epoch 52/120  loss=3.5693
  [supcon] epoch 53/120  loss=3.5530
  [supcon] epoch 54/120  loss=3.5281
  [supcon] epoch 55/120  loss=3.5136
  [supcon] epoch 56/120  loss=3.5241
  [supcon] epoch 57/120  loss=3.4910
  [supcon] epoch 58/120  loss=3.4732
  [supcon] epoch 59/120  loss=3.4466
  [supcon] epoch 60/120  loss=3.4540
  [supcon] epoch 61/120  loss=3.4428
  [supcon] epoch 62/120  loss=3.4283
  [supcon] epoch 63/120  loss=3.4158
  [supcon] epoch 64/120  loss=3.4134
  [supcon] epoch 65/120  loss=3.3899
  [supcon] epoch 66/120  loss=3.3786
  [supcon] epoch 67/120  loss=3.3708
  [supcon] epoch 68/120  loss=3.3405
  [supcon] epoch 69/120  loss=3.3270
  [supcon] epoch 70/120  loss=3.3052
  [supcon] epoch 71/120  loss=3.3068
  [supcon] epoch 72/120  loss=3.3163
  [supcon] epoch 73/120  loss=3.3021
  [supcon] epoch 74/120  loss=3.2954
  [supcon] epoch 75/120  loss=3.2838
  [supcon] epoch 76/120  loss=3.2816
  [supcon] epoch 77/120  loss=3.2598
  [supcon] epoch 78/120  loss=3.2467
  [supcon] epoch 79/120  loss=3.2230
  [supcon] epoch 80/120  loss=3.2418
  [supcon] epoch 81/120  loss=3.2254
  [supcon] epoch 82/120  loss=3.2113
  [supcon] epoch 83/120  loss=3.2165
  [supcon] epoch 84/120  loss=3.2048
  [supcon] epoch 85/120  loss=3.1848
  [supcon] epoch 86/120  loss=3.1656
  [supcon] epoch 87/120  loss=3.1596
  [supcon] epoch 88/120  loss=3.1496
  [supcon] epoch 89/120  loss=3.1406
  [supcon] epoch 90/120  loss=3.1485
  [supcon] epoch 91/120  loss=3.1381
  [supcon] epoch 92/120  loss=3.1093
  [supcon] epoch 93/120  loss=3.0996
  [supcon] epoch 94/120  loss=3.0792
  [supcon] epoch 95/120  loss=3.0724
  [supcon] epoch 96/120  loss=3.0866
  [supcon] epoch 97/120  loss=3.0769
  [supcon] epoch 98/120  loss=3.0830
  [supcon] epoch 99/120  loss=3.0546
  [supcon] epoch 100/120  loss=3.0583
  [supcon] epoch 101/120  loss=3.0347
  [supcon] epoch 102/120  loss=3.0325
  [supcon] epoch 103/120  loss=2.9980
  [supcon] epoch 104/120  loss=3.0115
  [supcon] epoch 105/120  loss=3.0100
  [supcon] epoch 106/120  loss=2.9801
  [supcon] epoch 107/120  loss=3.0021
  [supcon] epoch 108/120  loss=2.9985
  [supcon] epoch 109/120  loss=2.9707
  [supcon] epoch 110/120  loss=2.9613
  [supcon] epoch 111/120  loss=2.9582
  [supcon] epoch 112/120  loss=2.9627
  [supcon] epoch 113/120  loss=2.9360
  [supcon] epoch 114/120  loss=2.9557
  [supcon] epoch 115/120  loss=2.9591
  [supcon] epoch 116/120  loss=2.9325
  [supcon] epoch 117/120  loss=2.9047
  [supcon] epoch 118/120  loss=2.9137
  [supcon] epoch 119/120  loss=2.9196
  [supcon] epoch 120/120  loss=2.9160
  [supcon+sigreg] epoch 1/120  supcon=6.0414  sigreg=0.7917
  [supcon+sigreg] epoch 2/120  supcon=5.9921  sigreg=0.5118
  [supcon+sigreg] epoch 3/120  supcon=6.0784  sigreg=0.3363
  [supcon+sigreg] epoch 4/120  supcon=6.1236  sigreg=0.2862
  [supcon+sigreg] epoch 5/120  supcon=6.0952  sigreg=0.2462
  [supcon+sigreg] epoch 6/120  supcon=6.0195  sigreg=0.2249
  [supcon+sigreg] epoch 7/120  supcon=5.9573  sigreg=0.2211
  [supcon+sigreg] epoch 8/120  supcon=5.9647  sigreg=0.1902
  [supcon+sigreg] epoch 9/120  supcon=5.9014  sigreg=0.1864
  [supcon+sigreg] epoch 10/120  supcon=5.8446  sigreg=0.1706
  [supcon+sigreg] epoch 11/120  supcon=5.8148  sigreg=0.1575
  [supcon+sigreg] epoch 12/120  supcon=5.7408  sigreg=0.1587
  [supcon+sigreg] epoch 13/120  supcon=5.7110  sigreg=0.1418
  [supcon+sigreg] epoch 14/120  supcon=5.6446  sigreg=0.1371
  [supcon+sigreg] epoch 15/120  supcon=5.5747  sigreg=0.1450
  [supcon+sigreg] epoch 16/120  supcon=5.5483  sigreg=0.1430
  [supcon+sigreg] epoch 17/120  supcon=5.5110  sigreg=0.1236
  [supcon+sigreg] epoch 18/120  supcon=5.5171  sigreg=0.1131
  [supcon+sigreg] epoch 19/120  supcon=5.4667  sigreg=0.1108
  [supcon+sigreg] epoch 20/120  supcon=5.3860  sigreg=0.1161
  [supcon+sigreg] epoch 21/120  supcon=5.3918  sigreg=0.1052
  [supcon+sigreg] epoch 22/120  supcon=5.3852  sigreg=0.1030
  [supcon+sigreg] epoch 23/120  supcon=5.3413  sigreg=0.1013
  [supcon+sigreg] epoch 24/120  supcon=5.3290  sigreg=0.0978
  [supcon+sigreg] epoch 25/120  supcon=5.2755  sigreg=0.0978
  [supcon+sigreg] epoch 26/120  supcon=5.2779  sigreg=0.0999
  [supcon+sigreg] epoch 27/120  supcon=5.2576  sigreg=0.1017
  [supcon+sigreg] epoch 28/120  supcon=5.2256  sigreg=0.0975
  [supcon+sigreg] epoch 29/120  supcon=5.1861  sigreg=0.1020
  [supcon+sigreg] epoch 30/120  supcon=5.1778  sigreg=0.0910
  [supcon+sigreg] epoch 31/120  supcon=5.1679  sigreg=0.0902
  [supcon+sigreg] epoch 32/120  supcon=5.1447  sigreg=0.0935
  [supcon+sigreg] epoch 33/120  supcon=5.1190  sigreg=0.0999
  [supcon+sigreg] epoch 34/120  supcon=5.0724  sigreg=0.0935
  [supcon+sigreg] epoch 35/120  supcon=5.0638  sigreg=0.0867
  [supcon+sigreg] epoch 36/120  supcon=5.0626  sigreg=0.0833
  [supcon+sigreg] epoch 37/120  supcon=5.0447  sigreg=0.0840
  [supcon+sigreg] epoch 38/120  supcon=5.0198  sigreg=0.0897
  [supcon+sigreg] epoch 39/120  supcon=5.0150  sigreg=0.0869
  [supcon+sigreg] epoch 40/120  supcon=4.9807  sigreg=0.0846
  [supcon+sigreg] epoch 41/120  supcon=4.9780  sigreg=0.0779
  [supcon+sigreg] epoch 42/120  supcon=4.9821  sigreg=0.0856
  [supcon+sigreg] epoch 43/120  supcon=4.9214  sigreg=0.0801
  [supcon+sigreg] epoch 44/120  supcon=4.9296  sigreg=0.0818
  [supcon+sigreg] epoch 45/120  supcon=4.9180  sigreg=0.0797
  [supcon+sigreg] epoch 46/120  supcon=4.8915  sigreg=0.0741
  [supcon+sigreg] epoch 47/120  supcon=4.8937  sigreg=0.0730
  [supcon+sigreg] epoch 48/120  supcon=4.8875  sigreg=0.0809
  [supcon+sigreg] epoch 49/120  supcon=4.8574  sigreg=0.0781
  [supcon+sigreg] epoch 50/120  supcon=4.8697  sigreg=0.0767
  [supcon+sigreg] epoch 51/120  supcon=4.8517  sigreg=0.0751
  [supcon+sigreg] epoch 52/120  supcon=4.8212  sigreg=0.0766
  [supcon+sigreg] epoch 53/120  supcon=4.8078  sigreg=0.0734
  [supcon+sigreg] epoch 54/120  supcon=4.8201  sigreg=0.0742
  [supcon+sigreg] epoch 55/120  supcon=4.7894  sigreg=0.0739
  [supcon+sigreg] epoch 56/120  supcon=4.8142  sigreg=0.0746
  [supcon+sigreg] epoch 57/120  supcon=4.7661  sigreg=0.0715
  [supcon+sigreg] epoch 58/120  supcon=4.7479  sigreg=0.0721
  [supcon+sigreg] epoch 59/120  supcon=4.7460  sigreg=0.0714
  [supcon+sigreg] epoch 60/120  supcon=4.7423  sigreg=0.0699
  [supcon+sigreg] epoch 61/120  supcon=4.7582  sigreg=0.0685
  [supcon+sigreg] epoch 62/120  supcon=4.7162  sigreg=0.0679
  [supcon+sigreg] epoch 63/120  supcon=4.6787  sigreg=0.0698
  [supcon+sigreg] epoch 64/120  supcon=4.6934  sigreg=0.0681
  [supcon+sigreg] epoch 65/120  supcon=4.6614  sigreg=0.0679
  [supcon+sigreg] epoch 66/120  supcon=4.6726  sigreg=0.0738
  [supcon+sigreg] epoch 67/120  supcon=4.6590  sigreg=0.0734
  [supcon+sigreg] epoch 68/120  supcon=4.6378  sigreg=0.0681
  [supcon+sigreg] epoch 69/120  supcon=4.6272  sigreg=0.0672
  [supcon+sigreg] epoch 70/120  supcon=4.6458  sigreg=0.0660
  [supcon+sigreg] epoch 71/120  supcon=4.5864  sigreg=0.0646
  [supcon+sigreg] epoch 72/120  supcon=4.6147  sigreg=0.0662
  [supcon+sigreg] epoch 73/120  supcon=4.5760  sigreg=0.0688
  [supcon+sigreg] epoch 74/120  supcon=4.5790  sigreg=0.0665
  [supcon+sigreg] epoch 75/120  supcon=4.5747  sigreg=0.0696
  [supcon+sigreg] epoch 76/120  supcon=4.5620  sigreg=0.0689
  [supcon+sigreg] epoch 77/120  supcon=4.5657  sigreg=0.0703
  [supcon+sigreg] epoch 78/120  supcon=4.5595  sigreg=0.0635
  [supcon+sigreg] epoch 79/120  supcon=4.5146  sigreg=0.0664
  [supcon+sigreg] epoch 80/120  supcon=4.5002  sigreg=0.0633
  [supcon+sigreg] epoch 81/120  supcon=4.5175  sigreg=0.0618
  [supcon+sigreg] epoch 82/120  supcon=4.5017  sigreg=0.0608
  [supcon+sigreg] epoch 83/120  supcon=4.4691  sigreg=0.0636
  [supcon+sigreg] epoch 84/120  supcon=4.4643  sigreg=0.0643
  [supcon+sigreg] epoch 85/120  supcon=4.4748  sigreg=0.0577
  [supcon+sigreg] epoch 86/120  supcon=4.4705  sigreg=0.0607
  [supcon+sigreg] epoch 87/120  supcon=4.4616  sigreg=0.0624
  [supcon+sigreg] epoch 88/120  supcon=4.4612  sigreg=0.0625
  [supcon+sigreg] epoch 89/120  supcon=4.4395  sigreg=0.0629
  [supcon+sigreg] epoch 90/120  supcon=4.4266  sigreg=0.0635
  [supcon+sigreg] epoch 91/120  supcon=4.4371  sigreg=0.0587
  [supcon+sigreg] epoch 92/120  supcon=4.4271  sigreg=0.0599
  [supcon+sigreg] epoch 93/120  supcon=4.4169  sigreg=0.0636
  [supcon+sigreg] epoch 94/120  supcon=4.4007  sigreg=0.0646
  [supcon+sigreg] epoch 95/120  supcon=4.3854  sigreg=0.0603
  [supcon+sigreg] epoch 96/120  supcon=4.3843  sigreg=0.0567
  [supcon+sigreg] epoch 97/120  supcon=4.3791  sigreg=0.0596
  [supcon+sigreg] epoch 98/120  supcon=4.3626  sigreg=0.0607
  [supcon+sigreg] epoch 99/120  supcon=4.3395  sigreg=0.0619
  [supcon+sigreg] epoch 100/120  supcon=4.3359  sigreg=0.0608
  [supcon+sigreg] epoch 101/120  supcon=4.3342  sigreg=0.0599
  [supcon+sigreg] epoch 102/120  supcon=4.3199  sigreg=0.0546
  [supcon+sigreg] epoch 103/120  supcon=4.3197  sigreg=0.0552
  [supcon+sigreg] epoch 104/120  supcon=4.3262  sigreg=0.0615
  [supcon+sigreg] epoch 105/120  supcon=4.2852  sigreg=0.0614
  [supcon+sigreg] epoch 106/120  supcon=4.2947  sigreg=0.0700
  [supcon+sigreg] epoch 107/120  supcon=4.2982  sigreg=0.0625
  [supcon+sigreg] epoch 108/120  supcon=4.2876  sigreg=0.0619
  [supcon+sigreg] epoch 109/120  supcon=4.2758  sigreg=0.0608
  [supcon+sigreg] epoch 110/120  supcon=4.2625  sigreg=0.0603
  [supcon+sigreg] epoch 111/120  supcon=4.2909  sigreg=0.0597
  [supcon+sigreg] epoch 112/120  supcon=4.2565  sigreg=0.0696
  [supcon+sigreg] epoch 113/120  supcon=4.2421  sigreg=0.0615
  [supcon+sigreg] epoch 114/120  supcon=4.2697  sigreg=0.0595
  [supcon+sigreg] epoch 115/120  supcon=4.2349  sigreg=0.0612
  [supcon+sigreg] epoch 116/120  supcon=4.2431  sigreg=0.0561
  [supcon+sigreg] epoch 117/120  supcon=4.2008  sigreg=0.0586
  [supcon+sigreg] epoch 118/120  supcon=4.2187  sigreg=0.0567
  [supcon+sigreg] epoch 119/120  supcon=4.1958  sigreg=0.0572
  [supcon+sigreg] epoch 120/120  supcon=4.2192  sigreg=0.0638
  [simclr+sigreg] epoch 1/120  nt-xent=5.5954  sigreg=0.7091
  [simclr+sigreg] epoch 2/120  nt-xent=5.4634  sigreg=0.2432
  [simclr+sigreg] epoch 3/120  nt-xent=5.4309  sigreg=0.1376
  [simclr+sigreg] epoch 4/120  nt-xent=5.3880  sigreg=0.1249
  [simclr+sigreg] epoch 5/120  nt-xent=5.3629  sigreg=0.1053
  [simclr+sigreg] epoch 6/120  nt-xent=5.3426  sigreg=0.0872
  [simclr+sigreg] epoch 7/120  nt-xent=5.3434  sigreg=0.1003
  [simclr+sigreg] epoch 8/120  nt-xent=5.3353  sigreg=0.0924
  [simclr+sigreg] epoch 9/120  nt-xent=5.3267  sigreg=0.0909
  [simclr+sigreg] epoch 10/120  nt-xent=5.3163  sigreg=0.0865
  [simclr+sigreg] epoch 11/120  nt-xent=5.3132  sigreg=0.0922
  [simclr+sigreg] epoch 12/120  nt-xent=5.3033  sigreg=0.0867
  [simclr+sigreg] epoch 13/120  nt-xent=5.2925  sigreg=0.0832
  [simclr+sigreg] epoch 14/120  nt-xent=5.2823  sigreg=0.0731
  [simclr+sigreg] epoch 15/120  nt-xent=5.2780  sigreg=0.0791
  [simclr+sigreg] epoch 16/120  nt-xent=5.2724  sigreg=0.0727
  [simclr+sigreg] epoch 17/120  nt-xent=5.2687  sigreg=0.0730
  [simclr+sigreg] epoch 18/120  nt-xent=5.2633  sigreg=0.0734
  [simclr+sigreg] epoch 19/120  nt-xent=5.2596  sigreg=0.0683
  [simclr+sigreg] epoch 20/120  nt-xent=5.2560  sigreg=0.0734
  [simclr+sigreg] epoch 21/120  nt-xent=5.2528  sigreg=0.0687
  [simclr+sigreg] epoch 22/120  nt-xent=5.2485  sigreg=0.0668
  [simclr+sigreg] epoch 23/120  nt-xent=5.2508  sigreg=0.0644
  [simclr+sigreg] epoch 24/120  nt-xent=5.2411  sigreg=0.0630
  [simclr+sigreg] epoch 25/120  nt-xent=5.2434  sigreg=0.0642
  [simclr+sigreg] epoch 26/120  nt-xent=5.2393  sigreg=0.0611
  [simclr+sigreg] epoch 27/120  nt-xent=5.2380  sigreg=0.0642
  [simclr+sigreg] epoch 28/120  nt-xent=5.2337  sigreg=0.0596
  [simclr+sigreg] epoch 29/120  nt-xent=5.2329  sigreg=0.0605
  [simclr+sigreg] epoch 30/120  nt-xent=5.2281  sigreg=0.0607
  [simclr+sigreg] epoch 31/120  nt-xent=5.2298  sigreg=0.0601
  [simclr+sigreg] epoch 32/120  nt-xent=5.2212  sigreg=0.0558
  [simclr+sigreg] epoch 33/120  nt-xent=5.2203  sigreg=0.0571
  [simclr+sigreg] epoch 34/120  nt-xent=5.2219  sigreg=0.0564
  [simclr+sigreg] epoch 35/120  nt-xent=5.2192  sigreg=0.0559
  [simclr+sigreg] epoch 36/120  nt-xent=5.2145  sigreg=0.0542
  [simclr+sigreg] epoch 37/120  nt-xent=5.2138  sigreg=0.0531
  [simclr+sigreg] epoch 38/120  nt-xent=5.2136  sigreg=0.0514
  [simclr+sigreg] epoch 39/120  nt-xent=5.2122  sigreg=0.0511
  [simclr+sigreg] epoch 40/120  nt-xent=5.2156  sigreg=0.0576
  [simclr+sigreg] epoch 41/120  nt-xent=5.2108  sigreg=0.0539
  [simclr+sigreg] epoch 42/120  nt-xent=5.2106  sigreg=0.0521
  [simclr+sigreg] epoch 43/120  nt-xent=5.2095  sigreg=0.0534
  [simclr+sigreg] epoch 44/120  nt-xent=5.2090  sigreg=0.0515
  [simclr+sigreg] epoch 45/120  nt-xent=5.2056  sigreg=0.0501
  [simclr+sigreg] epoch 46/120  nt-xent=5.2082  sigreg=0.0545
  [simclr+sigreg] epoch 47/120  nt-xent=5.2053  sigreg=0.0518
  [simclr+sigreg] epoch 48/120  nt-xent=5.2039  sigreg=0.0523
  [simclr+sigreg] epoch 49/120  nt-xent=5.2054  sigreg=0.0532
  [simclr+sigreg] epoch 50/120  nt-xent=5.2017  sigreg=0.0508
  [simclr+sigreg] epoch 51/120  nt-xent=5.2009  sigreg=0.0473
  [simclr+sigreg] epoch 52/120  nt-xent=5.1973  sigreg=0.0466
  [simclr+sigreg] epoch 53/120  nt-xent=5.1974  sigreg=0.0467
  [simclr+sigreg] epoch 54/120  nt-xent=5.1955  sigreg=0.0491
  [simclr+sigreg] epoch 55/120  nt-xent=5.1943  sigreg=0.0504
  [simclr+sigreg] epoch 56/120  nt-xent=5.1923  sigreg=0.0463
  [simclr+sigreg] epoch 57/120  nt-xent=5.1902  sigreg=0.0477
  [simclr+sigreg] epoch 58/120  nt-xent=5.1860  sigreg=0.0445
  [simclr+sigreg] epoch 59/120  nt-xent=5.1871  sigreg=0.0489
  [simclr+sigreg] epoch 60/120  nt-xent=5.1898  sigreg=0.0456
  [simclr+sigreg] epoch 61/120  nt-xent=5.1898  sigreg=0.0459
  [simclr+sigreg] epoch 62/120  nt-xent=5.1857  sigreg=0.0467
  [simclr+sigreg] epoch 63/120  nt-xent=5.1833  sigreg=0.0440
  [simclr+sigreg] epoch 64/120  nt-xent=5.1816  sigreg=0.0413
  [simclr+sigreg] epoch 65/120  nt-xent=5.1826  sigreg=0.0437
  [simclr+sigreg] epoch 66/120  nt-xent=5.1804  sigreg=0.0444
  [simclr+sigreg] epoch 67/120  nt-xent=5.1803  sigreg=0.0423
  [simclr+sigreg] epoch 68/120  nt-xent=5.1779  sigreg=0.0414
  [simclr+sigreg] epoch 69/120  nt-xent=5.1744  sigreg=0.0415
  [simclr+sigreg] epoch 70/120  nt-xent=5.1752  sigreg=0.0438
  [simclr+sigreg] epoch 71/120  nt-xent=5.1733  sigreg=0.0397
  [simclr+sigreg] epoch 72/120  nt-xent=5.1715  sigreg=0.0424
  [simclr+sigreg] epoch 73/120  nt-xent=5.1708  sigreg=0.0426
  [simclr+sigreg] epoch 74/120  nt-xent=5.1700  sigreg=0.0416
  [simclr+sigreg] epoch 75/120  nt-xent=5.1710  sigreg=0.0414
  [simclr+sigreg] epoch 76/120  nt-xent=5.1679  sigreg=0.0377
  [simclr+sigreg] epoch 77/120  nt-xent=5.1680  sigreg=0.0398
  [simclr+sigreg] epoch 78/120  nt-xent=5.1657  sigreg=0.0396
  [simclr+sigreg] epoch 79/120  nt-xent=5.1666  sigreg=0.0424
  [simclr+sigreg] epoch 80/120  nt-xent=5.1652  sigreg=0.0383
  [simclr+sigreg] epoch 81/120  nt-xent=5.1616  sigreg=0.0393
  [simclr+sigreg] epoch 82/120  nt-xent=5.1609  sigreg=0.0364
  [simclr+sigreg] epoch 83/120  nt-xent=5.1602  sigreg=0.0389
  [simclr+sigreg] epoch 84/120  nt-xent=5.1592  sigreg=0.0372
  [simclr+sigreg] epoch 85/120  nt-xent=5.1602  sigreg=0.0397
  [simclr+sigreg] epoch 86/120  nt-xent=5.1609  sigreg=0.0371
  [simclr+sigreg] epoch 87/120  nt-xent=5.1564  sigreg=0.0346
  [simclr+sigreg] epoch 88/120  nt-xent=5.1570  sigreg=0.0365
  [simclr+sigreg] epoch 89/120  nt-xent=5.1541  sigreg=0.0376
  [simclr+sigreg] epoch 90/120  nt-xent=5.1537  sigreg=0.0365
  [simclr+sigreg] epoch 91/120  nt-xent=5.1530  sigreg=0.0350
  [simclr+sigreg] epoch 92/120  nt-xent=5.1524  sigreg=0.0353
  [simclr+sigreg] epoch 93/120  nt-xent=5.1534  sigreg=0.0361
  [simclr+sigreg] epoch 94/120  nt-xent=5.1497  sigreg=0.0353
  [simclr+sigreg] epoch 95/120  nt-xent=5.1512  sigreg=0.0360
  [simclr+sigreg] epoch 96/120  nt-xent=5.1498  sigreg=0.0348
  [simclr+sigreg] epoch 97/120  nt-xent=5.1487  sigreg=0.0347
  [simclr+sigreg] epoch 98/120  nt-xent=5.1475  sigreg=0.0342
  [simclr+sigreg] epoch 99/120  nt-xent=5.1523  sigreg=0.0366
  [simclr+sigreg] epoch 100/120  nt-xent=5.1495  sigreg=0.0376
  [simclr+sigreg] epoch 101/120  nt-xent=5.1512  sigreg=0.0358
  [simclr+sigreg] epoch 102/120  nt-xent=5.1477  sigreg=0.0360
  [simclr+sigreg] epoch 103/120  nt-xent=5.1463  sigreg=0.0351
  [simclr+sigreg] epoch 104/120  nt-xent=5.1463  sigreg=0.0331
  [simclr+sigreg] epoch 105/120  nt-xent=5.1425  sigreg=0.0328
  [simclr+sigreg] epoch 106/120  nt-xent=5.1428  sigreg=0.0322
  [simclr+sigreg] epoch 107/120  nt-xent=5.1422  sigreg=0.0323
  [simclr+sigreg] epoch 108/120  nt-xent=5.1424  sigreg=0.0350
  [simclr+sigreg] epoch 109/120  nt-xent=5.1418  sigreg=0.0318
  [simclr+sigreg] epoch 110/120  nt-xent=5.1393  sigreg=0.0327
  [simclr+sigreg] epoch 111/120  nt-xent=5.1395  sigreg=0.0307
  [simclr+sigreg] epoch 112/120  nt-xent=5.1389  sigreg=0.0316
  [simclr+sigreg] epoch 113/120  nt-xent=5.1391  sigreg=0.0316
  [simclr+sigreg] epoch 114/120  nt-xent=5.1368  sigreg=0.0323
  [simclr+sigreg] epoch 115/120  nt-xent=5.1369  sigreg=0.0304
  [simclr+sigreg] epoch 116/120  nt-xent=5.1363  sigreg=0.0310
  [simclr+sigreg] epoch 117/120  nt-xent=5.1345  sigreg=0.0301
  [simclr+sigreg] epoch 118/120  nt-xent=5.1339  sigreg=0.0280
  [simclr+sigreg] epoch 119/120  nt-xent=5.1334  sigreg=0.0300
  [simclr+sigreg] epoch 120/120  nt-xent=5.1324  sigreg=0.0310
  [cars/lejepa] raw probe (768d)           40.8
  [cars/lejepa] SupCon (aug)               50.2
  [cars/lejepa] ss[lam5]                   42.3
  [cars/lejepa] supcon+hybrid (concat)     37.9
  [cars/lejepa] ss+hybrid (concat)         41.9

######## cars on VISReg ViT-B/16 (paper's weights) ########
  [supcon] epoch 1/120  loss=5.8681
  [supcon] epoch 2/120  loss=5.3989
  [supcon] epoch 3/120  loss=5.1884
  [supcon] epoch 4/120  loss=5.0403
  [supcon] epoch 5/120  loss=4.9202
  [supcon] epoch 6/120  loss=4.8248
  [supcon] epoch 7/120  loss=4.7859
  [supcon] epoch 8/120  loss=4.7116
  [supcon] epoch 9/120  loss=4.6562
  [supcon] epoch 10/120  loss=4.6041
  [supcon] epoch 11/120  loss=4.5694
  [supcon] epoch 12/120  loss=4.5309
  [supcon] epoch 13/120  loss=4.5061
  [supcon] epoch 14/120  loss=4.4320
  [supcon] epoch 15/120  loss=4.4109
  [supcon] epoch 16/120  loss=4.3961
  [supcon] epoch 17/120  loss=4.3462
  [supcon] epoch 18/120  loss=4.3391
  [supcon] epoch 19/120  loss=4.3351
  [supcon] epoch 20/120  loss=4.2803
  [supcon] epoch 21/120  loss=4.2824
  [supcon] epoch 22/120  loss=4.2135
  [supcon] epoch 23/120  loss=4.2061
  [supcon] epoch 24/120  loss=4.2002
  [supcon] epoch 25/120  loss=4.1541
  [supcon] epoch 26/120  loss=4.1463
  [supcon] epoch 27/120  loss=4.1385
  [supcon] epoch 28/120  loss=4.1292
  [supcon] epoch 29/120  loss=4.1069
  [supcon] epoch 30/120  loss=4.0774
  [supcon] epoch 31/120  loss=4.0467
  [supcon] epoch 32/120  loss=4.0498
  [supcon] epoch 33/120  loss=4.0223
  [supcon] epoch 34/120  loss=3.9830
  [supcon] epoch 35/120  loss=3.9733
  [supcon] epoch 36/120  loss=3.9516
  [supcon] epoch 37/120  loss=3.9582
  [supcon] epoch 38/120  loss=3.9274
  [supcon] epoch 39/120  loss=3.9278
  [supcon] epoch 40/120  loss=3.9180
  [supcon] epoch 41/120  loss=3.8944
  [supcon] epoch 42/120  loss=3.8834
  [supcon] epoch 43/120  loss=3.8760
  [supcon] epoch 44/120  loss=3.8299
  [supcon] epoch 45/120  loss=3.8365
  [supcon] epoch 46/120  loss=3.8438
  [supcon] epoch 47/120  loss=3.8504
  [supcon] epoch 48/120  loss=3.8376
  [supcon] epoch 49/120  loss=3.8053
  [supcon] epoch 50/120  loss=3.8004
  [supcon] epoch 51/120  loss=3.7874
  [supcon] epoch 52/120  loss=3.7647
  [supcon] epoch 53/120  loss=3.7622
  [supcon] epoch 54/120  loss=3.7337
  [supcon] epoch 55/120  loss=3.7256
  [supcon] epoch 56/120  loss=3.7251
  [supcon] epoch 57/120  loss=3.6996
  [supcon] epoch 58/120  loss=3.7154
  [supcon] epoch 59/120  loss=3.6744
  [supcon] epoch 60/120  loss=3.6704
  [supcon] epoch 61/120  loss=3.6822
  [supcon] epoch 62/120  loss=3.6618
  [supcon] epoch 63/120  loss=3.6695
  [supcon] epoch 64/120  loss=3.6613
  [supcon] epoch 65/120  loss=3.6303
  [supcon] epoch 66/120  loss=3.6144
  [supcon] epoch 67/120  loss=3.6439
  [supcon] epoch 68/120  loss=3.6392
  [supcon] epoch 69/120  loss=3.6306
  [supcon] epoch 70/120  loss=3.5671
  [supcon] epoch 71/120  loss=3.5774
  [supcon] epoch 72/120  loss=3.5983
  [supcon] epoch 73/120  loss=3.5851
  [supcon] epoch 74/120  loss=3.5736
  [supcon] epoch 75/120  loss=3.5355
  [supcon] epoch 76/120  loss=3.5609
  [supcon] epoch 77/120  loss=3.5440
  [supcon] epoch 78/120  loss=3.5197
  [supcon] epoch 79/120  loss=3.5027
  [supcon] epoch 80/120  loss=3.4964
  [supcon] epoch 81/120  loss=3.5193
  [supcon] epoch 82/120  loss=3.5046
  [supcon] epoch 83/120  loss=3.5113
  [supcon] epoch 84/120  loss=3.5215
  [supcon] epoch 85/120  loss=3.4873
  [supcon] epoch 86/120  loss=3.4588
  [supcon] epoch 87/120  loss=3.4711
  [supcon] epoch 88/120  loss=3.4807
  [supcon] epoch 89/120  loss=3.4339
  [supcon] epoch 90/120  loss=3.4721
  [supcon] epoch 91/120  loss=3.4297
  [supcon] epoch 92/120  loss=3.3955
  [supcon] epoch 93/120  loss=3.3917
  [supcon] epoch 94/120  loss=3.4146
  [supcon] epoch 95/120  loss=3.3947
  [supcon] epoch 96/120  loss=3.3971
  [supcon] epoch 97/120  loss=3.4056
  [supcon] epoch 98/120  loss=3.3859
  [supcon] epoch 99/120  loss=3.3757
  [supcon] epoch 100/120  loss=3.3648
  [supcon] epoch 101/120  loss=3.3615
  [supcon] epoch 102/120  loss=3.3766
  [supcon] epoch 103/120  loss=3.3215
  [supcon] epoch 104/120  loss=3.3399
  [supcon] epoch 105/120  loss=3.3353
  [supcon] epoch 106/120  loss=3.3103
  [supcon] epoch 107/120  loss=3.3291
  [supcon] epoch 108/120  loss=3.3128
  [supcon] epoch 109/120  loss=3.3058
  [supcon] epoch 110/120  loss=3.3184
  [supcon] epoch 111/120  loss=3.3063
  [supcon] epoch 112/120  loss=3.3227
  [supcon] epoch 113/120  loss=3.3091
  [supcon] epoch 114/120  loss=3.3448
  [supcon] epoch 115/120  loss=3.3153
  [supcon] epoch 116/120  loss=3.2822
  [supcon] epoch 117/120  loss=3.2780
  [supcon] epoch 118/120  loss=3.2792
  [supcon] epoch 119/120  loss=3.2740
  [supcon] epoch 120/120  loss=3.2709
  [supcon+sigreg] epoch 1/120  supcon=6.2932  sigreg=0.5807
  [supcon+sigreg] epoch 2/120  supcon=6.2370  sigreg=0.3605
  [supcon+sigreg] epoch 3/120  supcon=6.2352  sigreg=0.2856
  [supcon+sigreg] epoch 4/120  supcon=6.1131  sigreg=0.2632
  [supcon+sigreg] epoch 5/120  supcon=6.0881  sigreg=0.2439
  [supcon+sigreg] epoch 6/120  supcon=6.0008  sigreg=0.2416
  [supcon+sigreg] epoch 7/120  supcon=5.9358  sigreg=0.2089
  [supcon+sigreg] epoch 8/120  supcon=5.8917  sigreg=0.1953
  [supcon+sigreg] epoch 9/120  supcon=5.8102  sigreg=0.1726
  [supcon+sigreg] epoch 10/120  supcon=5.7908  sigreg=0.1633
  [supcon+sigreg] epoch 11/120  supcon=5.7139  sigreg=0.1529
  [supcon+sigreg] epoch 12/120  supcon=5.6343  sigreg=0.1422
  [supcon+sigreg] epoch 13/120  supcon=5.5635  sigreg=0.1417
  [supcon+sigreg] epoch 14/120  supcon=5.4982  sigreg=0.1408
  [supcon+sigreg] epoch 15/120  supcon=5.4717  sigreg=0.1276
  [supcon+sigreg] epoch 16/120  supcon=5.4394  sigreg=0.1349
  [supcon+sigreg] epoch 17/120  supcon=5.4116  sigreg=0.1306
  [supcon+sigreg] epoch 18/120  supcon=5.3755  sigreg=0.1232
  [supcon+sigreg] epoch 19/120  supcon=5.3432  sigreg=0.1175
  [supcon+sigreg] epoch 20/120  supcon=5.2823  sigreg=0.1084
  [supcon+sigreg] epoch 21/120  supcon=5.2734  sigreg=0.1151
  [supcon+sigreg] epoch 22/120  supcon=5.2442  sigreg=0.1155
  [supcon+sigreg] epoch 23/120  supcon=5.2168  sigreg=0.1190
  [supcon+sigreg] epoch 24/120  supcon=5.2075  sigreg=0.1091
  [supcon+sigreg] epoch 25/120  supcon=5.1596  sigreg=0.1116
  [supcon+sigreg] epoch 26/120  supcon=5.1427  sigreg=0.1089
  [supcon+sigreg] epoch 27/120  supcon=5.1481  sigreg=0.0959
  [supcon+sigreg] epoch 28/120  supcon=5.0984  sigreg=0.1130
  [supcon+sigreg] epoch 29/120  supcon=5.0607  sigreg=0.1048
  [supcon+sigreg] epoch 30/120  supcon=5.0467  sigreg=0.1047
  [supcon+sigreg] epoch 31/120  supcon=5.0452  sigreg=0.0991
  [supcon+sigreg] epoch 32/120  supcon=5.0151  sigreg=0.0956
  [supcon+sigreg] epoch 33/120  supcon=4.9884  sigreg=0.0886
  [supcon+sigreg] epoch 34/120  supcon=4.9497  sigreg=0.0887
  [supcon+sigreg] epoch 35/120  supcon=4.9650  sigreg=0.0826
  [supcon+sigreg] epoch 36/120  supcon=4.9067  sigreg=0.0840
  [supcon+sigreg] epoch 37/120  supcon=4.9156  sigreg=0.0843
  [supcon+sigreg] epoch 38/120  supcon=4.8878  sigreg=0.0846
  [supcon+sigreg] epoch 39/120  supcon=4.8861  sigreg=0.0884
  [supcon+sigreg] epoch 40/120  supcon=4.8331  sigreg=0.0832
  [supcon+sigreg] epoch 41/120  supcon=4.8487  sigreg=0.0842
  [supcon+sigreg] epoch 42/120  supcon=4.8403  sigreg=0.0761
  [supcon+sigreg] epoch 43/120  supcon=4.7733  sigreg=0.0791
  [supcon+sigreg] epoch 44/120  supcon=4.7864  sigreg=0.0808
  [supcon+sigreg] epoch 45/120  supcon=4.7732  sigreg=0.0874
  [supcon+sigreg] epoch 46/120  supcon=4.7649  sigreg=0.0770
  [supcon+sigreg] epoch 47/120  supcon=4.7554  sigreg=0.0805
  [supcon+sigreg] epoch 48/120  supcon=4.7448  sigreg=0.0834
  [supcon+sigreg] epoch 49/120  supcon=4.7092  sigreg=0.0854
  [supcon+sigreg] epoch 50/120  supcon=4.7246  sigreg=0.0765
  [supcon+sigreg] epoch 51/120  supcon=4.7081  sigreg=0.0803
  [supcon+sigreg] epoch 52/120  supcon=4.6820  sigreg=0.0788
  [supcon+sigreg] epoch 53/120  supcon=4.6972  sigreg=0.0935
  [supcon+sigreg] epoch 54/120  supcon=4.6909  sigreg=0.0868
  [supcon+sigreg] epoch 55/120  supcon=4.6821  sigreg=0.0802
  [supcon+sigreg] epoch 56/120  supcon=4.6740  sigreg=0.0783
  [supcon+sigreg] epoch 57/120  supcon=4.6495  sigreg=0.0804
  [supcon+sigreg] epoch 58/120  supcon=4.6498  sigreg=0.0848
  [supcon+sigreg] epoch 59/120  supcon=4.6401  sigreg=0.0790
  [supcon+sigreg] epoch 60/120  supcon=4.6262  sigreg=0.0825
  [supcon+sigreg] epoch 61/120  supcon=4.6185  sigreg=0.0712
  [supcon+sigreg] epoch 62/120  supcon=4.6028  sigreg=0.0783
  [supcon+sigreg] epoch 63/120  supcon=4.5905  sigreg=0.0765
  [supcon+sigreg] epoch 64/120  supcon=4.5762  sigreg=0.0773
  [supcon+sigreg] epoch 65/120  supcon=4.5636  sigreg=0.0719
  [supcon+sigreg] epoch 66/120  supcon=4.5623  sigreg=0.0678
  [supcon+sigreg] epoch 67/120  supcon=4.5432  sigreg=0.0685
  [supcon+sigreg] epoch 68/120  supcon=4.5343  sigreg=0.0670
  [supcon+sigreg] epoch 69/120  supcon=4.5315  sigreg=0.0737
  [supcon+sigreg] epoch 70/120  supcon=4.5322  sigreg=0.0753
  [supcon+sigreg] epoch 71/120  supcon=4.4833  sigreg=0.0723
  [supcon+sigreg] epoch 72/120  supcon=4.5025  sigreg=0.0728
  [supcon+sigreg] epoch 73/120  supcon=4.4745  sigreg=0.0652
  [supcon+sigreg] epoch 74/120  supcon=4.4782  sigreg=0.0660
  [supcon+sigreg] epoch 75/120  supcon=4.4550  sigreg=0.0650
  [supcon+sigreg] epoch 76/120  supcon=4.4578  sigreg=0.0630
  [supcon+sigreg] epoch 77/120  supcon=4.4549  sigreg=0.0655
  [supcon+sigreg] epoch 78/120  supcon=4.4567  sigreg=0.0663
  [supcon+sigreg] epoch 79/120  supcon=4.4147  sigreg=0.0700
  [supcon+sigreg] epoch 80/120  supcon=4.4105  sigreg=0.0652
  [supcon+sigreg] epoch 81/120  supcon=4.4300  sigreg=0.0687
  [supcon+sigreg] epoch 82/120  supcon=4.3986  sigreg=0.0676
  [supcon+sigreg] epoch 83/120  supcon=4.3758  sigreg=0.0685
  [supcon+sigreg] epoch 84/120  supcon=4.3800  sigreg=0.0655
  [supcon+sigreg] epoch 85/120  supcon=4.3714  sigreg=0.0656
  [supcon+sigreg] epoch 86/120  supcon=4.3653  sigreg=0.0725
  [supcon+sigreg] epoch 87/120  supcon=4.3841  sigreg=0.0689
  [supcon+sigreg] epoch 88/120  supcon=4.3802  sigreg=0.0684
  [supcon+sigreg] epoch 89/120  supcon=4.3604  sigreg=0.0653
  [supcon+sigreg] epoch 90/120  supcon=4.3300  sigreg=0.0641
  [supcon+sigreg] epoch 91/120  supcon=4.3286  sigreg=0.0646
  [supcon+sigreg] epoch 92/120  supcon=4.3268  sigreg=0.0668
  [supcon+sigreg] epoch 93/120  supcon=4.3313  sigreg=0.0705
  [supcon+sigreg] epoch 94/120  supcon=4.3113  sigreg=0.0624
  [supcon+sigreg] epoch 95/120  supcon=4.2884  sigreg=0.0604
  [supcon+sigreg] epoch 96/120  supcon=4.2957  sigreg=0.0652
  [supcon+sigreg] epoch 97/120  supcon=4.2984  sigreg=0.0640
  [supcon+sigreg] epoch 98/120  supcon=4.2864  sigreg=0.0653
  [supcon+sigreg] epoch 99/120  supcon=4.2672  sigreg=0.0695
  [supcon+sigreg] epoch 100/120  supcon=4.2614  sigreg=0.0665
  [supcon+sigreg] epoch 101/120  supcon=4.2700  sigreg=0.0721
  [supcon+sigreg] epoch 102/120  supcon=4.2562  sigreg=0.0691
  [supcon+sigreg] epoch 103/120  supcon=4.2490  sigreg=0.0602
  [supcon+sigreg] epoch 104/120  supcon=4.2463  sigreg=0.0645
  [supcon+sigreg] epoch 105/120  supcon=4.2094  sigreg=0.0633
  [supcon+sigreg] epoch 106/120  supcon=4.2047  sigreg=0.0666
  [supcon+sigreg] epoch 107/120  supcon=4.2409  sigreg=0.0661
  [supcon+sigreg] epoch 108/120  supcon=4.2324  sigreg=0.0736
  [supcon+sigreg] epoch 109/120  supcon=4.1992  sigreg=0.0654
  [supcon+sigreg] epoch 110/120  supcon=4.2004  sigreg=0.0643
  [supcon+sigreg] epoch 111/120  supcon=4.2161  sigreg=0.0627
  [supcon+sigreg] epoch 112/120  supcon=4.1758  sigreg=0.0623
  [supcon+sigreg] epoch 113/120  supcon=4.1672  sigreg=0.0561
  [supcon+sigreg] epoch 114/120  supcon=4.1793  sigreg=0.0568
  [supcon+sigreg] epoch 115/120  supcon=4.1643  sigreg=0.0631
  [supcon+sigreg] epoch 116/120  supcon=4.1691  sigreg=0.0743
  [supcon+sigreg] epoch 117/120  supcon=4.1395  sigreg=0.0669
  [supcon+sigreg] epoch 118/120  supcon=4.1458  sigreg=0.0576
  [supcon+sigreg] epoch 119/120  supcon=4.1232  sigreg=0.0581
  [supcon+sigreg] epoch 120/120  supcon=4.1383  sigreg=0.0580
  [simclr+sigreg] epoch 1/120  nt-xent=5.6918  sigreg=0.4147
  [simclr+sigreg] epoch 2/120  nt-xent=5.4704  sigreg=0.1691
  [simclr+sigreg] epoch 3/120  nt-xent=5.4066  sigreg=0.1420
  [simclr+sigreg] epoch 4/120  nt-xent=5.3513  sigreg=0.1095
  [simclr+sigreg] epoch 5/120  nt-xent=5.3107  sigreg=0.0929
  [simclr+sigreg] epoch 6/120  nt-xent=5.2895  sigreg=0.0811
  [simclr+sigreg] epoch 7/120  nt-xent=5.2916  sigreg=0.0853
  [simclr+sigreg] epoch 8/120  nt-xent=5.2819  sigreg=0.0853
  [simclr+sigreg] epoch 9/120  nt-xent=5.2700  sigreg=0.0770
  [simclr+sigreg] epoch 10/120  nt-xent=5.2654  sigreg=0.0752
  [simclr+sigreg] epoch 11/120  nt-xent=5.2591  sigreg=0.0773
  [simclr+sigreg] epoch 12/120  nt-xent=5.2468  sigreg=0.0721
  [simclr+sigreg] epoch 13/120  nt-xent=5.2423  sigreg=0.0696
  [simclr+sigreg] epoch 14/120  nt-xent=5.2429  sigreg=0.0672
  [simclr+sigreg] epoch 15/120  nt-xent=5.2391  sigreg=0.0669
  [simclr+sigreg] epoch 16/120  nt-xent=5.2354  sigreg=0.0646
  [simclr+sigreg] epoch 17/120  nt-xent=5.2332  sigreg=0.0680
  [simclr+sigreg] epoch 18/120  nt-xent=5.2227  sigreg=0.0600
  [simclr+sigreg] epoch 19/120  nt-xent=5.2177  sigreg=0.0575
  [simclr+sigreg] epoch 20/120  nt-xent=5.2142  sigreg=0.0588
  [simclr+sigreg] epoch 21/120  nt-xent=5.2122  sigreg=0.0557
  [simclr+sigreg] epoch 22/120  nt-xent=5.2071  sigreg=0.0538
  [simclr+sigreg] epoch 23/120  nt-xent=5.2108  sigreg=0.0578
  [simclr+sigreg] epoch 24/120  nt-xent=5.2029  sigreg=0.0557
  [simclr+sigreg] epoch 25/120  nt-xent=5.2044  sigreg=0.0554
  [simclr+sigreg] epoch 26/120  nt-xent=5.2038  sigreg=0.0569
  [simclr+sigreg] epoch 27/120  nt-xent=5.1955  sigreg=0.0543
  [simclr+sigreg] epoch 28/120  nt-xent=5.1918  sigreg=0.0492
  [simclr+sigreg] epoch 29/120  nt-xent=5.1924  sigreg=0.0518
  [simclr+sigreg] epoch 30/120  nt-xent=5.1927  sigreg=0.0519
  [simclr+sigreg] epoch 31/120  nt-xent=5.1894  sigreg=0.0499
  [simclr+sigreg] epoch 32/120  nt-xent=5.1826  sigreg=0.0491
  [simclr+sigreg] epoch 33/120  nt-xent=5.1817  sigreg=0.0509
  [simclr+sigreg] epoch 34/120  nt-xent=5.1801  sigreg=0.0470
  [simclr+sigreg] epoch 35/120  nt-xent=5.1776  sigreg=0.0447
  [simclr+sigreg] epoch 36/120  nt-xent=5.1766  sigreg=0.0470
  [simclr+sigreg] epoch 37/120  nt-xent=5.1721  sigreg=0.0468
  [simclr+sigreg] epoch 38/120  nt-xent=5.1733  sigreg=0.0457
  [simclr+sigreg] epoch 39/120  nt-xent=5.1694  sigreg=0.0433
  [simclr+sigreg] epoch 40/120  nt-xent=5.1691  sigreg=0.0458
  [simclr+sigreg] epoch 41/120  nt-xent=5.1648  sigreg=0.0431
  [simclr+sigreg] epoch 42/120  nt-xent=5.1611  sigreg=0.0420
  [simclr+sigreg] epoch 43/120  nt-xent=5.1626  sigreg=0.0405
  [simclr+sigreg] epoch 44/120  nt-xent=5.1623  sigreg=0.0436
  [simclr+sigreg] epoch 45/120  nt-xent=5.1590  sigreg=0.0420
  [simclr+sigreg] epoch 46/120  nt-xent=5.1573  sigreg=0.0408
  [simclr+sigreg] epoch 47/120  nt-xent=5.1540  sigreg=0.0387
  [simclr+sigreg] epoch 48/120  nt-xent=5.1539  sigreg=0.0399
  [simclr+sigreg] epoch 49/120  nt-xent=5.1511  sigreg=0.0399
  [simclr+sigreg] epoch 50/120  nt-xent=5.1456  sigreg=0.0363
  [simclr+sigreg] epoch 51/120  nt-xent=5.1472  sigreg=0.0398
  [simclr+sigreg] epoch 52/120  nt-xent=5.1410  sigreg=0.0356
  [simclr+sigreg] epoch 53/120  nt-xent=5.1431  sigreg=0.0354
  [simclr+sigreg] epoch 54/120  nt-xent=5.1388  sigreg=0.0357
  [simclr+sigreg] epoch 55/120  nt-xent=5.1420  sigreg=0.0371
  [simclr+sigreg] epoch 56/120  nt-xent=5.1419  sigreg=0.0357
  [simclr+sigreg] epoch 57/120  nt-xent=5.1367  sigreg=0.0343
  [simclr+sigreg] epoch 58/120  nt-xent=5.1331  sigreg=0.0326
  [simclr+sigreg] epoch 59/120  nt-xent=5.1347  sigreg=0.0327
  [simclr+sigreg] epoch 60/120  nt-xent=5.1370  sigreg=0.0361
  [simclr+sigreg] epoch 61/120  nt-xent=5.1375  sigreg=0.0329
  [simclr+sigreg] epoch 62/120  nt-xent=5.1310  sigreg=0.0348
  [simclr+sigreg] epoch 63/120  nt-xent=5.1335  sigreg=0.0340
  [simclr+sigreg] epoch 64/120  nt-xent=5.1328  sigreg=0.0325
  [simclr+sigreg] epoch 65/120  nt-xent=5.1306  sigreg=0.0341
  [simclr+sigreg] epoch 66/120  nt-xent=5.1297  sigreg=0.0327
  [simclr+sigreg] epoch 67/120  nt-xent=5.1253  sigreg=0.0307
  [simclr+sigreg] epoch 68/120  nt-xent=5.1260  sigreg=0.0314
  [simclr+sigreg] epoch 69/120  nt-xent=5.1245  sigreg=0.0315
  [simclr+sigreg] epoch 70/120  nt-xent=5.1254  sigreg=0.0320
  [simclr+sigreg] epoch 71/120  nt-xent=5.1224  sigreg=0.0299
  [simclr+sigreg] epoch 72/120  nt-xent=5.1221  sigreg=0.0297
  [simclr+sigreg] epoch 73/120  nt-xent=5.1200  sigreg=0.0297
  [simclr+sigreg] epoch 74/120  nt-xent=5.1208  sigreg=0.0302
  [simclr+sigreg] epoch 75/120  nt-xent=5.1230  sigreg=0.0309
  [simclr+sigreg] epoch 76/120  nt-xent=5.1201  sigreg=0.0306
  [simclr+sigreg] epoch 77/120  nt-xent=5.1195  sigreg=0.0297
  [simclr+sigreg] epoch 78/120  nt-xent=5.1173  sigreg=0.0283
  [simclr+sigreg] epoch 79/120  nt-xent=5.1165  sigreg=0.0309
  [simclr+sigreg] epoch 80/120  nt-xent=5.1194  sigreg=0.0311
  [simclr+sigreg] epoch 81/120  nt-xent=5.1138  sigreg=0.0283
  [simclr+sigreg] epoch 82/120  nt-xent=5.1128  sigreg=0.0287
  [simclr+sigreg] epoch 83/120  nt-xent=5.1127  sigreg=0.0285
  [simclr+sigreg] epoch 84/120  nt-xent=5.1137  sigreg=0.0273
  [simclr+sigreg] epoch 85/120  nt-xent=5.1119  sigreg=0.0283
  [simclr+sigreg] epoch 86/120  nt-xent=5.1135  sigreg=0.0280
  [simclr+sigreg] epoch 87/120  nt-xent=5.1116  sigreg=0.0275
  [simclr+sigreg] epoch 88/120  nt-xent=5.1100  sigreg=0.0266
  [simclr+sigreg] epoch 89/120  nt-xent=5.1091  sigreg=0.0261
  [simclr+sigreg] epoch 90/120  nt-xent=5.1104  sigreg=0.0291
  [simclr+sigreg] epoch 91/120  nt-xent=5.1098  sigreg=0.0270
  [simclr+sigreg] epoch 92/120  nt-xent=5.1087  sigreg=0.0273
  [simclr+sigreg] epoch 93/120  nt-xent=5.1106  sigreg=0.0290
  [simclr+sigreg] epoch 94/120  nt-xent=5.1082  sigreg=0.0292
  [simclr+sigreg] epoch 95/120  nt-xent=5.1074  sigreg=0.0278
  [simclr+sigreg] epoch 96/120  nt-xent=5.1053  sigreg=0.0261
  [simclr+sigreg] epoch 97/120  nt-xent=5.1046  sigreg=0.0268
  [simclr+sigreg] epoch 98/120  nt-xent=5.1024  sigreg=0.0250
  [simclr+sigreg] epoch 99/120  nt-xent=5.1069  sigreg=0.0263
  [simclr+sigreg] epoch 100/120  nt-xent=5.1061  sigreg=0.0276
  [simclr+sigreg] epoch 101/120  nt-xent=5.1067  sigreg=0.0280
  [simclr+sigreg] epoch 102/120  nt-xent=5.1053  sigreg=0.0268
  [simclr+sigreg] epoch 103/120  nt-xent=5.1040  sigreg=0.0277
  [simclr+sigreg] epoch 104/120  nt-xent=5.1069  sigreg=0.0271
  [simclr+sigreg] epoch 105/120  nt-xent=5.1043  sigreg=0.0266
  [simclr+sigreg] epoch 106/120  nt-xent=5.0997  sigreg=0.0240
  [simclr+sigreg] epoch 107/120  nt-xent=5.1026  sigreg=0.0251
  [simclr+sigreg] epoch 108/120  nt-xent=5.1054  sigreg=0.0268
  [simclr+sigreg] epoch 109/120  nt-xent=5.1039  sigreg=0.0259
  [simclr+sigreg] epoch 110/120  nt-xent=5.0998  sigreg=0.0248
  [simclr+sigreg] epoch 111/120  nt-xent=5.0998  sigreg=0.0254
  [simclr+sigreg] epoch 112/120  nt-xent=5.1012  sigreg=0.0253
  [simclr+sigreg] epoch 113/120  nt-xent=5.0997  sigreg=0.0244
  [simclr+sigreg] epoch 114/120  nt-xent=5.0968  sigreg=0.0248
  [simclr+sigreg] epoch 115/120  nt-xent=5.0960  sigreg=0.0244
  [simclr+sigreg] epoch 116/120  nt-xent=5.0967  sigreg=0.0247
  [simclr+sigreg] epoch 117/120  nt-xent=5.0984  sigreg=0.0247
  [simclr+sigreg] epoch 118/120  nt-xent=5.0989  sigreg=0.0255
  [simclr+sigreg] epoch 119/120  nt-xent=5.0958  sigreg=0.0233
  [simclr+sigreg] epoch 120/120  nt-xent=5.0945  sigreg=0.0242
  [cars/visreg] raw probe (768d)           48.1
  [cars/visreg] SupCon (aug)               56.0
  [cars/visreg] ss[lam5]                   43.7
  [cars/visreg] supcon+hybrid (concat)     47.6
  [cars/visreg] ss+hybrid (concat)         43.0

######## flowers on DINO ViT-B/16 ########
  [supcon] epoch 1/120  loss=4.9586
  [supcon] epoch 2/120  loss=4.1676
  [supcon] epoch 3/120  loss=3.8349
  [supcon] epoch 4/120  loss=3.6375
  [supcon] epoch 5/120  loss=3.4796
  [supcon] epoch 6/120  loss=3.3599
  [supcon] epoch 7/120  loss=3.2443
  [supcon] epoch 8/120  loss=3.1221
  [supcon] epoch 9/120  loss=3.0456
  [supcon] epoch 10/120  loss=3.0089
  [supcon] epoch 11/120  loss=2.9219
  [supcon] epoch 12/120  loss=2.8640
  [supcon] epoch 13/120  loss=2.8227
  [supcon] epoch 14/120  loss=2.7780
  [supcon] epoch 15/120  loss=2.7390
  [supcon] epoch 16/120  loss=2.7004
  [supcon] epoch 17/120  loss=2.6551
  [supcon] epoch 18/120  loss=2.6366
  [supcon] epoch 19/120  loss=2.6060
  [supcon] epoch 20/120  loss=2.5823
  [supcon] epoch 21/120  loss=2.5419
  [supcon] epoch 22/120  loss=2.5298
  [supcon] epoch 23/120  loss=2.5121
  [supcon] epoch 24/120  loss=2.5087
  [supcon] epoch 25/120  loss=2.4873
  [supcon] epoch 26/120  loss=2.4676
  [supcon] epoch 27/120  loss=2.4520
  [supcon] epoch 28/120  loss=2.4441
  [supcon] epoch 29/120  loss=2.4355
  [supcon] epoch 30/120  loss=2.4087
  [supcon] epoch 31/120  loss=2.4236
  [supcon] epoch 32/120  loss=2.4050
  [supcon] epoch 33/120  loss=2.4152
  [supcon] epoch 34/120  loss=2.3906
  [supcon] epoch 35/120  loss=2.3869
  [supcon] epoch 36/120  loss=2.3753
  [supcon] epoch 37/120  loss=2.3781
  [supcon] epoch 38/120  loss=2.3718
  [supcon] epoch 39/120  loss=2.3588
  [supcon] epoch 40/120  loss=2.3625
  [supcon] epoch 41/120  loss=2.3593
  [supcon] epoch 42/120  loss=2.3475
  [supcon] epoch 43/120  loss=2.3595
  [supcon] epoch 44/120  loss=2.3439
  [supcon] epoch 45/120  loss=2.3593
  [supcon] epoch 46/120  loss=2.3463
  [supcon] epoch 47/120  loss=2.3395
  [supcon] epoch 48/120  loss=2.3383
  [supcon] epoch 49/120  loss=2.3375
  [supcon] epoch 50/120  loss=2.3337
  [supcon] epoch 51/120  loss=2.3319
  [supcon] epoch 52/120  loss=2.3259
  [supcon] epoch 53/120  loss=2.3382
  [supcon] epoch 54/120  loss=2.3198
  [supcon] epoch 55/120  loss=2.3322
  [supcon] epoch 56/120  loss=2.3305
  [supcon] epoch 57/120  loss=2.3119
  [supcon] epoch 58/120  loss=2.3195
  [supcon] epoch 59/120  loss=2.3371
  [supcon] epoch 60/120  loss=2.3270
  [supcon] epoch 61/120  loss=2.3159
  [supcon] epoch 62/120  loss=2.3312
  [supcon] epoch 63/120  loss=2.3220
  [supcon] epoch 64/120  loss=2.3131
  [supcon] epoch 65/120  loss=2.3135
  [supcon] epoch 66/120  loss=2.3102
  [supcon] epoch 67/120  loss=2.3010
  [supcon] epoch 68/120  loss=2.3124
  [supcon] epoch 69/120  loss=2.3044
  [supcon] epoch 70/120  loss=2.3246
  [supcon] epoch 71/120  loss=2.3193
  [supcon] epoch 72/120  loss=2.3098
  [supcon] epoch 73/120  loss=2.3161
  [supcon] epoch 74/120  loss=2.3146
  [supcon] epoch 75/120  loss=2.2991
  [supcon] epoch 76/120  loss=2.3182
  [supcon] epoch 77/120  loss=2.3088
  [supcon] epoch 78/120  loss=2.2997
  [supcon] epoch 79/120  loss=2.3200
  [supcon] epoch 80/120  loss=2.3114
  [supcon] epoch 81/120  loss=2.3124
  [supcon] epoch 82/120  loss=2.3099
  [supcon] epoch 83/120  loss=2.3080
  [supcon] epoch 84/120  loss=2.2983
  [supcon] epoch 85/120  loss=2.3120
  [supcon] epoch 86/120  loss=2.3045
  [supcon] epoch 87/120  loss=2.3140
  [supcon] epoch 88/120  loss=2.2958
  [supcon] epoch 89/120  loss=2.3119
  [supcon] epoch 90/120  loss=2.2945
  [supcon] epoch 91/120  loss=2.2984
  [supcon] epoch 92/120  loss=2.2946
  [supcon] epoch 93/120  loss=2.3085
  [supcon] epoch 94/120  loss=2.2988
  [supcon] epoch 95/120  loss=2.3077
  [supcon] epoch 96/120  loss=2.2993
  [supcon] epoch 97/120  loss=2.2966
  [supcon] epoch 98/120  loss=2.3047
  [supcon] epoch 99/120  loss=2.2883
  [supcon] epoch 100/120  loss=2.2926
  [supcon] epoch 101/120  loss=2.3037
  [supcon] epoch 102/120  loss=2.2982
  [supcon] epoch 103/120  loss=2.2927
  [supcon] epoch 104/120  loss=2.2855
  [supcon] epoch 105/120  loss=2.2975
  [supcon] epoch 106/120  loss=2.3000
  [supcon] epoch 107/120  loss=2.2996
  [supcon] epoch 108/120  loss=2.2965
  [supcon] epoch 109/120  loss=2.2989
  [supcon] epoch 110/120  loss=2.3012
  [supcon] epoch 111/120  loss=2.2999
  [supcon] epoch 112/120  loss=2.2947
  [supcon] epoch 113/120  loss=2.2901
  [supcon] epoch 114/120  loss=2.2972
  [supcon] epoch 115/120  loss=2.3031
  [supcon] epoch 116/120  loss=2.2918
  [supcon] epoch 117/120  loss=2.3015
  [supcon] epoch 118/120  loss=2.2796
  [supcon] epoch 119/120  loss=2.2874
  [supcon] epoch 120/120  loss=2.2904
  [supcon+sigreg] epoch 1/120  supcon=5.3343  sigreg=0.5262
  [supcon+sigreg] epoch 2/120  supcon=4.6778  sigreg=0.3083
  [supcon+sigreg] epoch 3/120  supcon=4.4387  sigreg=0.1974
  [supcon+sigreg] epoch 4/120  supcon=4.3047  sigreg=0.1598
  [supcon+sigreg] epoch 5/120  supcon=4.1502  sigreg=0.1331
  [supcon+sigreg] epoch 6/120  supcon=4.0606  sigreg=0.1134
  [supcon+sigreg] epoch 7/120  supcon=3.9043  sigreg=0.1041
  [supcon+sigreg] epoch 8/120  supcon=3.8633  sigreg=0.0882
  [supcon+sigreg] epoch 9/120  supcon=3.7677  sigreg=0.0954
  [supcon+sigreg] epoch 10/120  supcon=3.6688  sigreg=0.0736
  [supcon+sigreg] epoch 11/120  supcon=3.6196  sigreg=0.0693
  [supcon+sigreg] epoch 12/120  supcon=3.5565  sigreg=0.0682
  [supcon+sigreg] epoch 13/120  supcon=3.5081  sigreg=0.0619
  [supcon+sigreg] epoch 14/120  supcon=3.4578  sigreg=0.0610
  [supcon+sigreg] epoch 15/120  supcon=3.3802  sigreg=0.0575
  [supcon+sigreg] epoch 16/120  supcon=3.3429  sigreg=0.0509
  [supcon+sigreg] epoch 17/120  supcon=3.2791  sigreg=0.0498
  [supcon+sigreg] epoch 18/120  supcon=3.2324  sigreg=0.0461
  [supcon+sigreg] epoch 19/120  supcon=3.2030  sigreg=0.0399
  [supcon+sigreg] epoch 20/120  supcon=3.1673  sigreg=0.0418
  [supcon+sigreg] epoch 21/120  supcon=3.1617  sigreg=0.0436
  [supcon+sigreg] epoch 22/120  supcon=3.1012  sigreg=0.0384
  [supcon+sigreg] epoch 23/120  supcon=3.0848  sigreg=0.0397
  [supcon+sigreg] epoch 24/120  supcon=3.0148  sigreg=0.0393
  [supcon+sigreg] epoch 25/120  supcon=3.0122  sigreg=0.0373
  [supcon+sigreg] epoch 26/120  supcon=2.9755  sigreg=0.0369
  [supcon+sigreg] epoch 27/120  supcon=2.9564  sigreg=0.0371
  [supcon+sigreg] epoch 28/120  supcon=2.9395  sigreg=0.0380
  [supcon+sigreg] epoch 29/120  supcon=2.9047  sigreg=0.0410
  [supcon+sigreg] epoch 30/120  supcon=2.9026  sigreg=0.0368
  [supcon+sigreg] epoch 31/120  supcon=2.8651  sigreg=0.0363
  [supcon+sigreg] epoch 32/120  supcon=2.8259  sigreg=0.0351
  [supcon+sigreg] epoch 33/120  supcon=2.8330  sigreg=0.0361
  [supcon+sigreg] epoch 34/120  supcon=2.8077  sigreg=0.0298
  [supcon+sigreg] epoch 35/120  supcon=2.7764  sigreg=0.0339
  [supcon+sigreg] epoch 36/120  supcon=2.7532  sigreg=0.0312
  [supcon+sigreg] epoch 37/120  supcon=2.7518  sigreg=0.0342
  [supcon+sigreg] epoch 38/120  supcon=2.7182  sigreg=0.0362
  [supcon+sigreg] epoch 39/120  supcon=2.7265  sigreg=0.0312
  [supcon+sigreg] epoch 40/120  supcon=2.6965  sigreg=0.0288
  [supcon+sigreg] epoch 41/120  supcon=2.6832  sigreg=0.0318
  [supcon+sigreg] epoch 42/120  supcon=2.6891  sigreg=0.0317
  [supcon+sigreg] epoch 43/120  supcon=2.6579  sigreg=0.0292
  [supcon+sigreg] epoch 44/120  supcon=2.6506  sigreg=0.0280
  [supcon+sigreg] epoch 45/120  supcon=2.6404  sigreg=0.0313
  [supcon+sigreg] epoch 46/120  supcon=2.6164  sigreg=0.0285
  [supcon+sigreg] epoch 47/120  supcon=2.6137  sigreg=0.0319
  [supcon+sigreg] epoch 48/120  supcon=2.6044  sigreg=0.0316
  [supcon+sigreg] epoch 49/120  supcon=2.5784  sigreg=0.0294
  [supcon+sigreg] epoch 50/120  supcon=2.5783  sigreg=0.0298
  [supcon+sigreg] epoch 51/120  supcon=2.5661  sigreg=0.0277
  [supcon+sigreg] epoch 52/120  supcon=2.5711  sigreg=0.0309
  [supcon+sigreg] epoch 53/120  supcon=2.5602  sigreg=0.0296
  [supcon+sigreg] epoch 54/120  supcon=2.5661  sigreg=0.0303
  [supcon+sigreg] epoch 55/120  supcon=2.5721  sigreg=0.0284
  [supcon+sigreg] epoch 56/120  supcon=2.5582  sigreg=0.0283
  [supcon+sigreg] epoch 57/120  supcon=2.5351  sigreg=0.0286
  [supcon+sigreg] epoch 58/120  supcon=2.5297  sigreg=0.0261
  [supcon+sigreg] epoch 59/120  supcon=2.5381  sigreg=0.0287
  [supcon+sigreg] epoch 60/120  supcon=2.5222  sigreg=0.0308
  [supcon+sigreg] epoch 61/120  supcon=2.5178  sigreg=0.0278
  [supcon+sigreg] epoch 62/120  supcon=2.5019  sigreg=0.0281
  [supcon+sigreg] epoch 63/120  supcon=2.4944  sigreg=0.0293
  [supcon+sigreg] epoch 64/120  supcon=2.4913  sigreg=0.0264
  [supcon+sigreg] epoch 65/120  supcon=2.4939  sigreg=0.0239
  [supcon+sigreg] epoch 66/120  supcon=2.4897  sigreg=0.0243
  [supcon+sigreg] epoch 67/120  supcon=2.4815  sigreg=0.0260
  [supcon+sigreg] epoch 68/120  supcon=2.4720  sigreg=0.0261
  [supcon+sigreg] epoch 69/120  supcon=2.4598  sigreg=0.0265
  [supcon+sigreg] epoch 70/120  supcon=2.4740  sigreg=0.0274
  [supcon+sigreg] epoch 71/120  supcon=2.4651  sigreg=0.0265
  [supcon+sigreg] epoch 72/120  supcon=2.4578  sigreg=0.0255
  [supcon+sigreg] epoch 73/120  supcon=2.4671  sigreg=0.0273
  [supcon+sigreg] epoch 74/120  supcon=2.4515  sigreg=0.0245
  [supcon+sigreg] epoch 75/120  supcon=2.4641  sigreg=0.0267
  [supcon+sigreg] epoch 76/120  supcon=2.4376  sigreg=0.0237
  [supcon+sigreg] epoch 77/120  supcon=2.4450  sigreg=0.0247
  [supcon+sigreg] epoch 78/120  supcon=2.4385  sigreg=0.0246
  [supcon+sigreg] epoch 79/120  supcon=2.4368  sigreg=0.0233
  [supcon+sigreg] epoch 80/120  supcon=2.4351  sigreg=0.0259
  [supcon+sigreg] epoch 81/120  supcon=2.4270  sigreg=0.0262
  [supcon+sigreg] epoch 82/120  supcon=2.4217  sigreg=0.0241
  [supcon+sigreg] epoch 83/120  supcon=2.4316  sigreg=0.0252
  [supcon+sigreg] epoch 84/120  supcon=2.4195  sigreg=0.0269
  [supcon+sigreg] epoch 85/120  supcon=2.4061  sigreg=0.0258
  [supcon+sigreg] epoch 86/120  supcon=2.4208  sigreg=0.0253
  [supcon+sigreg] epoch 87/120  supcon=2.4155  sigreg=0.0231
  [supcon+sigreg] epoch 88/120  supcon=2.4133  sigreg=0.0242
  [supcon+sigreg] epoch 89/120  supcon=2.4087  sigreg=0.0242
  [supcon+sigreg] epoch 90/120  supcon=2.3992  sigreg=0.0245
  [supcon+sigreg] epoch 91/120  supcon=2.4113  sigreg=0.0285
  [supcon+sigreg] epoch 92/120  supcon=2.4085  sigreg=0.0221
  [supcon+sigreg] epoch 93/120  supcon=2.3909  sigreg=0.0252
  [supcon+sigreg] epoch 94/120  supcon=2.3955  sigreg=0.0259
  [supcon+sigreg] epoch 95/120  supcon=2.3926  sigreg=0.0224
  [supcon+sigreg] epoch 96/120  supcon=2.3904  sigreg=0.0238
  [supcon+sigreg] epoch 97/120  supcon=2.3943  sigreg=0.0234
  [supcon+sigreg] epoch 98/120  supcon=2.3906  sigreg=0.0275
  [supcon+sigreg] epoch 99/120  supcon=2.4004  sigreg=0.0252
  [supcon+sigreg] epoch 100/120  supcon=2.3834  sigreg=0.0226
  [supcon+sigreg] epoch 101/120  supcon=2.3892  sigreg=0.0240
  [supcon+sigreg] epoch 102/120  supcon=2.3885  sigreg=0.0233
  [supcon+sigreg] epoch 103/120  supcon=2.3909  sigreg=0.0215
  [supcon+sigreg] epoch 104/120  supcon=2.3911  sigreg=0.0229
  [supcon+sigreg] epoch 105/120  supcon=2.3763  sigreg=0.0244
  [supcon+sigreg] epoch 106/120  supcon=2.3851  sigreg=0.0233
  [supcon+sigreg] epoch 107/120  supcon=2.3890  sigreg=0.0220
  [supcon+sigreg] epoch 108/120  supcon=2.3734  sigreg=0.0220
  [supcon+sigreg] epoch 109/120  supcon=2.3756  sigreg=0.0237
  [supcon+sigreg] epoch 110/120  supcon=2.3815  sigreg=0.0210
  [supcon+sigreg] epoch 111/120  supcon=2.3932  sigreg=0.0239
  [supcon+sigreg] epoch 112/120  supcon=2.3619  sigreg=0.0228
  [supcon+sigreg] epoch 113/120  supcon=2.3716  sigreg=0.0205
  [supcon+sigreg] epoch 114/120  supcon=2.3813  sigreg=0.0217
  [supcon+sigreg] epoch 115/120  supcon=2.3729  sigreg=0.0214
  [supcon+sigreg] epoch 116/120  supcon=2.3765  sigreg=0.0210
  [supcon+sigreg] epoch 117/120  supcon=2.3697  sigreg=0.0215
  [supcon+sigreg] epoch 118/120  supcon=2.3615  sigreg=0.0238
  [supcon+sigreg] epoch 119/120  supcon=2.3590  sigreg=0.0215
  [supcon+sigreg] epoch 120/120  supcon=2.3593  sigreg=0.0235
  [simclr+sigreg] epoch 1/120  nt-xent=6.1104  sigreg=0.4964
  [simclr+sigreg] epoch 2/120  nt-xent=5.7846  sigreg=0.3436
  [simclr+sigreg] epoch 3/120  nt-xent=5.6703  sigreg=0.2394
  [simclr+sigreg] epoch 4/120  nt-xent=5.5888  sigreg=0.1907
  [simclr+sigreg] epoch 5/120  nt-xent=5.4864  sigreg=0.1517
  [simclr+sigreg] epoch 6/120  nt-xent=5.4426  sigreg=0.1448
  [simclr+sigreg] epoch 7/120  nt-xent=5.4147  sigreg=0.1090
  [simclr+sigreg] epoch 8/120  nt-xent=5.3958  sigreg=0.0985
  [simclr+sigreg] epoch 9/120  nt-xent=5.3553  sigreg=0.0846
  [simclr+sigreg] epoch 10/120  nt-xent=5.3385  sigreg=0.0868
  [simclr+sigreg] epoch 11/120  nt-xent=5.3204  sigreg=0.0764
  [simclr+sigreg] epoch 12/120  nt-xent=5.3096  sigreg=0.0647
  [simclr+sigreg] epoch 13/120  nt-xent=5.2961  sigreg=0.0627
  [simclr+sigreg] epoch 14/120  nt-xent=5.2955  sigreg=0.0646
  [simclr+sigreg] epoch 15/120  nt-xent=5.2805  sigreg=0.0512
  [simclr+sigreg] epoch 16/120  nt-xent=5.2769  sigreg=0.0592
  [simclr+sigreg] epoch 17/120  nt-xent=5.2726  sigreg=0.0514
  [simclr+sigreg] epoch 18/120  nt-xent=5.2689  sigreg=0.0494
  [simclr+sigreg] epoch 19/120  nt-xent=5.2628  sigreg=0.0483
  [simclr+sigreg] epoch 20/120  nt-xent=5.2616  sigreg=0.0469
  [simclr+sigreg] epoch 21/120  nt-xent=5.2509  sigreg=0.0481
  [simclr+sigreg] epoch 22/120  nt-xent=5.2487  sigreg=0.0408
  [simclr+sigreg] epoch 23/120  nt-xent=5.2453  sigreg=0.0448
  [simclr+sigreg] epoch 24/120  nt-xent=5.2501  sigreg=0.0410
  [simclr+sigreg] epoch 25/120  nt-xent=5.2438  sigreg=0.0364
  [simclr+sigreg] epoch 26/120  nt-xent=5.2428  sigreg=0.0340
  [simclr+sigreg] epoch 27/120  nt-xent=5.2359  sigreg=0.0405
  [simclr+sigreg] epoch 28/120  nt-xent=5.2295  sigreg=0.0393
  [simclr+sigreg] epoch 29/120  nt-xent=5.2338  sigreg=0.0380
  [simclr+sigreg] epoch 30/120  nt-xent=5.2247  sigreg=0.0360
  [simclr+sigreg] epoch 31/120  nt-xent=5.2260  sigreg=0.0383
  [simclr+sigreg] epoch 32/120  nt-xent=5.2215  sigreg=0.0363
  [simclr+sigreg] epoch 33/120  nt-xent=5.2171  sigreg=0.0332
  [simclr+sigreg] epoch 34/120  nt-xent=5.2226  sigreg=0.0346
  [simclr+sigreg] epoch 35/120  nt-xent=5.2147  sigreg=0.0360
  [simclr+sigreg] epoch 36/120  nt-xent=5.2102  sigreg=0.0361
  [simclr+sigreg] epoch 37/120  nt-xent=5.2118  sigreg=0.0326
  [simclr+sigreg] epoch 38/120  nt-xent=5.2122  sigreg=0.0315
  [simclr+sigreg] epoch 39/120  nt-xent=5.2076  sigreg=0.0326
  [simclr+sigreg] epoch 40/120  nt-xent=5.2068  sigreg=0.0330
  [simclr+sigreg] epoch 41/120  nt-xent=5.2036  sigreg=0.0348
  [simclr+sigreg] epoch 42/120  nt-xent=5.2080  sigreg=0.0323
  [simclr+sigreg] epoch 43/120  nt-xent=5.2052  sigreg=0.0312
  [simclr+sigreg] epoch 44/120  nt-xent=5.2021  sigreg=0.0364
  [simclr+sigreg] epoch 45/120  nt-xent=5.2020  sigreg=0.0351
  [simclr+sigreg] epoch 46/120  nt-xent=5.1970  sigreg=0.0325
  [simclr+sigreg] epoch 47/120  nt-xent=5.1936  sigreg=0.0312
  [simclr+sigreg] epoch 48/120  nt-xent=5.1952  sigreg=0.0295
  [simclr+sigreg] epoch 49/120  nt-xent=5.1923  sigreg=0.0331
  [simclr+sigreg] epoch 50/120  nt-xent=5.1889  sigreg=0.0295
  [simclr+sigreg] epoch 51/120  nt-xent=5.1916  sigreg=0.0301
  [simclr+sigreg] epoch 52/120  nt-xent=5.1872  sigreg=0.0313
  [simclr+sigreg] epoch 53/120  nt-xent=5.1956  sigreg=0.0302
  [simclr+sigreg] epoch 54/120  nt-xent=5.1874  sigreg=0.0305
  [simclr+sigreg] epoch 55/120  nt-xent=5.1856  sigreg=0.0276
  [simclr+sigreg] epoch 56/120  nt-xent=5.1847  sigreg=0.0283
  [simclr+sigreg] epoch 57/120  nt-xent=5.1802  sigreg=0.0265
  [simclr+sigreg] epoch 58/120  nt-xent=5.1843  sigreg=0.0298
  [simclr+sigreg] epoch 59/120  nt-xent=5.1846  sigreg=0.0255
  [simclr+sigreg] epoch 60/120  nt-xent=5.1786  sigreg=0.0294
  [simclr+sigreg] epoch 61/120  nt-xent=5.1770  sigreg=0.0287
  [simclr+sigreg] epoch 62/120  nt-xent=5.1798  sigreg=0.0302
  [simclr+sigreg] epoch 63/120  nt-xent=5.1784  sigreg=0.0265
  [simclr+sigreg] epoch 64/120  nt-xent=5.1748  sigreg=0.0262
  [simclr+sigreg] epoch 65/120  nt-xent=5.1731  sigreg=0.0290
  [simclr+sigreg] epoch 66/120  nt-xent=5.1736  sigreg=0.0268
  [simclr+sigreg] epoch 67/120  nt-xent=5.1740  sigreg=0.0292
  [simclr+sigreg] epoch 68/120  nt-xent=5.1730  sigreg=0.0304
  [simclr+sigreg] epoch 69/120  nt-xent=5.1709  sigreg=0.0275
  [simclr+sigreg] epoch 70/120  nt-xent=5.1683  sigreg=0.0284
  [simclr+sigreg] epoch 71/120  nt-xent=5.1646  sigreg=0.0294
  [simclr+sigreg] epoch 72/120  nt-xent=5.1604  sigreg=0.0259
  [simclr+sigreg] epoch 73/120  nt-xent=5.1655  sigreg=0.0266
  [simclr+sigreg] epoch 74/120  nt-xent=5.1715  sigreg=0.0275
  [simclr+sigreg] epoch 75/120  nt-xent=5.1612  sigreg=0.0257
  [simclr+sigreg] epoch 76/120  nt-xent=5.1672  sigreg=0.0236
  [simclr+sigreg] epoch 77/120  nt-xent=5.1607  sigreg=0.0284
  [simclr+sigreg] epoch 78/120  nt-xent=5.1623  sigreg=0.0269
  [simclr+sigreg] epoch 79/120  nt-xent=5.1621  sigreg=0.0268
  [simclr+sigreg] epoch 80/120  nt-xent=5.1628  sigreg=0.0277
  [simclr+sigreg] epoch 81/120  nt-xent=5.1566  sigreg=0.0246
  [simclr+sigreg] epoch 82/120  nt-xent=5.1568  sigreg=0.0260
  [simclr+sigreg] epoch 83/120  nt-xent=5.1533  sigreg=0.0219
  [simclr+sigreg] epoch 84/120  nt-xent=5.1511  sigreg=0.0231
  [simclr+sigreg] epoch 85/120  nt-xent=5.1532  sigreg=0.0255
  [simclr+sigreg] epoch 86/120  nt-xent=5.1477  sigreg=0.0237
  [simclr+sigreg] epoch 87/120  nt-xent=5.1510  sigreg=0.0243
  [simclr+sigreg] epoch 88/120  nt-xent=5.1476  sigreg=0.0252
  [simclr+sigreg] epoch 89/120  nt-xent=5.1477  sigreg=0.0244
  [simclr+sigreg] epoch 90/120  nt-xent=5.1514  sigreg=0.0245
  [simclr+sigreg] epoch 91/120  nt-xent=5.1481  sigreg=0.0201
  [simclr+sigreg] epoch 92/120  nt-xent=5.1439  sigreg=0.0252
  [simclr+sigreg] epoch 93/120  nt-xent=5.1467  sigreg=0.0253
  [simclr+sigreg] epoch 94/120  nt-xent=5.1437  sigreg=0.0235
  [simclr+sigreg] epoch 95/120  nt-xent=5.1413  sigreg=0.0255
  [simclr+sigreg] epoch 96/120  nt-xent=5.1430  sigreg=0.0225
  [simclr+sigreg] epoch 97/120  nt-xent=5.1401  sigreg=0.0241
  [simclr+sigreg] epoch 98/120  nt-xent=5.1420  sigreg=0.0239
  [simclr+sigreg] epoch 99/120  nt-xent=5.1375  sigreg=0.0211
  [simclr+sigreg] epoch 100/120  nt-xent=5.1400  sigreg=0.0257
  [simclr+sigreg] epoch 101/120  nt-xent=5.1381  sigreg=0.0225
  [simclr+sigreg] epoch 102/120  nt-xent=5.1328  sigreg=0.0205
  [simclr+sigreg] epoch 103/120  nt-xent=5.1356  sigreg=0.0202
  [simclr+sigreg] epoch 104/120  nt-xent=5.1388  sigreg=0.0220
  [simclr+sigreg] epoch 105/120  nt-xent=5.1350  sigreg=0.0234
  [simclr+sigreg] epoch 106/120  nt-xent=5.1366  sigreg=0.0219
  [simclr+sigreg] epoch 107/120  nt-xent=5.1298  sigreg=0.0224
  [simclr+sigreg] epoch 108/120  nt-xent=5.1330  sigreg=0.0217
  [simclr+sigreg] epoch 109/120  nt-xent=5.1319  sigreg=0.0204
  [simclr+sigreg] epoch 110/120  nt-xent=5.1321  sigreg=0.0223
  [simclr+sigreg] epoch 111/120  nt-xent=5.1317  sigreg=0.0207
  [simclr+sigreg] epoch 112/120  nt-xent=5.1281  sigreg=0.0202
  [simclr+sigreg] epoch 113/120  nt-xent=5.1308  sigreg=0.0221
  [simclr+sigreg] epoch 114/120  nt-xent=5.1237  sigreg=0.0217
  [simclr+sigreg] epoch 115/120  nt-xent=5.1265  sigreg=0.0205
  [simclr+sigreg] epoch 116/120  nt-xent=5.1278  sigreg=0.0220
  [simclr+sigreg] epoch 117/120  nt-xent=5.1260  sigreg=0.0213
  [simclr+sigreg] epoch 118/120  nt-xent=5.1245  sigreg=0.0204
  [simclr+sigreg] epoch 119/120  nt-xent=5.1280  sigreg=0.0197
  [simclr+sigreg] epoch 120/120  nt-xent=5.1206  sigreg=0.0207
  [flowers/dino] raw probe (768d)           96.6
  [flowers/dino] SupCon (aug)               96.0
  [flowers/dino] ss[lam5]                   97.0
  [flowers/dino] supcon+hybrid (concat)     95.2
  [flowers/dino] ss+hybrid (concat)         96.5

######## flowers on LeJEPA ViT-B/16 (community repro) ########
  [supcon] epoch 1/120  loss=5.3595
  [supcon] epoch 2/120  loss=4.6639
  [supcon] epoch 3/120  loss=4.3411
  [supcon] epoch 4/120  loss=4.1192
  [supcon] epoch 5/120  loss=3.9482
  [supcon] epoch 6/120  loss=3.8050
  [supcon] epoch 7/120  loss=3.7124
  [supcon] epoch 8/120  loss=3.5657
  [supcon] epoch 9/120  loss=3.5079
  [supcon] epoch 10/120  loss=3.4152
  [supcon] epoch 11/120  loss=3.3185
  [supcon] epoch 12/120  loss=3.2543
  [supcon] epoch 13/120  loss=3.2053
  [supcon] epoch 14/120  loss=3.1302
  [supcon] epoch 15/120  loss=3.0734
  [supcon] epoch 16/120  loss=3.0426
  [supcon] epoch 17/120  loss=2.9874
  [supcon] epoch 18/120  loss=2.9179
  [supcon] epoch 19/120  loss=2.9041
  [supcon] epoch 20/120  loss=2.8727
  [supcon] epoch 21/120  loss=2.8155
  [supcon] epoch 22/120  loss=2.7995
  [supcon] epoch 23/120  loss=2.7603
  [supcon] epoch 24/120  loss=2.7545
  [supcon] epoch 25/120  loss=2.7144
  [supcon] epoch 26/120  loss=2.6697
  [supcon] epoch 27/120  loss=2.6550
  [supcon] epoch 28/120  loss=2.6476
  [supcon] epoch 29/120  loss=2.6208
  [supcon] epoch 30/120  loss=2.5934
  [supcon] epoch 31/120  loss=2.5784
  [supcon] epoch 32/120  loss=2.5684
  [supcon] epoch 33/120  loss=2.5664
  [supcon] epoch 34/120  loss=2.5509
  [supcon] epoch 35/120  loss=2.5248
  [supcon] epoch 36/120  loss=2.5137
  [supcon] epoch 37/120  loss=2.5047
  [supcon] epoch 38/120  loss=2.5029
  [supcon] epoch 39/120  loss=2.4755
  [supcon] epoch 40/120  loss=2.4778
  [supcon] epoch 41/120  loss=2.4646
  [supcon] epoch 42/120  loss=2.4484
  [supcon] epoch 43/120  loss=2.4554
  [supcon] epoch 44/120  loss=2.4391
  [supcon] epoch 45/120  loss=2.4522
  [supcon] epoch 46/120  loss=2.4327
  [supcon] epoch 47/120  loss=2.4267
  [supcon] epoch 48/120  loss=2.4220
  [supcon] epoch 49/120  loss=2.4118
  [supcon] epoch 50/120  loss=2.4064
  [supcon] epoch 51/120  loss=2.3997
  [supcon] epoch 52/120  loss=2.3956
  [supcon] epoch 53/120  loss=2.4055
  [supcon] epoch 54/120  loss=2.3842
  [supcon] epoch 55/120  loss=2.3976
  [supcon] epoch 56/120  loss=2.3965
  [supcon] epoch 57/120  loss=2.3732
  [supcon] epoch 58/120  loss=2.3783
  [supcon] epoch 59/120  loss=2.3939
  [supcon] epoch 60/120  loss=2.3808
  [supcon] epoch 61/120  loss=2.3702
  [supcon] epoch 62/120  loss=2.3815
  [supcon] epoch 63/120  loss=2.3713
  [supcon] epoch 64/120  loss=2.3600
  [supcon] epoch 65/120  loss=2.3584
  [supcon] epoch 66/120  loss=2.3542
  [supcon] epoch 67/120  loss=2.3467
  [supcon] epoch 68/120  loss=2.3536
  [supcon] epoch 69/120  loss=2.3464
  [supcon] epoch 70/120  loss=2.3669
  [supcon] epoch 71/120  loss=2.3576
  [supcon] epoch 72/120  loss=2.3474
  [supcon] epoch 73/120  loss=2.3524
  [supcon] epoch 74/120  loss=2.3510
  [supcon] epoch 75/120  loss=2.3359
  [supcon] epoch 76/120  loss=2.3531
  [supcon] epoch 77/120  loss=2.3420
  [supcon] epoch 78/120  loss=2.3321
  [supcon] epoch 79/120  loss=2.3529
  [supcon] epoch 80/120  loss=2.3417
  [supcon] epoch 81/120  loss=2.3419
  [supcon] epoch 82/120  loss=2.3384
  [supcon] epoch 83/120  loss=2.3359
  [supcon] epoch 84/120  loss=2.3272
  [supcon] epoch 85/120  loss=2.3398
  [supcon] epoch 86/120  loss=2.3316
  [supcon] epoch 87/120  loss=2.3395
  [supcon] epoch 88/120  loss=2.3211
  [supcon] epoch 89/120  loss=2.3356
  [supcon] epoch 90/120  loss=2.3193
  [supcon] epoch 91/120  loss=2.3219
  [supcon] epoch 92/120  loss=2.3173
  [supcon] epoch 93/120  loss=2.3296
  [supcon] epoch 94/120  loss=2.3211
  [supcon] epoch 95/120  loss=2.3301
  [supcon] epoch 96/120  loss=2.3201
  [supcon] epoch 97/120  loss=2.3172
  [supcon] epoch 98/120  loss=2.3260
  [supcon] epoch 99/120  loss=2.3094
  [supcon] epoch 100/120  loss=2.3131
  [supcon] epoch 101/120  loss=2.3233
  [supcon] epoch 102/120  loss=2.3178
  [supcon] epoch 103/120  loss=2.3127
  [supcon] epoch 104/120  loss=2.3044
  [supcon] epoch 105/120  loss=2.3161
  [supcon] epoch 106/120  loss=2.3183
  [supcon] epoch 107/120  loss=2.3170
  [supcon] epoch 108/120  loss=2.3129
  [supcon] epoch 109/120  loss=2.3160
  [supcon] epoch 110/120  loss=2.3181
  [supcon] epoch 111/120  loss=2.3162
  [supcon] epoch 112/120  loss=2.3105
  [supcon] epoch 113/120  loss=2.3063
  [supcon] epoch 114/120  loss=2.3131
  [supcon] epoch 115/120  loss=2.3187
  [supcon] epoch 116/120  loss=2.3078
  [supcon] epoch 117/120  loss=2.3159
  [supcon] epoch 118/120  loss=2.2949
  [supcon] epoch 119/120  loss=2.3019
  [supcon] epoch 120/120  loss=2.3041
  [supcon+sigreg] epoch 1/120  supcon=5.5098  sigreg=0.8771
  [supcon+sigreg] epoch 2/120  supcon=4.9184  sigreg=0.8008
  [supcon+sigreg] epoch 3/120  supcon=4.6820  sigreg=0.7313
  [supcon+sigreg] epoch 4/120  supcon=4.6307  sigreg=0.6614
  [supcon+sigreg] epoch 5/120  supcon=4.5904  sigreg=0.5818
  [supcon+sigreg] epoch 6/120  supcon=4.5442  sigreg=0.5098
  [supcon+sigreg] epoch 7/120  supcon=4.4833  sigreg=0.4230
  [supcon+sigreg] epoch 8/120  supcon=4.5441  sigreg=0.3728
  [supcon+sigreg] epoch 9/120  supcon=4.5102  sigreg=0.3097
  [supcon+sigreg] epoch 10/120  supcon=4.4997  sigreg=0.2523
  [supcon+sigreg] epoch 11/120  supcon=4.5383  sigreg=0.2199
  [supcon+sigreg] epoch 12/120  supcon=4.4696  sigreg=0.1982
  [supcon+sigreg] epoch 13/120  supcon=4.4359  sigreg=0.1732
  [supcon+sigreg] epoch 14/120  supcon=4.3931  sigreg=0.1608
  [supcon+sigreg] epoch 15/120  supcon=4.3779  sigreg=0.1352
  [supcon+sigreg] epoch 16/120  supcon=4.3287  sigreg=0.1357
  [supcon+sigreg] epoch 17/120  supcon=4.2903  sigreg=0.1261
  [supcon+sigreg] epoch 18/120  supcon=4.2492  sigreg=0.1319
  [supcon+sigreg] epoch 19/120  supcon=4.2211  sigreg=0.1095
  [supcon+sigreg] epoch 20/120  supcon=4.1720  sigreg=0.1168
  [supcon+sigreg] epoch 21/120  supcon=4.2252  sigreg=0.1029
  [supcon+sigreg] epoch 22/120  supcon=4.1439  sigreg=0.0958
  [supcon+sigreg] epoch 23/120  supcon=4.1309  sigreg=0.0837
  [supcon+sigreg] epoch 24/120  supcon=4.0714  sigreg=0.0862
  [supcon+sigreg] epoch 25/120  supcon=4.0724  sigreg=0.1023
  [supcon+sigreg] epoch 26/120  supcon=4.0578  sigreg=0.0964
  [supcon+sigreg] epoch 27/120  supcon=4.0140  sigreg=0.0831
  [supcon+sigreg] epoch 28/120  supcon=3.9921  sigreg=0.1049
  [supcon+sigreg] epoch 29/120  supcon=3.9925  sigreg=0.0883
  [supcon+sigreg] epoch 30/120  supcon=3.9920  sigreg=0.0891
  [supcon+sigreg] epoch 31/120  supcon=3.9427  sigreg=0.0854
  [supcon+sigreg] epoch 32/120  supcon=3.8858  sigreg=0.0952
  [supcon+sigreg] epoch 33/120  supcon=3.8825  sigreg=0.0766
  [supcon+sigreg] epoch 34/120  supcon=3.8767  sigreg=0.0768
  [supcon+sigreg] epoch 35/120  supcon=3.8248  sigreg=0.0773
  [supcon+sigreg] epoch 36/120  supcon=3.8265  sigreg=0.0758
  [supcon+sigreg] epoch 37/120  supcon=3.7873  sigreg=0.0823
  [supcon+sigreg] epoch 38/120  supcon=3.8139  sigreg=0.0717
  [supcon+sigreg] epoch 39/120  supcon=3.7978  sigreg=0.0678
  [supcon+sigreg] epoch 40/120  supcon=3.7751  sigreg=0.0677
  [supcon+sigreg] epoch 41/120  supcon=3.7343  sigreg=0.0764
  [supcon+sigreg] epoch 42/120  supcon=3.7459  sigreg=0.0653
  [supcon+sigreg] epoch 43/120  supcon=3.6932  sigreg=0.0737
  [supcon+sigreg] epoch 44/120  supcon=3.7059  sigreg=0.0619
  [supcon+sigreg] epoch 45/120  supcon=3.7081  sigreg=0.0707
  [supcon+sigreg] epoch 46/120  supcon=3.6696  sigreg=0.0624
  [supcon+sigreg] epoch 47/120  supcon=3.6454  sigreg=0.0722
  [supcon+sigreg] epoch 48/120  supcon=3.6342  sigreg=0.0718
  [supcon+sigreg] epoch 49/120  supcon=3.5940  sigreg=0.0672
  [supcon+sigreg] epoch 50/120  supcon=3.6170  sigreg=0.0668
  [supcon+sigreg] epoch 51/120  supcon=3.5735  sigreg=0.0626
  [supcon+sigreg] epoch 52/120  supcon=3.6017  sigreg=0.0640
  [supcon+sigreg] epoch 53/120  supcon=3.5847  sigreg=0.0693
  [supcon+sigreg] epoch 54/120  supcon=3.5916  sigreg=0.0672
  [supcon+sigreg] epoch 55/120  supcon=3.5495  sigreg=0.0682
  [supcon+sigreg] epoch 56/120  supcon=3.5372  sigreg=0.0754
  [supcon+sigreg] epoch 57/120  supcon=3.5693  sigreg=0.0680
  [supcon+sigreg] epoch 58/120  supcon=3.5322  sigreg=0.0577
  [supcon+sigreg] epoch 59/120  supcon=3.5274  sigreg=0.0619
  [supcon+sigreg] epoch 60/120  supcon=3.5183  sigreg=0.0649
  [supcon+sigreg] epoch 61/120  supcon=3.4692  sigreg=0.0589
  [supcon+sigreg] epoch 62/120  supcon=3.4673  sigreg=0.0633
  [supcon+sigreg] epoch 63/120  supcon=3.4945  sigreg=0.0653
  [supcon+sigreg] epoch 64/120  supcon=3.4576  sigreg=0.0672
  [supcon+sigreg] epoch 65/120  supcon=3.4239  sigreg=0.0686
  [supcon+sigreg] epoch 66/120  supcon=3.4443  sigreg=0.0694
  [supcon+sigreg] epoch 67/120  supcon=3.4277  sigreg=0.0631
  [supcon+sigreg] epoch 68/120  supcon=3.4165  sigreg=0.0675
  [supcon+sigreg] epoch 69/120  supcon=3.3788  sigreg=0.0679
  [supcon+sigreg] epoch 70/120  supcon=3.3917  sigreg=0.0639
  [supcon+sigreg] epoch 71/120  supcon=3.3628  sigreg=0.0543
  [supcon+sigreg] epoch 72/120  supcon=3.3566  sigreg=0.0671
  [supcon+sigreg] epoch 73/120  supcon=3.3822  sigreg=0.0586
  [supcon+sigreg] epoch 74/120  supcon=3.3795  sigreg=0.0609
  [supcon+sigreg] epoch 75/120  supcon=3.3569  sigreg=0.0625
  [supcon+sigreg] epoch 76/120  supcon=3.3424  sigreg=0.0537
  [supcon+sigreg] epoch 77/120  supcon=3.3241  sigreg=0.0609
  [supcon+sigreg] epoch 78/120  supcon=3.3234  sigreg=0.0550
  [supcon+sigreg] epoch 79/120  supcon=3.2882  sigreg=0.0561
  [supcon+sigreg] epoch 80/120  supcon=3.2820  sigreg=0.0595
  [supcon+sigreg] epoch 81/120  supcon=3.2808  sigreg=0.0520
  [supcon+sigreg] epoch 82/120  supcon=3.2825  sigreg=0.0611
  [supcon+sigreg] epoch 83/120  supcon=3.2482  sigreg=0.0569
  [supcon+sigreg] epoch 84/120  supcon=3.2477  sigreg=0.0553
  [supcon+sigreg] epoch 85/120  supcon=3.2524  sigreg=0.0648
  [supcon+sigreg] epoch 86/120  supcon=3.2323  sigreg=0.0553
  [supcon+sigreg] epoch 87/120  supcon=3.2309  sigreg=0.0547
  [supcon+sigreg] epoch 88/120  supcon=3.2250  sigreg=0.0504
  [supcon+sigreg] epoch 89/120  supcon=3.2133  sigreg=0.0510
  [supcon+sigreg] epoch 90/120  supcon=3.2025  sigreg=0.0527
  [supcon+sigreg] epoch 91/120  supcon=3.2024  sigreg=0.0589
  [supcon+sigreg] epoch 92/120  supcon=3.1918  sigreg=0.0533
  [supcon+sigreg] epoch 93/120  supcon=3.1757  sigreg=0.0468
  [supcon+sigreg] epoch 94/120  supcon=3.1837  sigreg=0.0496
  [supcon+sigreg] epoch 95/120  supcon=3.1727  sigreg=0.0502
  [supcon+sigreg] epoch 96/120  supcon=3.1724  sigreg=0.0448
  [supcon+sigreg] epoch 97/120  supcon=3.1897  sigreg=0.0518
  [supcon+sigreg] epoch 98/120  supcon=3.1497  sigreg=0.0472
  [supcon+sigreg] epoch 99/120  supcon=3.1422  sigreg=0.0483
  [supcon+sigreg] epoch 100/120  supcon=3.1527  sigreg=0.0571
  [supcon+sigreg] epoch 101/120  supcon=3.1352  sigreg=0.0530
  [supcon+sigreg] epoch 102/120  supcon=3.1319  sigreg=0.0581
  [supcon+sigreg] epoch 103/120  supcon=3.1260  sigreg=0.0508
  [supcon+sigreg] epoch 104/120  supcon=3.1259  sigreg=0.0541
  [supcon+sigreg] epoch 105/120  supcon=3.1250  sigreg=0.0524
  [supcon+sigreg] epoch 106/120  supcon=3.1222  sigreg=0.0474
  [supcon+sigreg] epoch 107/120  supcon=3.1095  sigreg=0.0471
  [supcon+sigreg] epoch 108/120  supcon=3.0904  sigreg=0.0565
  [supcon+sigreg] epoch 109/120  supcon=3.0997  sigreg=0.0485
  [supcon+sigreg] epoch 110/120  supcon=3.0805  sigreg=0.0591
  [supcon+sigreg] epoch 111/120  supcon=3.0718  sigreg=0.0539
  [supcon+sigreg] epoch 112/120  supcon=3.0644  sigreg=0.0463
  [supcon+sigreg] epoch 113/120  supcon=3.0796  sigreg=0.0495
  [supcon+sigreg] epoch 114/120  supcon=3.0628  sigreg=0.0463
  [supcon+sigreg] epoch 115/120  supcon=3.0500  sigreg=0.0447
  [supcon+sigreg] epoch 116/120  supcon=3.0402  sigreg=0.0525
  [supcon+sigreg] epoch 117/120  supcon=3.0582  sigreg=0.0508
  [supcon+sigreg] epoch 118/120  supcon=3.0285  sigreg=0.0531
  [supcon+sigreg] epoch 119/120  supcon=3.0327  sigreg=0.0488
  [supcon+sigreg] epoch 120/120  supcon=3.0233  sigreg=0.0511
  [simclr+sigreg] epoch 1/120  nt-xent=5.9572  sigreg=0.8777
  [simclr+sigreg] epoch 2/120  nt-xent=5.4980  sigreg=0.7823
  [simclr+sigreg] epoch 3/120  nt-xent=5.4676  sigreg=0.6792
  [simclr+sigreg] epoch 4/120  nt-xent=5.4772  sigreg=0.5837
  [simclr+sigreg] epoch 5/120  nt-xent=5.4800  sigreg=0.4442
  [simclr+sigreg] epoch 6/120  nt-xent=5.5015  sigreg=0.3250
  [simclr+sigreg] epoch 7/120  nt-xent=5.5174  sigreg=0.2585
  [simclr+sigreg] epoch 8/120  nt-xent=5.5350  sigreg=0.2094
  [simclr+sigreg] epoch 9/120  nt-xent=5.5243  sigreg=0.1818
  [simclr+sigreg] epoch 10/120  nt-xent=5.5199  sigreg=0.1694
  [simclr+sigreg] epoch 11/120  nt-xent=5.4991  sigreg=0.1874
  [simclr+sigreg] epoch 12/120  nt-xent=5.4710  sigreg=0.1471
  [simclr+sigreg] epoch 13/120  nt-xent=5.4661  sigreg=0.1264
  [simclr+sigreg] epoch 14/120  nt-xent=5.4454  sigreg=0.1386
  [simclr+sigreg] epoch 15/120  nt-xent=5.4314  sigreg=0.1195
  [simclr+sigreg] epoch 16/120  nt-xent=5.4270  sigreg=0.1159
  [simclr+sigreg] epoch 17/120  nt-xent=5.4225  sigreg=0.1044
  [simclr+sigreg] epoch 18/120  nt-xent=5.4001  sigreg=0.1028
  [simclr+sigreg] epoch 19/120  nt-xent=5.3971  sigreg=0.1106
  [simclr+sigreg] epoch 20/120  nt-xent=5.3832  sigreg=0.0973
  [simclr+sigreg] epoch 21/120  nt-xent=5.3806  sigreg=0.1070
  [simclr+sigreg] epoch 22/120  nt-xent=5.3678  sigreg=0.0914
  [simclr+sigreg] epoch 23/120  nt-xent=5.3614  sigreg=0.1007
  [simclr+sigreg] epoch 24/120  nt-xent=5.3622  sigreg=0.0788
  [simclr+sigreg] epoch 25/120  nt-xent=5.3555  sigreg=0.0889
  [simclr+sigreg] epoch 26/120  nt-xent=5.3509  sigreg=0.0817
  [simclr+sigreg] epoch 27/120  nt-xent=5.3441  sigreg=0.0810
  [simclr+sigreg] epoch 28/120  nt-xent=5.3438  sigreg=0.0756
  [simclr+sigreg] epoch 29/120  nt-xent=5.3381  sigreg=0.0777
  [simclr+sigreg] epoch 30/120  nt-xent=5.3313  sigreg=0.0751
  [simclr+sigreg] epoch 31/120  nt-xent=5.3361  sigreg=0.0751
  [simclr+sigreg] epoch 32/120  nt-xent=5.3281  sigreg=0.0878
  [simclr+sigreg] epoch 33/120  nt-xent=5.3306  sigreg=0.0929
  [simclr+sigreg] epoch 34/120  nt-xent=5.3251  sigreg=0.0926
  [simclr+sigreg] epoch 35/120  nt-xent=5.3211  sigreg=0.0793
  [simclr+sigreg] epoch 36/120  nt-xent=5.3174  sigreg=0.0814
  [simclr+sigreg] epoch 37/120  nt-xent=5.3127  sigreg=0.0735
  [simclr+sigreg] epoch 38/120  nt-xent=5.3116  sigreg=0.0713
  [simclr+sigreg] epoch 39/120  nt-xent=5.3058  sigreg=0.0734
  [simclr+sigreg] epoch 40/120  nt-xent=5.3004  sigreg=0.0622
  [simclr+sigreg] epoch 41/120  nt-xent=5.2974  sigreg=0.0804
  [simclr+sigreg] epoch 42/120  nt-xent=5.2949  sigreg=0.0794
  [simclr+sigreg] epoch 43/120  nt-xent=5.2932  sigreg=0.0698
  [simclr+sigreg] epoch 44/120  nt-xent=5.2930  sigreg=0.0710
  [simclr+sigreg] epoch 45/120  nt-xent=5.2923  sigreg=0.0781
  [simclr+sigreg] epoch 46/120  nt-xent=5.2909  sigreg=0.0736
  [simclr+sigreg] epoch 47/120  nt-xent=5.2892  sigreg=0.0713
  [simclr+sigreg] epoch 48/120  nt-xent=5.2876  sigreg=0.0794
  [simclr+sigreg] epoch 49/120  nt-xent=5.2879  sigreg=0.0648
  [simclr+sigreg] epoch 50/120  nt-xent=5.2818  sigreg=0.0698
  [simclr+sigreg] epoch 51/120  nt-xent=5.2873  sigreg=0.0658
  [simclr+sigreg] epoch 52/120  nt-xent=5.2911  sigreg=0.0741
  [simclr+sigreg] epoch 53/120  nt-xent=5.2861  sigreg=0.0782
  [simclr+sigreg] epoch 54/120  nt-xent=5.2831  sigreg=0.0635
  [simclr+sigreg] epoch 55/120  nt-xent=5.2807  sigreg=0.0777
  [simclr+sigreg] epoch 56/120  nt-xent=5.2774  sigreg=0.0652
  [simclr+sigreg] epoch 57/120  nt-xent=5.2799  sigreg=0.0671
  [simclr+sigreg] epoch 58/120  nt-xent=5.2738  sigreg=0.0769
  [simclr+sigreg] epoch 59/120  nt-xent=5.2741  sigreg=0.0653
  [simclr+sigreg] epoch 60/120  nt-xent=5.2810  sigreg=0.0627
  [simclr+sigreg] epoch 61/120  nt-xent=5.2706  sigreg=0.0620
  [simclr+sigreg] epoch 62/120  nt-xent=5.2678  sigreg=0.0708
  [simclr+sigreg] epoch 63/120  nt-xent=5.2695  sigreg=0.0652
  [simclr+sigreg] epoch 64/120  nt-xent=5.2686  sigreg=0.0653
  [simclr+sigreg] epoch 65/120  nt-xent=5.2736  sigreg=0.0724
  [simclr+sigreg] epoch 66/120  nt-xent=5.2683  sigreg=0.0669
  [simclr+sigreg] epoch 67/120  nt-xent=5.2622  sigreg=0.0606
  [simclr+sigreg] epoch 68/120  nt-xent=5.2645  sigreg=0.0570
  [simclr+sigreg] epoch 69/120  nt-xent=5.2619  sigreg=0.0624
  [simclr+sigreg] epoch 70/120  nt-xent=5.2585  sigreg=0.0735
  [simclr+sigreg] epoch 71/120  nt-xent=5.2555  sigreg=0.0492
  [simclr+sigreg] epoch 72/120  nt-xent=5.2471  sigreg=0.0635
  [simclr+sigreg] epoch 73/120  nt-xent=5.2562  sigreg=0.0548
  [simclr+sigreg] epoch 74/120  nt-xent=5.2537  sigreg=0.0652
  [simclr+sigreg] epoch 75/120  nt-xent=5.2487  sigreg=0.0554
  [simclr+sigreg] epoch 76/120  nt-xent=5.2472  sigreg=0.0557
  [simclr+sigreg] epoch 77/120  nt-xent=5.2462  sigreg=0.0655
  [simclr+sigreg] epoch 78/120  nt-xent=5.2435  sigreg=0.0605
  [simclr+sigreg] epoch 79/120  nt-xent=5.2442  sigreg=0.0577
  [simclr+sigreg] epoch 80/120  nt-xent=5.2461  sigreg=0.0537
  [simclr+sigreg] epoch 81/120  nt-xent=5.2407  sigreg=0.0546
  [simclr+sigreg] epoch 82/120  nt-xent=5.2449  sigreg=0.0581
  [simclr+sigreg] epoch 83/120  nt-xent=5.2480  sigreg=0.0611
  [simclr+sigreg] epoch 84/120  nt-xent=5.2423  sigreg=0.0629
  [simclr+sigreg] epoch 85/120  nt-xent=5.2419  sigreg=0.0596
  [simclr+sigreg] epoch 86/120  nt-xent=5.2369  sigreg=0.0573
  [simclr+sigreg] epoch 87/120  nt-xent=5.2421  sigreg=0.0559
  [simclr+sigreg] epoch 88/120  nt-xent=5.2368  sigreg=0.0524
  [simclr+sigreg] epoch 89/120  nt-xent=5.2389  sigreg=0.0553
  [simclr+sigreg] epoch 90/120  nt-xent=5.2355  sigreg=0.0600
  [simclr+sigreg] epoch 91/120  nt-xent=5.2419  sigreg=0.0580
  [simclr+sigreg] epoch 92/120  nt-xent=5.2359  sigreg=0.0538
  [simclr+sigreg] epoch 93/120  nt-xent=5.2373  sigreg=0.0558
  [simclr+sigreg] epoch 94/120  nt-xent=5.2340  sigreg=0.0560
  [simclr+sigreg] epoch 95/120  nt-xent=5.2431  sigreg=0.0546
  [simclr+sigreg] epoch 96/120  nt-xent=5.2389  sigreg=0.0579
  [simclr+sigreg] epoch 97/120  nt-xent=5.2343  sigreg=0.0542
  [simclr+sigreg] epoch 98/120  nt-xent=5.2321  sigreg=0.0634
  [simclr+sigreg] epoch 99/120  nt-xent=5.2287  sigreg=0.0532
  [simclr+sigreg] epoch 100/120  nt-xent=5.2331  sigreg=0.0556
  [simclr+sigreg] epoch 101/120  nt-xent=5.2305  sigreg=0.0493
  [simclr+sigreg] epoch 102/120  nt-xent=5.2320  sigreg=0.0543
  [simclr+sigreg] epoch 103/120  nt-xent=5.2220  sigreg=0.0550
  [simclr+sigreg] epoch 104/120  nt-xent=5.2272  sigreg=0.0452
  [simclr+sigreg] epoch 105/120  nt-xent=5.2210  sigreg=0.0508
  [simclr+sigreg] epoch 106/120  nt-xent=5.2238  sigreg=0.0497
  [simclr+sigreg] epoch 107/120  nt-xent=5.2268  sigreg=0.0488
  [simclr+sigreg] epoch 108/120  nt-xent=5.2246  sigreg=0.0532
  [simclr+sigreg] epoch 109/120  nt-xent=5.2214  sigreg=0.0505
  [simclr+sigreg] epoch 110/120  nt-xent=5.2243  sigreg=0.0496
  [simclr+sigreg] epoch 111/120  nt-xent=5.2229  sigreg=0.0518
  [simclr+sigreg] epoch 112/120  nt-xent=5.2257  sigreg=0.0551
  [simclr+sigreg] epoch 113/120  nt-xent=5.2225  sigreg=0.0538
  [simclr+sigreg] epoch 114/120  nt-xent=5.2245  sigreg=0.0492
  [simclr+sigreg] epoch 115/120  nt-xent=5.2221  sigreg=0.0532
  [simclr+sigreg] epoch 116/120  nt-xent=5.2245  sigreg=0.0551
  [simclr+sigreg] epoch 117/120  nt-xent=5.2225  sigreg=0.0525
  [simclr+sigreg] epoch 118/120  nt-xent=5.2252  sigreg=0.0514
  [simclr+sigreg] epoch 119/120  nt-xent=5.2266  sigreg=0.0530
  [simclr+sigreg] epoch 120/120  nt-xent=5.2211  sigreg=0.0515
  [flowers/lejepa] raw probe (768d)           88.6
  [flowers/lejepa] SupCon (aug)               91.7
  [flowers/lejepa] ss[lam5]                   89.1
  [flowers/lejepa] supcon+hybrid (concat)     73.7
  [flowers/lejepa] ss+hybrid (concat)         86.6

######## flowers on VISReg ViT-B/16 (paper's weights) ########
  [supcon] epoch 1/120  loss=5.6334
  [supcon] epoch 2/120  loss=4.8283
  [supcon] epoch 3/120  loss=4.4605
  [supcon] epoch 4/120  loss=4.2198
  [supcon] epoch 5/120  loss=4.0260
  [supcon] epoch 6/120  loss=3.9335
  [supcon] epoch 7/120  loss=3.8227
  [supcon] epoch 8/120  loss=3.6973
  [supcon] epoch 9/120  loss=3.6095
  [supcon] epoch 10/120  loss=3.5318
  [supcon] epoch 11/120  loss=3.4127
  [supcon] epoch 12/120  loss=3.3670
  [supcon] epoch 13/120  loss=3.3058
  [supcon] epoch 14/120  loss=3.2587
  [supcon] epoch 15/120  loss=3.1949
  [supcon] epoch 16/120  loss=3.1621
  [supcon] epoch 17/120  loss=3.1122
  [supcon] epoch 18/120  loss=3.0785
  [supcon] epoch 19/120  loss=3.0435
  [supcon] epoch 20/120  loss=3.0098
  [supcon] epoch 21/120  loss=2.9566
  [supcon] epoch 22/120  loss=2.9416
  [supcon] epoch 23/120  loss=2.9162
  [supcon] epoch 24/120  loss=2.8901
  [supcon] epoch 25/120  loss=2.8431
  [supcon] epoch 26/120  loss=2.8202
  [supcon] epoch 27/120  loss=2.7832
  [supcon] epoch 28/120  loss=2.7844
  [supcon] epoch 29/120  loss=2.7534
  [supcon] epoch 30/120  loss=2.7285
  [supcon] epoch 31/120  loss=2.7091
  [supcon] epoch 32/120  loss=2.6924
  [supcon] epoch 33/120  loss=2.6838
  [supcon] epoch 34/120  loss=2.6586
  [supcon] epoch 35/120  loss=2.6298
  [supcon] epoch 36/120  loss=2.6120
  [supcon] epoch 37/120  loss=2.6037
  [supcon] epoch 38/120  loss=2.6151
  [supcon] epoch 39/120  loss=2.5800
  [supcon] epoch 40/120  loss=2.5757
  [supcon] epoch 41/120  loss=2.5629
  [supcon] epoch 42/120  loss=2.5412
  [supcon] epoch 43/120  loss=2.5444
  [supcon] epoch 44/120  loss=2.5241
  [supcon] epoch 45/120  loss=2.5442
  [supcon] epoch 46/120  loss=2.5097
  [supcon] epoch 47/120  loss=2.5030
  [supcon] epoch 48/120  loss=2.4891
  [supcon] epoch 49/120  loss=2.4855
  [supcon] epoch 50/120  loss=2.4708
  [supcon] epoch 51/120  loss=2.4703
  [supcon] epoch 52/120  loss=2.4588
  [supcon] epoch 53/120  loss=2.4708
  [supcon] epoch 54/120  loss=2.4480
  [supcon] epoch 55/120  loss=2.4531
  [supcon] epoch 56/120  loss=2.4568
  [supcon] epoch 57/120  loss=2.4293
  [supcon] epoch 58/120  loss=2.4384
  [supcon] epoch 59/120  loss=2.4461
  [supcon] epoch 60/120  loss=2.4357
  [supcon] epoch 61/120  loss=2.4169
  [supcon] epoch 62/120  loss=2.4284
  [supcon] epoch 63/120  loss=2.4172
  [supcon] epoch 64/120  loss=2.4054
  [supcon] epoch 65/120  loss=2.4054
  [supcon] epoch 66/120  loss=2.3988
  [supcon] epoch 67/120  loss=2.3903
  [supcon] epoch 68/120  loss=2.3985
  [supcon] epoch 69/120  loss=2.3891
  [supcon] epoch 70/120  loss=2.4073
  [supcon] epoch 71/120  loss=2.3972
  [supcon] epoch 72/120  loss=2.3849
  [supcon] epoch 73/120  loss=2.3907
  [supcon] epoch 74/120  loss=2.3877
  [supcon] epoch 75/120  loss=2.3701
  [supcon] epoch 76/120  loss=2.3893
  [supcon] epoch 77/120  loss=2.3773
  [supcon] epoch 78/120  loss=2.3676
  [supcon] epoch 79/120  loss=2.3847
  [supcon] epoch 80/120  loss=2.3735
  [supcon] epoch 81/120  loss=2.3724
  [supcon] epoch 82/120  loss=2.3683
  [supcon] epoch 83/120  loss=2.3631
  [supcon] epoch 84/120  loss=2.3564
  [supcon] epoch 85/120  loss=2.3666
  [supcon] epoch 86/120  loss=2.3612
  [supcon] epoch 87/120  loss=2.3668
  [supcon] epoch 88/120  loss=2.3493
  [supcon] epoch 89/120  loss=2.3628
  [supcon] epoch 90/120  loss=2.3454
  [supcon] epoch 91/120  loss=2.3463
  [supcon] epoch 92/120  loss=2.3416
  [supcon] epoch 93/120  loss=2.3544
  [supcon] epoch 94/120  loss=2.3456
  [supcon] epoch 95/120  loss=2.3526
  [supcon] epoch 96/120  loss=2.3427
  [supcon] epoch 97/120  loss=2.3400
  [supcon] epoch 98/120  loss=2.3470
  [supcon] epoch 99/120  loss=2.3295
  [supcon] epoch 100/120  loss=2.3328
  [supcon] epoch 101/120  loss=2.3438
  [supcon] epoch 102/120  loss=2.3366
  [supcon] epoch 103/120  loss=2.3322
  [supcon] epoch 104/120  loss=2.3237
  [supcon] epoch 105/120  loss=2.3348
  [supcon] epoch 106/120  loss=2.3356
  [supcon] epoch 107/120  loss=2.3358
  [supcon] epoch 108/120  loss=2.3302
  [supcon] epoch 109/120  loss=2.3327
  [supcon] epoch 110/120  loss=2.3352
  [supcon] epoch 111/120  loss=2.3329
  [supcon] epoch 112/120  loss=2.3268
  [supcon] epoch 113/120  loss=2.3234
  [supcon] epoch 114/120  loss=2.3285
  [supcon] epoch 115/120  loss=2.3333
  [supcon] epoch 116/120  loss=2.3245
  [supcon] epoch 117/120  loss=2.3304
  [supcon] epoch 118/120  loss=2.3098
  [supcon] epoch 119/120  loss=2.3170
  [supcon] epoch 120/120  loss=2.3197
  [supcon+sigreg] epoch 1/120  supcon=5.6705  sigreg=0.7272
  [supcon+sigreg] epoch 2/120  supcon=5.2465  sigreg=0.5516
  [supcon+sigreg] epoch 3/120  supcon=5.1257  sigreg=0.4324
  [supcon+sigreg] epoch 4/120  supcon=5.1029  sigreg=0.3133
  [supcon+sigreg] epoch 5/120  supcon=5.0079  sigreg=0.2672
  [supcon+sigreg] epoch 6/120  supcon=4.9572  sigreg=0.2320
  [supcon+sigreg] epoch 7/120  supcon=4.8036  sigreg=0.2315
  [supcon+sigreg] epoch 8/120  supcon=4.8086  sigreg=0.1993
  [supcon+sigreg] epoch 9/120  supcon=4.6990  sigreg=0.2059
  [supcon+sigreg] epoch 10/120  supcon=4.6284  sigreg=0.2012
  [supcon+sigreg] epoch 11/120  supcon=4.6290  sigreg=0.1760
  [supcon+sigreg] epoch 12/120  supcon=4.5305  sigreg=0.1639
  [supcon+sigreg] epoch 13/120  supcon=4.4918  sigreg=0.1602
  [supcon+sigreg] epoch 14/120  supcon=4.4780  sigreg=0.1435
  [supcon+sigreg] epoch 15/120  supcon=4.4291  sigreg=0.1566
  [supcon+sigreg] epoch 16/120  supcon=4.3929  sigreg=0.1368
  [supcon+sigreg] epoch 17/120  supcon=4.3529  sigreg=0.1401
  [supcon+sigreg] epoch 18/120  supcon=4.3193  sigreg=0.1247
  [supcon+sigreg] epoch 19/120  supcon=4.2618  sigreg=0.1241
  [supcon+sigreg] epoch 20/120  supcon=4.2022  sigreg=0.1153
  [supcon+sigreg] epoch 21/120  supcon=4.2671  sigreg=0.1090
  [supcon+sigreg] epoch 22/120  supcon=4.1954  sigreg=0.0986
  [supcon+sigreg] epoch 23/120  supcon=4.1697  sigreg=0.1016
  [supcon+sigreg] epoch 24/120  supcon=4.1008  sigreg=0.0925
  [supcon+sigreg] epoch 25/120  supcon=4.0872  sigreg=0.0977
  [supcon+sigreg] epoch 26/120  supcon=4.0991  sigreg=0.0857
  [supcon+sigreg] epoch 27/120  supcon=4.0750  sigreg=0.0956
  [supcon+sigreg] epoch 28/120  supcon=4.0119  sigreg=0.0997
  [supcon+sigreg] epoch 29/120  supcon=3.9953  sigreg=0.1016
  [supcon+sigreg] epoch 30/120  supcon=4.0063  sigreg=0.1124
  [supcon+sigreg] epoch 31/120  supcon=3.9583  sigreg=0.1167
  [supcon+sigreg] epoch 32/120  supcon=3.9035  sigreg=0.1128
  [supcon+sigreg] epoch 33/120  supcon=3.9254  sigreg=0.1075
  [supcon+sigreg] epoch 34/120  supcon=3.9057  sigreg=0.0952
  [supcon+sigreg] epoch 35/120  supcon=3.8107  sigreg=0.0840
  [supcon+sigreg] epoch 36/120  supcon=3.8144  sigreg=0.0942
  [supcon+sigreg] epoch 37/120  supcon=3.8248  sigreg=0.0838
  [supcon+sigreg] epoch 38/120  supcon=3.8249  sigreg=0.0676
  [supcon+sigreg] epoch 39/120  supcon=3.7848  sigreg=0.0745
  [supcon+sigreg] epoch 40/120  supcon=3.7824  sigreg=0.0750
  [supcon+sigreg] epoch 41/120  supcon=3.7632  sigreg=0.0669
  [supcon+sigreg] epoch 42/120  supcon=3.7636  sigreg=0.0661
  [supcon+sigreg] epoch 43/120  supcon=3.6802  sigreg=0.0724
  [supcon+sigreg] epoch 44/120  supcon=3.7256  sigreg=0.0700
  [supcon+sigreg] epoch 45/120  supcon=3.6937  sigreg=0.0678
  [supcon+sigreg] epoch 46/120  supcon=3.6417  sigreg=0.0613
  [supcon+sigreg] epoch 47/120  supcon=3.6084  sigreg=0.0629
  [supcon+sigreg] epoch 48/120  supcon=3.6208  sigreg=0.0722
  [supcon+sigreg] epoch 49/120  supcon=3.5844  sigreg=0.0622
  [supcon+sigreg] epoch 50/120  supcon=3.6017  sigreg=0.0682
  [supcon+sigreg] epoch 51/120  supcon=3.5452  sigreg=0.0637
  [supcon+sigreg] epoch 52/120  supcon=3.5943  sigreg=0.0687
  [supcon+sigreg] epoch 53/120  supcon=3.5611  sigreg=0.0710
  [supcon+sigreg] epoch 54/120  supcon=3.5642  sigreg=0.0712
  [supcon+sigreg] epoch 55/120  supcon=3.5298  sigreg=0.0771
  [supcon+sigreg] epoch 56/120  supcon=3.5282  sigreg=0.0727
  [supcon+sigreg] epoch 57/120  supcon=3.5287  sigreg=0.0704
  [supcon+sigreg] epoch 58/120  supcon=3.4985  sigreg=0.0685
  [supcon+sigreg] epoch 59/120  supcon=3.4924  sigreg=0.0775
  [supcon+sigreg] epoch 60/120  supcon=3.4770  sigreg=0.0821
  [supcon+sigreg] epoch 61/120  supcon=3.4299  sigreg=0.0597
  [supcon+sigreg] epoch 62/120  supcon=3.4416  sigreg=0.0725
  [supcon+sigreg] epoch 63/120  supcon=3.4448  sigreg=0.0662
  [supcon+sigreg] epoch 64/120  supcon=3.4189  sigreg=0.0598
  [supcon+sigreg] epoch 65/120  supcon=3.3871  sigreg=0.0580
  [supcon+sigreg] epoch 66/120  supcon=3.4001  sigreg=0.0600
  [supcon+sigreg] epoch 67/120  supcon=3.3803  sigreg=0.0606
  [supcon+sigreg] epoch 68/120  supcon=3.3762  sigreg=0.0648
  [supcon+sigreg] epoch 69/120  supcon=3.3351  sigreg=0.0545
  [supcon+sigreg] epoch 70/120  supcon=3.3440  sigreg=0.0586
  [supcon+sigreg] epoch 71/120  supcon=3.3112  sigreg=0.0595
  [supcon+sigreg] epoch 72/120  supcon=3.3083  sigreg=0.0588
  [supcon+sigreg] epoch 73/120  supcon=3.3341  sigreg=0.0625
  [supcon+sigreg] epoch 74/120  supcon=3.3125  sigreg=0.0489
  [supcon+sigreg] epoch 75/120  supcon=3.3005  sigreg=0.0598
  [supcon+sigreg] epoch 76/120  supcon=3.2941  sigreg=0.0613
  [supcon+sigreg] epoch 77/120  supcon=3.2716  sigreg=0.0582
  [supcon+sigreg] epoch 78/120  supcon=3.2461  sigreg=0.0580
  [supcon+sigreg] epoch 79/120  supcon=3.2287  sigreg=0.0537
  [supcon+sigreg] epoch 80/120  supcon=3.2071  sigreg=0.0508
  [supcon+sigreg] epoch 81/120  supcon=3.2139  sigreg=0.0581
  [supcon+sigreg] epoch 82/120  supcon=3.2065  sigreg=0.0592
  [supcon+sigreg] epoch 83/120  supcon=3.1892  sigreg=0.0525
  [supcon+sigreg] epoch 84/120  supcon=3.1744  sigreg=0.0536
  [supcon+sigreg] epoch 85/120  supcon=3.1641  sigreg=0.0597
  [supcon+sigreg] epoch 86/120  supcon=3.1718  sigreg=0.0549
  [supcon+sigreg] epoch 87/120  supcon=3.1544  sigreg=0.0548
  [supcon+sigreg] epoch 88/120  supcon=3.1584  sigreg=0.0489
  [supcon+sigreg] epoch 89/120  supcon=3.1260  sigreg=0.0458
  [supcon+sigreg] epoch 90/120  supcon=3.1266  sigreg=0.0486
  [supcon+sigreg] epoch 91/120  supcon=3.1142  sigreg=0.0522
  [supcon+sigreg] epoch 92/120  supcon=3.1195  sigreg=0.0466
  [supcon+sigreg] epoch 93/120  supcon=3.0924  sigreg=0.0488
  [supcon+sigreg] epoch 94/120  supcon=3.1020  sigreg=0.0503
  [supcon+sigreg] epoch 95/120  supcon=3.0773  sigreg=0.0528
  [supcon+sigreg] epoch 96/120  supcon=3.0912  sigreg=0.0583
  [supcon+sigreg] epoch 97/120  supcon=3.0804  sigreg=0.0551
  [supcon+sigreg] epoch 98/120  supcon=3.0719  sigreg=0.0523
  [supcon+sigreg] epoch 99/120  supcon=3.0598  sigreg=0.0502
  [supcon+sigreg] epoch 100/120  supcon=3.0808  sigreg=0.0536
  [supcon+sigreg] epoch 101/120  supcon=3.0539  sigreg=0.0479
  [supcon+sigreg] epoch 102/120  supcon=3.0573  sigreg=0.0499
  [supcon+sigreg] epoch 103/120  supcon=3.0395  sigreg=0.0523
  [supcon+sigreg] epoch 104/120  supcon=3.0156  sigreg=0.0523
  [supcon+sigreg] epoch 105/120  supcon=3.0386  sigreg=0.0535
  [supcon+sigreg] epoch 106/120  supcon=3.0223  sigreg=0.0439
  [supcon+sigreg] epoch 107/120  supcon=3.0237  sigreg=0.0466
  [supcon+sigreg] epoch 108/120  supcon=2.9958  sigreg=0.0459
  [supcon+sigreg] epoch 109/120  supcon=3.0025  sigreg=0.0525
  [supcon+sigreg] epoch 110/120  supcon=2.9965  sigreg=0.0528
  [supcon+sigreg] epoch 111/120  supcon=2.9833  sigreg=0.0546
  [supcon+sigreg] epoch 112/120  supcon=2.9765  sigreg=0.0395
  [supcon+sigreg] epoch 113/120  supcon=2.9702  sigreg=0.0443
  [supcon+sigreg] epoch 114/120  supcon=2.9666  sigreg=0.0550
  [supcon+sigreg] epoch 115/120  supcon=2.9711  sigreg=0.0454
  [supcon+sigreg] epoch 116/120  supcon=2.9613  sigreg=0.0514
  [supcon+sigreg] epoch 117/120  supcon=2.9587  sigreg=0.0526
  [supcon+sigreg] epoch 118/120  supcon=2.9218  sigreg=0.0495
  [supcon+sigreg] epoch 119/120  supcon=2.9442  sigreg=0.0438
  [supcon+sigreg] epoch 120/120  supcon=2.9262  sigreg=0.0531
  [simclr+sigreg] epoch 1/120  nt-xent=6.1749  sigreg=0.7299
  [simclr+sigreg] epoch 2/120  nt-xent=5.6568  sigreg=0.5024
  [simclr+sigreg] epoch 3/120  nt-xent=5.6109  sigreg=0.3181
  [simclr+sigreg] epoch 4/120  nt-xent=5.6271  sigreg=0.2238
  [simclr+sigreg] epoch 5/120  nt-xent=5.6030  sigreg=0.1724
  [simclr+sigreg] epoch 6/120  nt-xent=5.5822  sigreg=0.2246
  [simclr+sigreg] epoch 7/120  nt-xent=5.5536  sigreg=0.2098
  [simclr+sigreg] epoch 8/120  nt-xent=5.5326  sigreg=0.1414
  [simclr+sigreg] epoch 9/120  nt-xent=5.5013  sigreg=0.1512
  [simclr+sigreg] epoch 10/120  nt-xent=5.4811  sigreg=0.1417
  [simclr+sigreg] epoch 11/120  nt-xent=5.4757  sigreg=0.1317
  [simclr+sigreg] epoch 12/120  nt-xent=5.4664  sigreg=0.1369
  [simclr+sigreg] epoch 13/120  nt-xent=5.4428  sigreg=0.1131
  [simclr+sigreg] epoch 14/120  nt-xent=5.4223  sigreg=0.1209
  [simclr+sigreg] epoch 15/120  nt-xent=5.4128  sigreg=0.1056
  [simclr+sigreg] epoch 16/120  nt-xent=5.4006  sigreg=0.1139
  [simclr+sigreg] epoch 17/120  nt-xent=5.3931  sigreg=0.0996
  [simclr+sigreg] epoch 18/120  nt-xent=5.3853  sigreg=0.1028
  [simclr+sigreg] epoch 19/120  nt-xent=5.3756  sigreg=0.0995
  [simclr+sigreg] epoch 20/120  nt-xent=5.3689  sigreg=0.0991
  [simclr+sigreg] epoch 21/120  nt-xent=5.3585  sigreg=0.0886
  [simclr+sigreg] epoch 22/120  nt-xent=5.3575  sigreg=0.0911
  [simclr+sigreg] epoch 23/120  nt-xent=5.3441  sigreg=0.1054
  [simclr+sigreg] epoch 24/120  nt-xent=5.3446  sigreg=0.0840
  [simclr+sigreg] epoch 25/120  nt-xent=5.3397  sigreg=0.0844
  [simclr+sigreg] epoch 26/120  nt-xent=5.3340  sigreg=0.0882
  [simclr+sigreg] epoch 27/120  nt-xent=5.3286  sigreg=0.0932
  [simclr+sigreg] epoch 28/120  nt-xent=5.3252  sigreg=0.0746
  [simclr+sigreg] epoch 29/120  nt-xent=5.3083  sigreg=0.0882
  [simclr+sigreg] epoch 30/120  nt-xent=5.3090  sigreg=0.0770
  [simclr+sigreg] epoch 31/120  nt-xent=5.3003  sigreg=0.0811
  [simclr+sigreg] epoch 32/120  nt-xent=5.2962  sigreg=0.0631
  [simclr+sigreg] epoch 33/120  nt-xent=5.3019  sigreg=0.0721
  [simclr+sigreg] epoch 34/120  nt-xent=5.2977  sigreg=0.0657
  [simclr+sigreg] epoch 35/120  nt-xent=5.2893  sigreg=0.0797
  [simclr+sigreg] epoch 36/120  nt-xent=5.2840  sigreg=0.0720
  [simclr+sigreg] epoch 37/120  nt-xent=5.2806  sigreg=0.0638
  [simclr+sigreg] epoch 38/120  nt-xent=5.2836  sigreg=0.0619
  [simclr+sigreg] epoch 39/120  nt-xent=5.2772  sigreg=0.0650
  [simclr+sigreg] epoch 40/120  nt-xent=5.2795  sigreg=0.0613
  [simclr+sigreg] epoch 41/120  nt-xent=5.2727  sigreg=0.0576
  [simclr+sigreg] epoch 42/120  nt-xent=5.2705  sigreg=0.0634
  [simclr+sigreg] epoch 43/120  nt-xent=5.2730  sigreg=0.0643
  [simclr+sigreg] epoch 44/120  nt-xent=5.2698  sigreg=0.0622
  [simclr+sigreg] epoch 45/120  nt-xent=5.2670  sigreg=0.0685
  [simclr+sigreg] epoch 46/120  nt-xent=5.2587  sigreg=0.0702
  [simclr+sigreg] epoch 47/120  nt-xent=5.2587  sigreg=0.0647
  [simclr+sigreg] epoch 48/120  nt-xent=5.2661  sigreg=0.0678
  [simclr+sigreg] epoch 49/120  nt-xent=5.2595  sigreg=0.0680
  [simclr+sigreg] epoch 50/120  nt-xent=5.2588  sigreg=0.0691
  [simclr+sigreg] epoch 51/120  nt-xent=5.2655  sigreg=0.0665
  [simclr+sigreg] epoch 52/120  nt-xent=5.2569  sigreg=0.0632
  [simclr+sigreg] epoch 53/120  nt-xent=5.2617  sigreg=0.0626
  [simclr+sigreg] epoch 54/120  nt-xent=5.2599  sigreg=0.0616
  [simclr+sigreg] epoch 55/120  nt-xent=5.2572  sigreg=0.0619
  [simclr+sigreg] epoch 56/120  nt-xent=5.2600  sigreg=0.0506
  [simclr+sigreg] epoch 57/120  nt-xent=5.2579  sigreg=0.0629
  [simclr+sigreg] epoch 58/120  nt-xent=5.2526  sigreg=0.0666
  [simclr+sigreg] epoch 59/120  nt-xent=5.2457  sigreg=0.0627
  [simclr+sigreg] epoch 60/120  nt-xent=5.2493  sigreg=0.0559
  [simclr+sigreg] epoch 61/120  nt-xent=5.2470  sigreg=0.0568
  [simclr+sigreg] epoch 62/120  nt-xent=5.2380  sigreg=0.0484
  [simclr+sigreg] epoch 63/120  nt-xent=5.2415  sigreg=0.0596
  [simclr+sigreg] epoch 64/120  nt-xent=5.2405  sigreg=0.0565
  [simclr+sigreg] epoch 65/120  nt-xent=5.2426  sigreg=0.0582
  [simclr+sigreg] epoch 66/120  nt-xent=5.2348  sigreg=0.0640
  [simclr+sigreg] epoch 67/120  nt-xent=5.2377  sigreg=0.0509
  [simclr+sigreg] epoch 68/120  nt-xent=5.2352  sigreg=0.0559
  [simclr+sigreg] epoch 69/120  nt-xent=5.2330  sigreg=0.0540
  [simclr+sigreg] epoch 70/120  nt-xent=5.2304  sigreg=0.0506
  [simclr+sigreg] epoch 71/120  nt-xent=5.2322  sigreg=0.0580
  [simclr+sigreg] epoch 72/120  nt-xent=5.2274  sigreg=0.0601
  [simclr+sigreg] epoch 73/120  nt-xent=5.2349  sigreg=0.0520
  [simclr+sigreg] epoch 74/120  nt-xent=5.2343  sigreg=0.0545
  [simclr+sigreg] epoch 75/120  nt-xent=5.2310  sigreg=0.0566
  [simclr+sigreg] epoch 76/120  nt-xent=5.2321  sigreg=0.0501
  [simclr+sigreg] epoch 77/120  nt-xent=5.2324  sigreg=0.0627
  [simclr+sigreg] epoch 78/120  nt-xent=5.2318  sigreg=0.0577
  [simclr+sigreg] epoch 79/120  nt-xent=5.2256  sigreg=0.0489
  [simclr+sigreg] epoch 80/120  nt-xent=5.2278  sigreg=0.0555
  [simclr+sigreg] epoch 81/120  nt-xent=5.2211  sigreg=0.0545
  [simclr+sigreg] epoch 82/120  nt-xent=5.2243  sigreg=0.0512
  [simclr+sigreg] epoch 83/120  nt-xent=5.2301  sigreg=0.0534
  [simclr+sigreg] epoch 84/120  nt-xent=5.2231  sigreg=0.0431
  [simclr+sigreg] epoch 85/120  nt-xent=5.2263  sigreg=0.0559
  [simclr+sigreg] epoch 86/120  nt-xent=5.2185  sigreg=0.0485
  [simclr+sigreg] epoch 87/120  nt-xent=5.2227  sigreg=0.0528
  [simclr+sigreg] epoch 88/120  nt-xent=5.2208  sigreg=0.0559
  [simclr+sigreg] epoch 89/120  nt-xent=5.2205  sigreg=0.0467
  [simclr+sigreg] epoch 90/120  nt-xent=5.2165  sigreg=0.0446
  [simclr+sigreg] epoch 91/120  nt-xent=5.2185  sigreg=0.0492
  [simclr+sigreg] epoch 92/120  nt-xent=5.2144  sigreg=0.0473
  [simclr+sigreg] epoch 93/120  nt-xent=5.2172  sigreg=0.0482
  [simclr+sigreg] epoch 94/120  nt-xent=5.2074  sigreg=0.0529
  [simclr+sigreg] epoch 95/120  nt-xent=5.2210  sigreg=0.0526
  [simclr+sigreg] epoch 96/120  nt-xent=5.2149  sigreg=0.0468
  [simclr+sigreg] epoch 97/120  nt-xent=5.2145  sigreg=0.0476
  [simclr+sigreg] epoch 98/120  nt-xent=5.2084  sigreg=0.0506
  [simclr+sigreg] epoch 99/120  nt-xent=5.2069  sigreg=0.0412
  [simclr+sigreg] epoch 100/120  nt-xent=5.2095  sigreg=0.0443
  [simclr+sigreg] epoch 101/120  nt-xent=5.2102  sigreg=0.0469
  [simclr+sigreg] epoch 102/120  nt-xent=5.2109  sigreg=0.0479
  [simclr+sigreg] epoch 103/120  nt-xent=5.2074  sigreg=0.0502
  [simclr+sigreg] epoch 104/120  nt-xent=5.2128  sigreg=0.0400
  [simclr+sigreg] epoch 105/120  nt-xent=5.2071  sigreg=0.0483
  [simclr+sigreg] epoch 106/120  nt-xent=5.2056  sigreg=0.0479
  [simclr+sigreg] epoch 107/120  nt-xent=5.2067  sigreg=0.0477
  [simclr+sigreg] epoch 108/120  nt-xent=5.2059  sigreg=0.0458
  [simclr+sigreg] epoch 109/120  nt-xent=5.2004  sigreg=0.0516
  [simclr+sigreg] epoch 110/120  nt-xent=5.2031  sigreg=0.0488
  [simclr+sigreg] epoch 111/120  nt-xent=5.2003  sigreg=0.0479
  [simclr+sigreg] epoch 112/120  nt-xent=5.2063  sigreg=0.0496
  [simclr+sigreg] epoch 113/120  nt-xent=5.1997  sigreg=0.0430
  [simclr+sigreg] epoch 114/120  nt-xent=5.2058  sigreg=0.0482
  [simclr+sigreg] epoch 115/120  nt-xent=5.2077  sigreg=0.0470
  [simclr+sigreg] epoch 116/120  nt-xent=5.2041  sigreg=0.0462
  [simclr+sigreg] epoch 117/120  nt-xent=5.2002  sigreg=0.0499
  [simclr+sigreg] epoch 118/120  nt-xent=5.2036  sigreg=0.0474
  [simclr+sigreg] epoch 119/120  nt-xent=5.1998  sigreg=0.0440
  [simclr+sigreg] epoch 120/120  nt-xent=5.1999  sigreg=0.0460
  [flowers/visreg] raw probe (768d)           91.4
  [flowers/visreg] SupCon (aug)               93.7
  [flowers/visreg] ss[lam5]                   91.6
  [flowers/visreg] supcon+hybrid (concat)     82.4
  [flowers/visreg] ss+hybrid (concat)         88.5

######## galaxy10 on DINO ViT-B/16 ########
  [supcon] epoch 1/120  loss=6.7503
  [supcon] epoch 2/120  loss=6.5559
  [supcon] epoch 3/120  loss=6.4731
  [supcon] epoch 4/120  loss=6.4406
  [supcon] epoch 5/120  loss=6.4201
  [supcon] epoch 6/120  loss=6.4157
  [supcon] epoch 7/120  loss=6.3655
  [supcon] epoch 8/120  loss=6.3451
  [supcon] epoch 9/120  loss=6.3468
  [supcon] epoch 10/120  loss=6.3365
  [supcon] epoch 11/120  loss=6.3483
  [supcon] epoch 12/120  loss=6.2974
  [supcon] epoch 13/120  loss=6.2811
  [supcon] epoch 14/120  loss=6.2794
  [supcon] epoch 15/120  loss=6.2337
  [supcon] epoch 16/120  loss=6.2433
  [supcon] epoch 17/120  loss=6.2061
  [supcon] epoch 18/120  loss=6.2132
  [supcon] epoch 19/120  loss=6.1991
  [supcon] epoch 20/120  loss=6.1940
  [supcon] epoch 21/120  loss=6.1722
  [supcon] epoch 22/120  loss=6.1653
  [supcon] epoch 23/120  loss=6.1524
  [supcon] epoch 24/120  loss=6.1043
  [supcon] epoch 25/120  loss=6.1238
  [supcon] epoch 26/120  loss=6.0866
  [supcon] epoch 27/120  loss=6.1028
  [supcon] epoch 28/120  loss=6.0869
  [supcon] epoch 29/120  loss=6.0668
  [supcon] epoch 30/120  loss=6.0605
  [supcon] epoch 31/120  loss=6.0265
  [supcon] epoch 32/120  loss=6.0512
  [supcon] epoch 33/120  loss=6.0455
  [supcon] epoch 34/120  loss=6.0209
  [supcon] epoch 35/120  loss=6.0239
  [supcon] epoch 36/120  loss=6.0021
  [supcon] epoch 37/120  loss=5.9979
  [supcon] epoch 38/120  loss=6.0040
  [supcon] epoch 39/120  loss=5.9849
  [supcon] epoch 40/120  loss=5.9803
  [supcon] epoch 41/120  loss=5.9467
  [supcon] epoch 42/120  loss=5.9653
  [supcon] epoch 43/120  loss=5.9236
  [supcon] epoch 44/120  loss=5.9227
  [supcon] epoch 45/120  loss=5.9165
  [supcon] epoch 46/120  loss=5.9246
  [supcon] epoch 47/120  loss=5.9241
  [supcon] epoch 48/120  loss=5.8810
  [supcon] epoch 49/120  loss=5.8823
  [supcon] epoch 50/120  loss=5.8784
  [supcon] epoch 51/120  loss=5.8838
  [supcon] epoch 52/120  loss=5.8539
  [supcon] epoch 53/120  loss=5.8744
  [supcon] epoch 54/120  loss=5.8661
  [supcon] epoch 55/120  loss=5.8531
  [supcon] epoch 56/120  loss=5.8457
  [supcon] epoch 57/120  loss=5.8278
  [supcon] epoch 58/120  loss=5.8123
  [supcon] epoch 59/120  loss=5.8146
  [supcon] epoch 60/120  loss=5.8112
  [supcon] epoch 61/120  loss=5.8072
  [supcon] epoch 62/120  loss=5.8164
  [supcon] epoch 63/120  loss=5.7999
  [supcon] epoch 64/120  loss=5.7648
  [supcon] epoch 65/120  loss=5.7725
  [supcon] epoch 66/120  loss=5.7732
  [supcon] epoch 67/120  loss=5.7621
  [supcon] epoch 68/120  loss=5.7027
  [supcon] epoch 69/120  loss=5.7141
  [supcon] epoch 70/120  loss=5.6994
  [supcon] epoch 71/120  loss=5.6954
  [supcon] epoch 72/120  loss=5.7007
  [supcon] epoch 73/120  loss=5.7135
  [supcon] epoch 74/120  loss=5.7053
  [supcon] epoch 75/120  loss=5.7097
  [supcon] epoch 76/120  loss=5.7022
  [supcon] epoch 77/120  loss=5.6939
  [supcon] epoch 78/120  loss=5.6631
  [supcon] epoch 79/120  loss=5.6754
  [supcon] epoch 80/120  loss=5.6461
  [supcon] epoch 81/120  loss=5.6599
  [supcon] epoch 82/120  loss=5.6311
  [supcon] epoch 83/120  loss=5.6465
  [supcon] epoch 84/120  loss=5.6085
  [supcon] epoch 85/120  loss=5.6402
  [supcon] epoch 86/120  loss=5.5970
  [supcon] epoch 87/120  loss=5.6039
  [supcon] epoch 88/120  loss=5.5900
  [supcon] epoch 89/120  loss=5.6098
  [supcon] epoch 90/120  loss=5.5828
  [supcon] epoch 91/120  loss=5.5747
  [supcon] epoch 92/120  loss=5.5820
  [supcon] epoch 93/120  loss=5.5344
  [supcon] epoch 94/120  loss=5.5431
  [supcon] epoch 95/120  loss=5.5543
  [supcon] epoch 96/120  loss=5.5244
  [supcon] epoch 97/120  loss=5.5221
  [supcon] epoch 98/120  loss=5.5122
  [supcon] epoch 99/120  loss=5.5096
  [supcon] epoch 100/120  loss=5.5106
  [supcon] epoch 101/120  loss=5.5025
  [supcon] epoch 102/120  loss=5.4769
  [supcon] epoch 103/120  loss=5.4938
  [supcon] epoch 104/120  loss=5.5133
  [supcon] epoch 105/120  loss=5.5221
  [supcon] epoch 106/120  loss=5.4843
  [supcon] epoch 107/120  loss=5.4951
  [supcon] epoch 108/120  loss=5.4828
  [supcon] epoch 109/120  loss=5.4634
  [supcon] epoch 110/120  loss=5.5116
  [supcon] epoch 111/120  loss=5.5173
  [supcon] epoch 112/120  loss=5.4953
  [supcon] epoch 113/120  loss=5.4576
  [supcon] epoch 114/120  loss=5.4723
  [supcon] epoch 115/120  loss=5.4873
  [supcon] epoch 116/120  loss=5.4449
  [supcon] epoch 117/120  loss=5.4269
  [supcon] epoch 118/120  loss=5.4309
  [supcon] epoch 119/120  loss=5.4201
  [supcon] epoch 120/120  loss=5.3771
  [supcon+sigreg] epoch 1/120  supcon=6.8623  sigreg=0.8417
  [supcon+sigreg] epoch 2/120  supcon=6.9515  sigreg=0.7481
  [supcon+sigreg] epoch 3/120  supcon=6.9421  sigreg=0.6520
  [supcon+sigreg] epoch 4/120  supcon=7.0024  sigreg=0.6127
  [supcon+sigreg] epoch 5/120  supcon=7.0527  sigreg=0.5144
  [supcon+sigreg] epoch 6/120  supcon=6.9728  sigreg=0.4830
  [supcon+sigreg] epoch 7/120  supcon=6.8623  sigreg=0.5316
  [supcon+sigreg] epoch 8/120  supcon=7.0407  sigreg=0.4389
  [supcon+sigreg] epoch 9/120  supcon=7.0378  sigreg=0.4164
  [supcon+sigreg] epoch 10/120  supcon=7.0015  sigreg=0.3948
  [supcon+sigreg] epoch 11/120  supcon=7.0548  sigreg=0.4183
  [supcon+sigreg] epoch 12/120  supcon=7.1418  sigreg=0.3895
  [supcon+sigreg] epoch 13/120  supcon=7.1979  sigreg=0.3485
  [supcon+sigreg] epoch 14/120  supcon=7.1818  sigreg=0.3678
  [supcon+sigreg] epoch 15/120  supcon=7.0909  sigreg=0.3578
  [supcon+sigreg] epoch 16/120  supcon=7.0821  sigreg=0.3822
  [supcon+sigreg] epoch 17/120  supcon=7.2337  sigreg=0.3285
  [supcon+sigreg] epoch 18/120  supcon=7.2355  sigreg=0.3468
  [supcon+sigreg] epoch 19/120  supcon=7.0879  sigreg=0.3587
  [supcon+sigreg] epoch 20/120  supcon=6.9881  sigreg=0.3401
  [supcon+sigreg] epoch 21/120  supcon=7.0391  sigreg=0.3606
  [supcon+sigreg] epoch 22/120  supcon=7.0964  sigreg=0.3455
  [supcon+sigreg] epoch 23/120  supcon=7.0984  sigreg=0.3053
  [supcon+sigreg] epoch 24/120  supcon=7.2266  sigreg=0.3215
  [supcon+sigreg] epoch 25/120  supcon=7.0466  sigreg=0.3253
  [supcon+sigreg] epoch 26/120  supcon=7.0265  sigreg=0.3509
  [supcon+sigreg] epoch 27/120  supcon=7.0174  sigreg=0.3154
  [supcon+sigreg] epoch 28/120  supcon=7.0236  sigreg=0.2943
  [supcon+sigreg] epoch 29/120  supcon=6.9915  sigreg=0.2943
  [supcon+sigreg] epoch 30/120  supcon=7.0495  sigreg=0.2778
  [supcon+sigreg] epoch 31/120  supcon=7.0258  sigreg=0.2981
  [supcon+sigreg] epoch 32/120  supcon=7.1812  sigreg=0.2874
  [supcon+sigreg] epoch 33/120  supcon=7.0474  sigreg=0.3025
  [supcon+sigreg] epoch 34/120  supcon=7.0092  sigreg=0.2820
  [supcon+sigreg] epoch 35/120  supcon=7.1493  sigreg=0.2521
  [supcon+sigreg] epoch 36/120  supcon=7.0833  sigreg=0.2638
  [supcon+sigreg] epoch 37/120  supcon=7.0405  sigreg=0.2697
  [supcon+sigreg] epoch 38/120  supcon=7.1243  sigreg=0.2723
  [supcon+sigreg] epoch 39/120  supcon=7.1216  sigreg=0.2287
  [supcon+sigreg] epoch 40/120  supcon=7.0469  sigreg=0.2520
  [supcon+sigreg] epoch 41/120  supcon=7.0481  sigreg=0.2424
  [supcon+sigreg] epoch 42/120  supcon=7.0745  sigreg=0.2457
  [supcon+sigreg] epoch 43/120  supcon=6.9602  sigreg=0.2748
  [supcon+sigreg] epoch 44/120  supcon=6.9978  sigreg=0.2584
  [supcon+sigreg] epoch 45/120  supcon=7.0067  sigreg=0.2381
  [supcon+sigreg] epoch 46/120  supcon=6.9753  sigreg=0.2487
  [supcon+sigreg] epoch 47/120  supcon=7.0372  sigreg=0.2357
  [supcon+sigreg] epoch 48/120  supcon=6.9407  sigreg=0.2462
  [supcon+sigreg] epoch 49/120  supcon=6.9111  sigreg=0.2350
  [supcon+sigreg] epoch 50/120  supcon=6.9478  sigreg=0.2273
  [supcon+sigreg] epoch 51/120  supcon=6.9684  sigreg=0.2273
  [supcon+sigreg] epoch 52/120  supcon=6.9621  sigreg=0.2288
  [supcon+sigreg] epoch 53/120  supcon=6.8571  sigreg=0.2343
  [supcon+sigreg] epoch 54/120  supcon=6.9021  sigreg=0.2508
  [supcon+sigreg] epoch 55/120  supcon=6.9638  sigreg=0.2212
  [supcon+sigreg] epoch 56/120  supcon=6.9671  sigreg=0.2324
  [supcon+sigreg] epoch 57/120  supcon=6.9305  sigreg=0.2130
  [supcon+sigreg] epoch 58/120  supcon=6.8738  sigreg=0.2328
  [supcon+sigreg] epoch 59/120  supcon=6.8969  sigreg=0.2316
  [supcon+sigreg] epoch 60/120  supcon=6.9937  sigreg=0.2112
  [supcon+sigreg] epoch 61/120  supcon=6.9702  sigreg=0.2291
  [supcon+sigreg] epoch 62/120  supcon=6.9119  sigreg=0.2119
  [supcon+sigreg] epoch 63/120  supcon=6.9579  sigreg=0.2149
  [supcon+sigreg] epoch 64/120  supcon=6.8446  sigreg=0.2154
  [supcon+sigreg] epoch 65/120  supcon=6.8942  sigreg=0.2160
  [supcon+sigreg] epoch 66/120  supcon=6.9363  sigreg=0.2068
  [supcon+sigreg] epoch 67/120  supcon=6.9092  sigreg=0.2019
  [supcon+sigreg] epoch 68/120  supcon=6.8782  sigreg=0.2173
  [supcon+sigreg] epoch 69/120  supcon=6.8500  sigreg=0.2284
  [supcon+sigreg] epoch 70/120  supcon=6.9334  sigreg=0.1981
  [supcon+sigreg] epoch 71/120  supcon=6.8835  sigreg=0.2130
  [supcon+sigreg] epoch 72/120  supcon=6.8208  sigreg=0.2203
  [supcon+sigreg] epoch 73/120  supcon=6.8702  sigreg=0.2097
  [supcon+sigreg] epoch 74/120  supcon=6.8506  sigreg=0.2400
  [supcon+sigreg] epoch 75/120  supcon=6.8825  sigreg=0.2007
  [supcon+sigreg] epoch 76/120  supcon=6.9562  sigreg=0.2013
  [supcon+sigreg] epoch 77/120  supcon=6.8018  sigreg=0.2022
  [supcon+sigreg] epoch 78/120  supcon=6.8162  sigreg=0.1987
  [supcon+sigreg] epoch 79/120  supcon=6.8723  sigreg=0.1862
  [supcon+sigreg] epoch 80/120  supcon=6.8654  sigreg=0.2042
  [supcon+sigreg] epoch 81/120  supcon=6.8693  sigreg=0.1987
  [supcon+sigreg] epoch 82/120  supcon=6.7779  sigreg=0.2005
  [supcon+sigreg] epoch 83/120  supcon=6.7898  sigreg=0.1831
  [supcon+sigreg] epoch 84/120  supcon=6.8319  sigreg=0.1969
  [supcon+sigreg] epoch 85/120  supcon=6.8520  sigreg=0.1791
  [supcon+sigreg] epoch 86/120  supcon=6.8224  sigreg=0.1751
  [supcon+sigreg] epoch 87/120  supcon=6.7620  sigreg=0.1939
  [supcon+sigreg] epoch 88/120  supcon=6.8987  sigreg=0.1869
  [supcon+sigreg] epoch 89/120  supcon=6.9259  sigreg=0.1627
  [supcon+sigreg] epoch 90/120  supcon=6.8438  sigreg=0.1849
  [supcon+sigreg] epoch 91/120  supcon=6.8126  sigreg=0.1939
  [supcon+sigreg] epoch 92/120  supcon=6.8830  sigreg=0.1666
  [supcon+sigreg] epoch 93/120  supcon=6.7413  sigreg=0.1803
  [supcon+sigreg] epoch 94/120  supcon=6.8215  sigreg=0.1700
  [supcon+sigreg] epoch 95/120  supcon=6.8681  sigreg=0.1547
  [supcon+sigreg] epoch 96/120  supcon=6.7908  sigreg=0.1639
  [supcon+sigreg] epoch 97/120  supcon=6.7720  sigreg=0.1636
  [supcon+sigreg] epoch 98/120  supcon=6.8974  sigreg=0.1591
  [supcon+sigreg] epoch 99/120  supcon=6.8034  sigreg=0.1702
  [supcon+sigreg] epoch 100/120  supcon=6.7980  sigreg=0.1699
  [supcon+sigreg] epoch 101/120  supcon=6.9276  sigreg=0.1440
  [supcon+sigreg] epoch 102/120  supcon=6.7817  sigreg=0.1647
  [supcon+sigreg] epoch 103/120  supcon=6.7522  sigreg=0.1608
  [supcon+sigreg] epoch 104/120  supcon=6.7494  sigreg=0.1974
  [supcon+sigreg] epoch 105/120  supcon=6.7951  sigreg=0.1594
  [supcon+sigreg] epoch 106/120  supcon=6.7365  sigreg=0.1644
  [supcon+sigreg] epoch 107/120  supcon=6.7895  sigreg=0.1843
  [supcon+sigreg] epoch 108/120  supcon=6.8097  sigreg=0.1556
  [supcon+sigreg] epoch 109/120  supcon=6.7414  sigreg=0.1684
  [supcon+sigreg] epoch 110/120  supcon=6.7127  sigreg=0.1603
  [supcon+sigreg] epoch 111/120  supcon=6.7317  sigreg=0.1466
  [supcon+sigreg] epoch 112/120  supcon=6.7634  sigreg=0.1587
  [supcon+sigreg] epoch 113/120  supcon=6.7852  sigreg=0.1413
  [supcon+sigreg] epoch 114/120  supcon=6.7885  sigreg=0.1501
  [supcon+sigreg] epoch 115/120  supcon=6.6981  sigreg=0.1448
  [supcon+sigreg] epoch 116/120  supcon=6.7087  sigreg=0.1542
  [supcon+sigreg] epoch 117/120  supcon=6.7257  sigreg=0.1316
  [supcon+sigreg] epoch 118/120  supcon=6.7188  sigreg=0.1563
  [supcon+sigreg] epoch 119/120  supcon=6.7262  sigreg=0.1491
  [supcon+sigreg] epoch 120/120  supcon=6.6840  sigreg=0.1512
  [simclr+sigreg] epoch 1/120  nt-xent=6.7098  sigreg=0.8746
  [simclr+sigreg] epoch 2/120  nt-xent=6.4460  sigreg=0.5847
  [simclr+sigreg] epoch 3/120  nt-xent=6.2815  sigreg=0.4407
  [simclr+sigreg] epoch 4/120  nt-xent=6.1716  sigreg=0.3201
  [simclr+sigreg] epoch 5/120  nt-xent=6.1233  sigreg=0.2237
  [simclr+sigreg] epoch 6/120  nt-xent=6.1042  sigreg=0.1898
  [simclr+sigreg] epoch 7/120  nt-xent=6.0341  sigreg=0.2076
  [simclr+sigreg] epoch 8/120  nt-xent=5.9998  sigreg=0.1973
  [simclr+sigreg] epoch 9/120  nt-xent=5.9610  sigreg=0.1848
  [simclr+sigreg] epoch 10/120  nt-xent=5.9302  sigreg=0.1737
  [simclr+sigreg] epoch 11/120  nt-xent=5.8982  sigreg=0.1691
  [simclr+sigreg] epoch 12/120  nt-xent=5.8521  sigreg=0.1575
  [simclr+sigreg] epoch 13/120  nt-xent=5.8299  sigreg=0.1438
  [simclr+sigreg] epoch 14/120  nt-xent=5.8273  sigreg=0.1480
  [simclr+sigreg] epoch 15/120  nt-xent=5.8015  sigreg=0.1548
  [simclr+sigreg] epoch 16/120  nt-xent=5.7933  sigreg=0.1346
  [simclr+sigreg] epoch 17/120  nt-xent=5.7648  sigreg=0.1166
  [simclr+sigreg] epoch 18/120  nt-xent=5.7808  sigreg=0.1069
  [simclr+sigreg] epoch 19/120  nt-xent=5.7500  sigreg=0.1182
  [simclr+sigreg] epoch 20/120  nt-xent=5.7512  sigreg=0.1157
  [simclr+sigreg] epoch 21/120  nt-xent=5.7616  sigreg=0.1026
  [simclr+sigreg] epoch 22/120  nt-xent=5.7414  sigreg=0.1128
  [simclr+sigreg] epoch 23/120  nt-xent=5.7435  sigreg=0.1230
  [simclr+sigreg] epoch 24/120  nt-xent=5.7324  sigreg=0.1121
  [simclr+sigreg] epoch 25/120  nt-xent=5.7319  sigreg=0.1125
  [simclr+sigreg] epoch 26/120  nt-xent=5.7196  sigreg=0.1149
  [simclr+sigreg] epoch 27/120  nt-xent=5.7150  sigreg=0.0986
  [simclr+sigreg] epoch 28/120  nt-xent=5.7031  sigreg=0.1000
  [simclr+sigreg] epoch 29/120  nt-xent=5.7012  sigreg=0.0936
  [simclr+sigreg] epoch 30/120  nt-xent=5.6832  sigreg=0.0865
  [simclr+sigreg] epoch 31/120  nt-xent=5.6727  sigreg=0.0898
  [simclr+sigreg] epoch 32/120  nt-xent=5.6785  sigreg=0.0876
  [simclr+sigreg] epoch 33/120  nt-xent=5.6713  sigreg=0.1074
  [simclr+sigreg] epoch 34/120  nt-xent=5.6620  sigreg=0.0964
  [simclr+sigreg] epoch 35/120  nt-xent=5.6551  sigreg=0.0851
  [simclr+sigreg] epoch 36/120  nt-xent=5.6544  sigreg=0.0846
  [simclr+sigreg] epoch 37/120  nt-xent=5.6420  sigreg=0.0854
  [simclr+sigreg] epoch 38/120  nt-xent=5.6184  sigreg=0.0814
  [simclr+sigreg] epoch 39/120  nt-xent=5.6274  sigreg=0.0921
  [simclr+sigreg] epoch 40/120  nt-xent=5.6159  sigreg=0.0835
  [simclr+sigreg] epoch 41/120  nt-xent=5.6200  sigreg=0.0767
  [simclr+sigreg] epoch 42/120  nt-xent=5.6067  sigreg=0.0770
  [simclr+sigreg] epoch 43/120  nt-xent=5.5925  sigreg=0.0783
  [simclr+sigreg] epoch 44/120  nt-xent=5.5900  sigreg=0.0756
  [simclr+sigreg] epoch 45/120  nt-xent=5.5849  sigreg=0.0766
  [simclr+sigreg] epoch 46/120  nt-xent=5.5868  sigreg=0.0878
  [simclr+sigreg] epoch 47/120  nt-xent=5.5818  sigreg=0.0823
  [simclr+sigreg] epoch 48/120  nt-xent=5.5688  sigreg=0.0719
  [simclr+sigreg] epoch 49/120  nt-xent=5.5578  sigreg=0.0740
  [simclr+sigreg] epoch 50/120  nt-xent=5.5573  sigreg=0.0687
  [simclr+sigreg] epoch 51/120  nt-xent=5.5578  sigreg=0.0756
  [simclr+sigreg] epoch 52/120  nt-xent=5.5433  sigreg=0.0711
  [simclr+sigreg] epoch 53/120  nt-xent=5.5421  sigreg=0.0778
  [simclr+sigreg] epoch 54/120  nt-xent=5.5381  sigreg=0.0681
  [simclr+sigreg] epoch 55/120  nt-xent=5.5358  sigreg=0.0724
  [simclr+sigreg] epoch 56/120  nt-xent=5.5501  sigreg=0.0756
  [simclr+sigreg] epoch 57/120  nt-xent=5.5196  sigreg=0.0686
  [simclr+sigreg] epoch 58/120  nt-xent=5.5327  sigreg=0.0701
  [simclr+sigreg] epoch 59/120  nt-xent=5.5394  sigreg=0.0719
  [simclr+sigreg] epoch 60/120  nt-xent=5.5245  sigreg=0.0703
  [simclr+sigreg] epoch 61/120  nt-xent=5.5204  sigreg=0.0675
  [simclr+sigreg] epoch 62/120  nt-xent=5.5085  sigreg=0.0687
  [simclr+sigreg] epoch 63/120  nt-xent=5.5057  sigreg=0.0701
  [simclr+sigreg] epoch 64/120  nt-xent=5.5016  sigreg=0.0757
  [simclr+sigreg] epoch 65/120  nt-xent=5.5088  sigreg=0.0698
  [simclr+sigreg] epoch 66/120  nt-xent=5.5014  sigreg=0.0671
  [simclr+sigreg] epoch 67/120  nt-xent=5.4923  sigreg=0.0634
  [simclr+sigreg] epoch 68/120  nt-xent=5.4989  sigreg=0.0659
  [simclr+sigreg] epoch 69/120  nt-xent=5.4961  sigreg=0.0655
  [simclr+sigreg] epoch 70/120  nt-xent=5.4923  sigreg=0.0680
  [simclr+sigreg] epoch 71/120  nt-xent=5.4873  sigreg=0.0639
  [simclr+sigreg] epoch 72/120  nt-xent=5.4881  sigreg=0.0670
  [simclr+sigreg] epoch 73/120  nt-xent=5.4793  sigreg=0.0674
  [simclr+sigreg] epoch 74/120  nt-xent=5.4823  sigreg=0.0649
  [simclr+sigreg] epoch 75/120  nt-xent=5.4763  sigreg=0.0629
  [simclr+sigreg] epoch 76/120  nt-xent=5.4734  sigreg=0.0674
  [simclr+sigreg] epoch 77/120  nt-xent=5.4621  sigreg=0.0721
  [simclr+sigreg] epoch 78/120  nt-xent=5.4678  sigreg=0.0584
  [simclr+sigreg] epoch 79/120  nt-xent=5.4610  sigreg=0.0614
  [simclr+sigreg] epoch 80/120  nt-xent=5.4507  sigreg=0.0620
  [simclr+sigreg] epoch 81/120  nt-xent=5.4594  sigreg=0.0591
  [simclr+sigreg] epoch 82/120  nt-xent=5.4663  sigreg=0.0584
  [simclr+sigreg] epoch 83/120  nt-xent=5.4444  sigreg=0.0571
  [simclr+sigreg] epoch 84/120  nt-xent=5.4541  sigreg=0.0544
  [simclr+sigreg] epoch 85/120  nt-xent=5.4560  sigreg=0.0635
  [simclr+sigreg] epoch 86/120  nt-xent=5.4561  sigreg=0.0542
  [simclr+sigreg] epoch 87/120  nt-xent=5.4578  sigreg=0.0550
  [simclr+sigreg] epoch 88/120  nt-xent=5.4545  sigreg=0.0545
  [simclr+sigreg] epoch 89/120  nt-xent=5.4491  sigreg=0.0580
  [simclr+sigreg] epoch 90/120  nt-xent=5.4495  sigreg=0.0560
  [simclr+sigreg] epoch 91/120  nt-xent=5.4384  sigreg=0.0636
  [simclr+sigreg] epoch 92/120  nt-xent=5.4518  sigreg=0.0604
  [simclr+sigreg] epoch 93/120  nt-xent=5.4480  sigreg=0.0628
  [simclr+sigreg] epoch 94/120  nt-xent=5.4524  sigreg=0.0669
  [simclr+sigreg] epoch 95/120  nt-xent=5.4404  sigreg=0.0555
  [simclr+sigreg] epoch 96/120  nt-xent=5.4441  sigreg=0.0599
  [simclr+sigreg] epoch 97/120  nt-xent=5.4354  sigreg=0.0552
  [simclr+sigreg] epoch 98/120  nt-xent=5.4450  sigreg=0.0604
  [simclr+sigreg] epoch 99/120  nt-xent=5.4368  sigreg=0.0593
  [simclr+sigreg] epoch 100/120  nt-xent=5.4367  sigreg=0.0616
  [simclr+sigreg] epoch 101/120  nt-xent=5.4337  sigreg=0.0578
  [simclr+sigreg] epoch 102/120  nt-xent=5.4402  sigreg=0.0598
  [simclr+sigreg] epoch 103/120  nt-xent=5.4350  sigreg=0.0582
  [simclr+sigreg] epoch 104/120  nt-xent=5.4216  sigreg=0.0542
  [simclr+sigreg] epoch 105/120  nt-xent=5.4250  sigreg=0.0541
  [simclr+sigreg] epoch 106/120  nt-xent=5.4255  sigreg=0.0634
  [simclr+sigreg] epoch 107/120  nt-xent=5.4202  sigreg=0.0597
  [simclr+sigreg] epoch 108/120  nt-xent=5.4167  sigreg=0.0602
  [simclr+sigreg] epoch 109/120  nt-xent=5.4236  sigreg=0.0561
  [simclr+sigreg] epoch 110/120  nt-xent=5.4144  sigreg=0.0653
  [simclr+sigreg] epoch 111/120  nt-xent=5.4235  sigreg=0.0574
  [simclr+sigreg] epoch 112/120  nt-xent=5.4141  sigreg=0.0614
  [simclr+sigreg] epoch 113/120  nt-xent=5.4115  sigreg=0.0521
  [simclr+sigreg] epoch 114/120  nt-xent=5.4155  sigreg=0.0518
  [simclr+sigreg] epoch 115/120  nt-xent=5.4104  sigreg=0.0592
  [simclr+sigreg] epoch 116/120  nt-xent=5.4032  sigreg=0.0563
  [simclr+sigreg] epoch 117/120  nt-xent=5.4041  sigreg=0.0463
  [simclr+sigreg] epoch 118/120  nt-xent=5.4055  sigreg=0.0608
  [simclr+sigreg] epoch 119/120  nt-xent=5.4105  sigreg=0.0653
  [simclr+sigreg] epoch 120/120  nt-xent=5.4090  sigreg=0.0586
  [galaxy10/dino] raw probe (768d)           63.0
  [galaxy10/dino] SupCon (aug)               63.5
  [galaxy10/dino] ss[lam5]                   62.1
  [galaxy10/dino] supcon+hybrid (concat)     64.9
  [galaxy10/dino] ss+hybrid (concat)         62.4

######## galaxy10 on LeJEPA ViT-B/16 (community repro) ########
  [supcon] epoch 1/120  loss=6.7461
  [supcon] epoch 2/120  loss=6.4996
  [supcon] epoch 3/120  loss=6.4233
  [supcon] epoch 4/120  loss=6.4046
  [supcon] epoch 5/120  loss=6.3533
  [supcon] epoch 6/120  loss=6.3668
  [supcon] epoch 7/120  loss=6.3336
  [supcon] epoch 8/120  loss=6.3096
  [supcon] epoch 9/120  loss=6.3037
  [supcon] epoch 10/120  loss=6.2809
  [supcon] epoch 11/120  loss=6.3028
  [supcon] epoch 12/120  loss=6.2501
  [supcon] epoch 13/120  loss=6.2458
  [supcon] epoch 14/120  loss=6.2574
  [supcon] epoch 15/120  loss=6.2028
  [supcon] epoch 16/120  loss=6.1852
  [supcon] epoch 17/120  loss=6.1473
  [supcon] epoch 18/120  loss=6.1396
  [supcon] epoch 19/120  loss=6.1390
  [supcon] epoch 20/120  loss=6.1343
  [supcon] epoch 21/120  loss=6.1476
  [supcon] epoch 22/120  loss=6.0909
  [supcon] epoch 23/120  loss=6.0968
  [supcon] epoch 24/120  loss=6.0744
  [supcon] epoch 25/120  loss=6.0611
  [supcon] epoch 26/120  loss=6.0353
  [supcon] epoch 27/120  loss=6.0500
  [supcon] epoch 28/120  loss=6.0071
  [supcon] epoch 29/120  loss=6.0070
  [supcon] epoch 30/120  loss=6.0036
  [supcon] epoch 31/120  loss=5.9601
  [supcon] epoch 32/120  loss=5.9868
  [supcon] epoch 33/120  loss=5.9815
  [supcon] epoch 34/120  loss=5.9541
  [supcon] epoch 35/120  loss=5.9361
  [supcon] epoch 36/120  loss=5.9681
  [supcon] epoch 37/120  loss=5.9119
  [supcon] epoch 38/120  loss=5.9420
  [supcon] epoch 39/120  loss=5.9166
  [supcon] epoch 40/120  loss=5.9015
  [supcon] epoch 41/120  loss=5.8932
  [supcon] epoch 42/120  loss=5.9250
  [supcon] epoch 43/120  loss=5.8810
  [supcon] epoch 44/120  loss=5.8319
  [supcon] epoch 45/120  loss=5.8536
  [supcon] epoch 46/120  loss=5.8610
  [supcon] epoch 47/120  loss=5.8332
  [supcon] epoch 48/120  loss=5.8192
  [supcon] epoch 49/120  loss=5.8282
  [supcon] epoch 50/120  loss=5.8158
  [supcon] epoch 51/120  loss=5.8091
  [supcon] epoch 52/120  loss=5.8046
  [supcon] epoch 53/120  loss=5.7910
  [supcon] epoch 54/120  loss=5.7819
  [supcon] epoch 55/120  loss=5.7598
  [supcon] epoch 56/120  loss=5.7213
  [supcon] epoch 57/120  loss=5.7789
  [supcon] epoch 58/120  loss=5.7304
  [supcon] epoch 59/120  loss=5.7073
  [supcon] epoch 60/120  loss=5.7086
  [supcon] epoch 61/120  loss=5.7127
  [supcon] epoch 62/120  loss=5.7052
  [supcon] epoch 63/120  loss=5.7360
  [supcon] epoch 64/120  loss=5.6748
  [supcon] epoch 65/120  loss=5.6727
  [supcon] epoch 66/120  loss=5.6594
  [supcon] epoch 67/120  loss=5.6765
  [supcon] epoch 68/120  loss=5.6392
  [supcon] epoch 69/120  loss=5.6643
  [supcon] epoch 70/120  loss=5.6322
  [supcon] epoch 71/120  loss=5.6373
  [supcon] epoch 72/120  loss=5.6444
  [supcon] epoch 73/120  loss=5.6517
  [supcon] epoch 74/120  loss=5.6555
  [supcon] epoch 75/120  loss=5.6030
  [supcon] epoch 76/120  loss=5.6327
  [supcon] epoch 77/120  loss=5.6146
  [supcon] epoch 78/120  loss=5.5900
  [supcon] epoch 79/120  loss=5.5444
  [supcon] epoch 80/120  loss=5.5668
  [supcon] epoch 81/120  loss=5.5769
  [supcon] epoch 82/120  loss=5.5845
  [supcon] epoch 83/120  loss=5.5601
  [supcon] epoch 84/120  loss=5.5438
  [supcon] epoch 85/120  loss=5.5543
  [supcon] epoch 86/120  loss=5.5186
  [supcon] epoch 87/120  loss=5.5452
  [supcon] epoch 88/120  loss=5.5357
  [supcon] epoch 89/120  loss=5.5481
  [supcon] epoch 90/120  loss=5.5463
  [supcon] epoch 91/120  loss=5.5152
  [supcon] epoch 92/120  loss=5.5166
  [supcon] epoch 93/120  loss=5.5095
  [supcon] epoch 94/120  loss=5.4871
  [supcon] epoch 95/120  loss=5.4820
  [supcon] epoch 96/120  loss=5.4800
  [supcon] epoch 97/120  loss=5.4551
  [supcon] epoch 98/120  loss=5.5076
  [supcon] epoch 99/120  loss=5.4782
  [supcon] epoch 100/120  loss=5.4966
  [supcon] epoch 101/120  loss=5.4751
  [supcon] epoch 102/120  loss=5.4691
  [supcon] epoch 103/120  loss=5.4953
  [supcon] epoch 104/120  loss=5.4614
  [supcon] epoch 105/120  loss=5.4577
  [supcon] epoch 106/120  loss=5.4248
  [supcon] epoch 107/120  loss=5.4210
  [supcon] epoch 108/120  loss=5.4497
  [supcon] epoch 109/120  loss=5.4245
  [supcon] epoch 110/120  loss=5.4075
  [supcon] epoch 111/120  loss=5.4190
  [supcon] epoch 112/120  loss=5.4161
  [supcon] epoch 113/120  loss=5.3928
  [supcon] epoch 114/120  loss=5.3847
  [supcon] epoch 115/120  loss=5.3614
  [supcon] epoch 116/120  loss=5.3625
  [supcon] epoch 117/120  loss=5.3813
  [supcon] epoch 118/120  loss=5.3821
  [supcon] epoch 119/120  loss=5.3624
  [supcon] epoch 120/120  loss=5.3684
  [supcon+sigreg] epoch 1/120  supcon=6.7703  sigreg=0.9191
  [supcon+sigreg] epoch 2/120  supcon=6.6104  sigreg=0.8698
  [supcon+sigreg] epoch 3/120  supcon=6.5310  sigreg=0.8144
  [supcon+sigreg] epoch 4/120  supcon=6.5933  sigreg=0.7632
  [supcon+sigreg] epoch 5/120  supcon=6.5675  sigreg=0.7209
  [supcon+sigreg] epoch 6/120  supcon=6.6082  sigreg=0.6736
  [supcon+sigreg] epoch 7/120  supcon=6.6656  sigreg=0.6297
  [supcon+sigreg] epoch 8/120  supcon=6.8001  sigreg=0.5729
  [supcon+sigreg] epoch 9/120  supcon=6.8011  sigreg=0.5678
  [supcon+sigreg] epoch 10/120  supcon=6.7552  sigreg=0.5293
  [supcon+sigreg] epoch 11/120  supcon=6.8056  sigreg=0.5601
  [supcon+sigreg] epoch 12/120  supcon=7.0439  sigreg=0.4748
  [supcon+sigreg] epoch 13/120  supcon=7.1438  sigreg=0.4543
  [supcon+sigreg] epoch 14/120  supcon=7.0038  sigreg=0.4869
  [supcon+sigreg] epoch 15/120  supcon=7.0053  sigreg=0.4938
  [supcon+sigreg] epoch 16/120  supcon=7.0948  sigreg=0.4632
  [supcon+sigreg] epoch 17/120  supcon=7.0386  sigreg=0.4161
  [supcon+sigreg] epoch 18/120  supcon=6.9668  sigreg=0.4612
  [supcon+sigreg] epoch 19/120  supcon=6.9465  sigreg=0.4800
  [supcon+sigreg] epoch 20/120  supcon=7.1334  sigreg=0.4562
  [supcon+sigreg] epoch 21/120  supcon=7.1591  sigreg=0.4311
  [supcon+sigreg] epoch 22/120  supcon=6.9079  sigreg=0.4609
  [supcon+sigreg] epoch 23/120  supcon=6.8279  sigreg=0.4475
  [supcon+sigreg] epoch 24/120  supcon=7.0837  sigreg=0.4038
  [supcon+sigreg] epoch 25/120  supcon=7.0527  sigreg=0.4181
  [supcon+sigreg] epoch 26/120  supcon=6.9359  sigreg=0.4451
  [supcon+sigreg] epoch 27/120  supcon=6.9240  sigreg=0.4679
  [supcon+sigreg] epoch 28/120  supcon=7.0237  sigreg=0.3932
  [supcon+sigreg] epoch 29/120  supcon=7.0815  sigreg=0.3892
  [supcon+sigreg] epoch 30/120  supcon=7.0575  sigreg=0.3916
  [supcon+sigreg] epoch 31/120  supcon=6.9043  sigreg=0.4164
  [supcon+sigreg] epoch 32/120  supcon=7.0194  sigreg=0.3899
  [supcon+sigreg] epoch 33/120  supcon=7.0176  sigreg=0.3916
  [supcon+sigreg] epoch 34/120  supcon=6.9482  sigreg=0.4129
  [supcon+sigreg] epoch 35/120  supcon=7.0998  sigreg=0.3657
  [supcon+sigreg] epoch 36/120  supcon=7.1004  sigreg=0.3819
  [supcon+sigreg] epoch 37/120  supcon=7.0948  sigreg=0.3399
  [supcon+sigreg] epoch 38/120  supcon=7.0586  sigreg=0.4132
  [supcon+sigreg] epoch 39/120  supcon=7.0562  sigreg=0.3663
  [supcon+sigreg] epoch 40/120  supcon=7.0931  sigreg=0.3529
  [supcon+sigreg] epoch 41/120  supcon=7.0263  sigreg=0.3801
  [supcon+sigreg] epoch 42/120  supcon=7.0947  sigreg=0.3608
  [supcon+sigreg] epoch 43/120  supcon=7.0404  sigreg=0.3441
  [supcon+sigreg] epoch 44/120  supcon=6.9191  sigreg=0.3545
  [supcon+sigreg] epoch 45/120  supcon=6.8467  sigreg=0.3800
  [supcon+sigreg] epoch 46/120  supcon=6.9190  sigreg=0.3545
  [supcon+sigreg] epoch 47/120  supcon=6.9841  sigreg=0.3261
  [supcon+sigreg] epoch 48/120  supcon=6.9531  sigreg=0.3788
  [supcon+sigreg] epoch 49/120  supcon=7.0070  sigreg=0.3321
  [supcon+sigreg] epoch 50/120  supcon=6.9989  sigreg=0.3437
  [supcon+sigreg] epoch 51/120  supcon=6.9490  sigreg=0.3464
  [supcon+sigreg] epoch 52/120  supcon=6.9418  sigreg=0.3532
  [supcon+sigreg] epoch 53/120  supcon=6.8775  sigreg=0.3292
  [supcon+sigreg] epoch 54/120  supcon=6.9382  sigreg=0.3443
  [supcon+sigreg] epoch 55/120  supcon=6.9152  sigreg=0.3351
  [supcon+sigreg] epoch 56/120  supcon=7.0982  sigreg=0.3011
  [supcon+sigreg] epoch 57/120  supcon=6.9751  sigreg=0.3158
  [supcon+sigreg] epoch 58/120  supcon=6.9097  sigreg=0.3466
  [supcon+sigreg] epoch 59/120  supcon=6.8389  sigreg=0.3470
  [supcon+sigreg] epoch 60/120  supcon=6.9175  sigreg=0.3147
  [supcon+sigreg] epoch 61/120  supcon=7.0671  sigreg=0.3213
  [supcon+sigreg] epoch 62/120  supcon=7.0043  sigreg=0.3200
  [supcon+sigreg] epoch 63/120  supcon=6.9437  sigreg=0.3125
  [supcon+sigreg] epoch 64/120  supcon=6.9007  sigreg=0.3063
  [supcon+sigreg] epoch 65/120  supcon=6.9143  sigreg=0.3139
  [supcon+sigreg] epoch 66/120  supcon=6.9049  sigreg=0.3289
  [supcon+sigreg] epoch 67/120  supcon=6.9677  sigreg=0.3016
  [supcon+sigreg] epoch 68/120  supcon=6.9482  sigreg=0.3180
  [supcon+sigreg] epoch 69/120  supcon=6.8328  sigreg=0.2989
  [supcon+sigreg] epoch 70/120  supcon=6.8277  sigreg=0.2955
  [supcon+sigreg] epoch 71/120  supcon=6.9195  sigreg=0.2955
  [supcon+sigreg] epoch 72/120  supcon=6.9471  sigreg=0.3038
  [supcon+sigreg] epoch 73/120  supcon=7.0456  sigreg=0.2749
  [supcon+sigreg] epoch 74/120  supcon=6.9361  sigreg=0.2984
  [supcon+sigreg] epoch 75/120  supcon=6.8718  sigreg=0.3197
  [supcon+sigreg] epoch 76/120  supcon=6.8833  sigreg=0.3099
  [supcon+sigreg] epoch 77/120  supcon=6.9730  sigreg=0.2797
  [supcon+sigreg] epoch 78/120  supcon=6.9510  sigreg=0.2811
  [supcon+sigreg] epoch 79/120  supcon=6.9335  sigreg=0.2979
  [supcon+sigreg] epoch 80/120  supcon=6.9154  sigreg=0.2756
  [supcon+sigreg] epoch 81/120  supcon=6.8786  sigreg=0.2521
  [supcon+sigreg] epoch 82/120  supcon=6.8382  sigreg=0.2832
  [supcon+sigreg] epoch 83/120  supcon=6.9580  sigreg=0.2795
  [supcon+sigreg] epoch 84/120  supcon=6.9035  sigreg=0.2543
  [supcon+sigreg] epoch 85/120  supcon=6.8275  sigreg=0.2733
  [supcon+sigreg] epoch 86/120  supcon=6.8902  sigreg=0.2709
  [supcon+sigreg] epoch 87/120  supcon=6.8591  sigreg=0.2652
  [supcon+sigreg] epoch 88/120  supcon=6.8611  sigreg=0.2736
  [supcon+sigreg] epoch 89/120  supcon=6.8138  sigreg=0.2647
  [supcon+sigreg] epoch 90/120  supcon=6.8611  sigreg=0.2640
  [supcon+sigreg] epoch 91/120  supcon=6.8638  sigreg=0.2416
  [supcon+sigreg] epoch 92/120  supcon=6.8754  sigreg=0.2457
  [supcon+sigreg] epoch 93/120  supcon=6.7913  sigreg=0.2471
  [supcon+sigreg] epoch 94/120  supcon=6.8488  sigreg=0.2695
  [supcon+sigreg] epoch 95/120  supcon=6.8218  sigreg=0.2570
  [supcon+sigreg] epoch 96/120  supcon=6.8876  sigreg=0.2478
  [supcon+sigreg] epoch 97/120  supcon=6.8098  sigreg=0.2518
  [supcon+sigreg] epoch 98/120  supcon=6.7984  sigreg=0.2678
  [supcon+sigreg] epoch 99/120  supcon=6.8264  sigreg=0.2664
  [supcon+sigreg] epoch 100/120  supcon=6.8793  sigreg=0.2417
  [supcon+sigreg] epoch 101/120  supcon=6.9238  sigreg=0.2251
  [supcon+sigreg] epoch 102/120  supcon=6.8530  sigreg=0.2568
  [supcon+sigreg] epoch 103/120  supcon=6.8689  sigreg=0.2511
  [supcon+sigreg] epoch 104/120  supcon=6.7707  sigreg=0.2430
  [supcon+sigreg] epoch 105/120  supcon=6.7948  sigreg=0.2546
  [supcon+sigreg] epoch 106/120  supcon=6.8170  sigreg=0.2373
  [supcon+sigreg] epoch 107/120  supcon=6.9152  sigreg=0.2458
  [supcon+sigreg] epoch 108/120  supcon=6.8663  sigreg=0.2364
  [supcon+sigreg] epoch 109/120  supcon=6.8319  sigreg=0.2338
  [supcon+sigreg] epoch 110/120  supcon=6.8274  sigreg=0.2435
  [supcon+sigreg] epoch 111/120  supcon=6.8721  sigreg=0.2324
  [supcon+sigreg] epoch 112/120  supcon=6.8997  sigreg=0.2030
  [supcon+sigreg] epoch 113/120  supcon=6.8835  sigreg=0.2262
  [supcon+sigreg] epoch 114/120  supcon=6.7928  sigreg=0.2428
  [supcon+sigreg] epoch 115/120  supcon=6.7625  sigreg=0.2313
  [supcon+sigreg] epoch 116/120  supcon=6.8771  sigreg=0.2171
  [supcon+sigreg] epoch 117/120  supcon=6.8416  sigreg=0.2286
  [supcon+sigreg] epoch 118/120  supcon=6.8560  sigreg=0.2320
  [supcon+sigreg] epoch 119/120  supcon=6.8087  sigreg=0.2255
  [supcon+sigreg] epoch 120/120  supcon=6.7521  sigreg=0.2247
  [simclr+sigreg] epoch 1/120  nt-xent=6.4882  sigreg=0.9068
  [simclr+sigreg] epoch 2/120  nt-xent=5.9884  sigreg=0.8309
  [simclr+sigreg] epoch 3/120  nt-xent=5.8792  sigreg=0.7570
  [simclr+sigreg] epoch 4/120  nt-xent=5.8281  sigreg=0.6706
  [simclr+sigreg] epoch 5/120  nt-xent=5.8191  sigreg=0.5662
  [simclr+sigreg] epoch 6/120  nt-xent=5.8191  sigreg=0.4716
  [simclr+sigreg] epoch 7/120  nt-xent=5.8259  sigreg=0.3671
  [simclr+sigreg] epoch 8/120  nt-xent=5.8341  sigreg=0.3069
  [simclr+sigreg] epoch 9/120  nt-xent=5.8298  sigreg=0.2198
  [simclr+sigreg] epoch 10/120  nt-xent=5.8291  sigreg=0.2088
  [simclr+sigreg] epoch 11/120  nt-xent=5.8248  sigreg=0.1999
  [simclr+sigreg] epoch 12/120  nt-xent=5.8167  sigreg=0.1766
  [simclr+sigreg] epoch 13/120  nt-xent=5.8090  sigreg=0.1714
  [simclr+sigreg] epoch 14/120  nt-xent=5.8211  sigreg=0.1981
  [simclr+sigreg] epoch 15/120  nt-xent=5.7925  sigreg=0.1508
  [simclr+sigreg] epoch 16/120  nt-xent=5.7969  sigreg=0.1592
  [simclr+sigreg] epoch 17/120  nt-xent=5.7668  sigreg=0.1568
  [simclr+sigreg] epoch 18/120  nt-xent=5.7595  sigreg=0.1797
  [simclr+sigreg] epoch 19/120  nt-xent=5.7538  sigreg=0.1517
  [simclr+sigreg] epoch 20/120  nt-xent=5.7585  sigreg=0.1541
  [simclr+sigreg] epoch 21/120  nt-xent=5.7227  sigreg=0.1576
  [simclr+sigreg] epoch 22/120  nt-xent=5.7200  sigreg=0.1376
  [simclr+sigreg] epoch 23/120  nt-xent=5.6948  sigreg=0.1385
  [simclr+sigreg] epoch 24/120  nt-xent=5.6945  sigreg=0.1344
  [simclr+sigreg] epoch 25/120  nt-xent=5.6958  sigreg=0.1389
  [simclr+sigreg] epoch 26/120  nt-xent=5.6854  sigreg=0.1413
  [simclr+sigreg] epoch 27/120  nt-xent=5.6892  sigreg=0.1375
  [simclr+sigreg] epoch 28/120  nt-xent=5.6837  sigreg=0.1329
  [simclr+sigreg] epoch 29/120  nt-xent=5.6714  sigreg=0.1230
  [simclr+sigreg] epoch 30/120  nt-xent=5.6578  sigreg=0.1286
  [simclr+sigreg] epoch 31/120  nt-xent=5.6545  sigreg=0.1205
  [simclr+sigreg] epoch 32/120  nt-xent=5.6410  sigreg=0.1242
  [simclr+sigreg] epoch 33/120  nt-xent=5.6392  sigreg=0.1192
  [simclr+sigreg] epoch 34/120  nt-xent=5.6307  sigreg=0.1240
  [simclr+sigreg] epoch 35/120  nt-xent=5.6384  sigreg=0.1088
  [simclr+sigreg] epoch 36/120  nt-xent=5.6249  sigreg=0.1297
  [simclr+sigreg] epoch 37/120  nt-xent=5.6241  sigreg=0.1115
  [simclr+sigreg] epoch 38/120  nt-xent=5.6247  sigreg=0.1232
  [simclr+sigreg] epoch 39/120  nt-xent=5.6149  sigreg=0.1221
  [simclr+sigreg] epoch 40/120  nt-xent=5.6042  sigreg=0.1174
  [simclr+sigreg] epoch 41/120  nt-xent=5.6056  sigreg=0.0943
  [simclr+sigreg] epoch 42/120  nt-xent=5.5992  sigreg=0.1201
  [simclr+sigreg] epoch 43/120  nt-xent=5.6084  sigreg=0.0961
  [simclr+sigreg] epoch 44/120  nt-xent=5.6003  sigreg=0.1236
  [simclr+sigreg] epoch 45/120  nt-xent=5.5840  sigreg=0.1290
  [simclr+sigreg] epoch 46/120  nt-xent=5.5911  sigreg=0.0990
  [simclr+sigreg] epoch 47/120  nt-xent=5.5856  sigreg=0.1129
  [simclr+sigreg] epoch 48/120  nt-xent=5.5940  sigreg=0.1022
  [simclr+sigreg] epoch 49/120  nt-xent=5.5858  sigreg=0.0974
  [simclr+sigreg] epoch 50/120  nt-xent=5.5776  sigreg=0.1074
  [simclr+sigreg] epoch 51/120  nt-xent=5.5834  sigreg=0.1159
  [simclr+sigreg] epoch 52/120  nt-xent=5.5829  sigreg=0.1059
  [simclr+sigreg] epoch 53/120  nt-xent=5.5763  sigreg=0.0938
  [simclr+sigreg] epoch 54/120  nt-xent=5.5748  sigreg=0.1047
  [simclr+sigreg] epoch 55/120  nt-xent=5.5678  sigreg=0.0936
  [simclr+sigreg] epoch 56/120  nt-xent=5.5805  sigreg=0.0989
  [simclr+sigreg] epoch 57/120  nt-xent=5.5662  sigreg=0.0911
  [simclr+sigreg] epoch 58/120  nt-xent=5.5819  sigreg=0.0991
  [simclr+sigreg] epoch 59/120  nt-xent=5.5667  sigreg=0.0862
  [simclr+sigreg] epoch 60/120  nt-xent=5.5688  sigreg=0.0957
  [simclr+sigreg] epoch 61/120  nt-xent=5.5688  sigreg=0.1045
  [simclr+sigreg] epoch 62/120  nt-xent=5.5730  sigreg=0.0972
  [simclr+sigreg] epoch 63/120  nt-xent=5.5624  sigreg=0.0993
  [simclr+sigreg] epoch 64/120  nt-xent=5.5582  sigreg=0.0973
  [simclr+sigreg] epoch 65/120  nt-xent=5.5560  sigreg=0.0971
  [simclr+sigreg] epoch 66/120  nt-xent=5.5658  sigreg=0.1001
  [simclr+sigreg] epoch 67/120  nt-xent=5.5608  sigreg=0.0912
  [simclr+sigreg] epoch 68/120  nt-xent=5.5589  sigreg=0.0871
  [simclr+sigreg] epoch 69/120  nt-xent=5.5590  sigreg=0.0923
  [simclr+sigreg] epoch 70/120  nt-xent=5.5686  sigreg=0.0962
  [simclr+sigreg] epoch 71/120  nt-xent=5.5546  sigreg=0.0833
  [simclr+sigreg] epoch 72/120  nt-xent=5.5508  sigreg=0.0896
  [simclr+sigreg] epoch 73/120  nt-xent=5.5451  sigreg=0.1028
  [simclr+sigreg] epoch 74/120  nt-xent=5.5444  sigreg=0.0885
  [simclr+sigreg] epoch 75/120  nt-xent=5.5484  sigreg=0.0993
  [simclr+sigreg] epoch 76/120  nt-xent=5.5452  sigreg=0.0994
  [simclr+sigreg] epoch 77/120  nt-xent=5.5450  sigreg=0.0889
  [simclr+sigreg] epoch 78/120  nt-xent=5.5355  sigreg=0.0898
  [simclr+sigreg] epoch 79/120  nt-xent=5.5356  sigreg=0.0900
  [simclr+sigreg] epoch 80/120  nt-xent=5.5374  sigreg=0.0893
  [simclr+sigreg] epoch 81/120  nt-xent=5.5297  sigreg=0.0860
  [simclr+sigreg] epoch 82/120  nt-xent=5.5288  sigreg=0.0788
  [simclr+sigreg] epoch 83/120  nt-xent=5.5334  sigreg=0.0901
  [simclr+sigreg] epoch 84/120  nt-xent=5.5244  sigreg=0.0903
  [simclr+sigreg] epoch 85/120  nt-xent=5.5277  sigreg=0.0873
  [simclr+sigreg] epoch 86/120  nt-xent=5.5249  sigreg=0.0809
  [simclr+sigreg] epoch 87/120  nt-xent=5.5183  sigreg=0.0814
  [simclr+sigreg] epoch 88/120  nt-xent=5.5163  sigreg=0.0811
  [simclr+sigreg] epoch 89/120  nt-xent=5.5165  sigreg=0.0955
  [simclr+sigreg] epoch 90/120  nt-xent=5.5178  sigreg=0.0864
  [simclr+sigreg] epoch 91/120  nt-xent=5.5277  sigreg=0.0801
  [simclr+sigreg] epoch 92/120  nt-xent=5.5283  sigreg=0.0980
  [simclr+sigreg] epoch 93/120  nt-xent=5.5286  sigreg=0.0939
  [simclr+sigreg] epoch 94/120  nt-xent=5.5171  sigreg=0.0917
  [simclr+sigreg] epoch 95/120  nt-xent=5.5319  sigreg=0.0901
  [simclr+sigreg] epoch 96/120  nt-xent=5.5269  sigreg=0.0913
  [simclr+sigreg] epoch 97/120  nt-xent=5.5169  sigreg=0.0808
  [simclr+sigreg] epoch 98/120  nt-xent=5.5174  sigreg=0.0979
  [simclr+sigreg] epoch 99/120  nt-xent=5.5203  sigreg=0.0851
  [simclr+sigreg] epoch 100/120  nt-xent=5.5154  sigreg=0.0868
  [simclr+sigreg] epoch 101/120  nt-xent=5.5116  sigreg=0.0876
  [simclr+sigreg] epoch 102/120  nt-xent=5.5044  sigreg=0.0803
  [simclr+sigreg] epoch 103/120  nt-xent=5.5014  sigreg=0.0881
  [simclr+sigreg] epoch 104/120  nt-xent=5.5034  sigreg=0.0823
  [simclr+sigreg] epoch 105/120  nt-xent=5.5069  sigreg=0.0825
  [simclr+sigreg] epoch 106/120  nt-xent=5.5031  sigreg=0.0800
  [simclr+sigreg] epoch 107/120  nt-xent=5.4883  sigreg=0.0654
  [simclr+sigreg] epoch 108/120  nt-xent=5.5045  sigreg=0.0819
  [simclr+sigreg] epoch 109/120  nt-xent=5.4862  sigreg=0.0913
  [simclr+sigreg] epoch 110/120  nt-xent=5.4948  sigreg=0.0843
  [simclr+sigreg] epoch 111/120  nt-xent=5.5026  sigreg=0.0864
  [simclr+sigreg] epoch 112/120  nt-xent=5.4912  sigreg=0.0771
  [simclr+sigreg] epoch 113/120  nt-xent=5.4986  sigreg=0.0683
  [simclr+sigreg] epoch 114/120  nt-xent=5.5013  sigreg=0.0947
  [simclr+sigreg] epoch 115/120  nt-xent=5.4859  sigreg=0.0795
  [simclr+sigreg] epoch 116/120  nt-xent=5.4818  sigreg=0.0678
  [simclr+sigreg] epoch 117/120  nt-xent=5.4882  sigreg=0.0891
  [simclr+sigreg] epoch 118/120  nt-xent=5.4867  sigreg=0.0821
  [simclr+sigreg] epoch 119/120  nt-xent=5.4824  sigreg=0.0820
  [simclr+sigreg] epoch 120/120  nt-xent=5.4948  sigreg=0.0811
  [galaxy10/lejepa] raw probe (768d)           58.9
  [galaxy10/lejepa] SupCon (aug)               62.4
  [galaxy10/lejepa] ss[lam5]                   60.7
  [galaxy10/lejepa] supcon+hybrid (concat)     60.1
  [galaxy10/lejepa] ss+hybrid (concat)         59.8

######## galaxy10 on VISReg ViT-B/16 (paper's weights) ########
  [supcon] epoch 1/120  loss=6.8441
  [supcon] epoch 2/120  loss=6.6852
  [supcon] epoch 3/120  loss=6.5729
  [supcon] epoch 4/120  loss=6.5145
  [supcon] epoch 5/120  loss=6.4639
  [supcon] epoch 6/120  loss=6.4676
  [supcon] epoch 7/120  loss=6.4615
  [supcon] epoch 8/120  loss=6.4229
  [supcon] epoch 9/120  loss=6.4184
  [supcon] epoch 10/120  loss=6.4035
  [supcon] epoch 11/120  loss=6.4175
  [supcon] epoch 12/120  loss=6.3578
  [supcon] epoch 13/120  loss=6.3717
  [supcon] epoch 14/120  loss=6.3766
  [supcon] epoch 15/120  loss=6.3337
  [supcon] epoch 16/120  loss=6.3396
  [supcon] epoch 17/120  loss=6.3226
  [supcon] epoch 18/120  loss=6.3179
  [supcon] epoch 19/120  loss=6.3090
  [supcon] epoch 20/120  loss=6.2903
  [supcon] epoch 21/120  loss=6.3077
  [supcon] epoch 22/120  loss=6.2931
  [supcon] epoch 23/120  loss=6.2788
  [supcon] epoch 24/120  loss=6.2301
  [supcon] epoch 25/120  loss=6.2475
  [supcon] epoch 26/120  loss=6.2234
  [supcon] epoch 27/120  loss=6.2569
  [supcon] epoch 28/120  loss=6.2212
  [supcon] epoch 29/120  loss=6.2460
  [supcon] epoch 30/120  loss=6.2380
  [supcon] epoch 31/120  loss=6.2028
  [supcon] epoch 32/120  loss=6.2001
  [supcon] epoch 33/120  loss=6.1842
  [supcon] epoch 34/120  loss=6.1781
  [supcon] epoch 35/120  loss=6.1850
  [supcon] epoch 36/120  loss=6.1887
  [supcon] epoch 37/120  loss=6.1450
  [supcon] epoch 38/120  loss=6.1560
  [supcon] epoch 39/120  loss=6.1534
  [supcon] epoch 40/120  loss=6.1593
  [supcon] epoch 41/120  loss=6.1359
  [supcon] epoch 42/120  loss=6.1761
  [supcon] epoch 43/120  loss=6.1166
  [supcon] epoch 44/120  loss=6.0993
  [supcon] epoch 45/120  loss=6.1021
  [supcon] epoch 46/120  loss=6.0928
  [supcon] epoch 47/120  loss=6.1046
  [supcon] epoch 48/120  loss=6.0728
  [supcon] epoch 49/120  loss=6.0846
  [supcon] epoch 50/120  loss=6.1176
  [supcon] epoch 51/120  loss=6.0749
  [supcon] epoch 52/120  loss=6.1048
  [supcon] epoch 53/120  loss=6.0664
  [supcon] epoch 54/120  loss=6.0864
  [supcon] epoch 55/120  loss=6.0601
  [supcon] epoch 56/120  loss=6.0438
  [supcon] epoch 57/120  loss=6.0634
  [supcon] epoch 58/120  loss=6.0592
  [supcon] epoch 59/120  loss=6.0150
  [supcon] epoch 60/120  loss=6.0490
  [supcon] epoch 61/120  loss=6.0648
  [supcon] epoch 62/120  loss=6.0207
  [supcon] epoch 63/120  loss=6.0429
  [supcon] epoch 64/120  loss=6.0530
  [supcon] epoch 65/120  loss=6.0163
  [supcon] epoch 66/120  loss=6.0247
  [supcon] epoch 67/120  loss=6.0472
  [supcon] epoch 68/120  loss=5.9963
  [supcon] epoch 69/120  loss=6.0185
  [supcon] epoch 70/120  loss=5.9784
  [supcon] epoch 71/120  loss=6.0187
  [supcon] epoch 72/120  loss=5.9855
  [supcon] epoch 73/120  loss=5.9953
  [supcon] epoch 74/120  loss=5.9999
  [supcon] epoch 75/120  loss=6.0025
  [supcon] epoch 76/120  loss=6.0247
  [supcon] epoch 77/120  loss=5.9982
  [supcon] epoch 78/120  loss=5.9761
  [supcon] epoch 79/120  loss=6.0083
  [supcon] epoch 80/120  loss=5.9828
  [supcon] epoch 81/120  loss=6.0137
  [supcon] epoch 82/120  loss=5.9825
  [supcon] epoch 83/120  loss=5.9612
  [supcon] epoch 84/120  loss=5.9391
  [supcon] epoch 85/120  loss=5.9702
  [supcon] epoch 86/120  loss=5.9461
  [supcon] epoch 87/120  loss=5.9449
  [supcon] epoch 88/120  loss=5.9523
  [supcon] epoch 89/120  loss=5.9727
  [supcon] epoch 90/120  loss=5.9390
  [supcon] epoch 91/120  loss=5.9384
  [supcon] epoch 92/120  loss=5.9568
  [supcon] epoch 93/120  loss=5.9501
  [supcon] epoch 94/120  loss=5.9176
  [supcon] epoch 95/120  loss=5.9606
  [supcon] epoch 96/120  loss=5.9092
  [supcon] epoch 97/120  loss=5.9004
  [supcon] epoch 98/120  loss=5.9114
  [supcon] epoch 99/120  loss=5.8740
  [supcon] epoch 100/120  loss=5.9095
  [supcon] epoch 101/120  loss=5.9377
  [supcon] epoch 102/120  loss=5.9009
  [supcon] epoch 103/120  loss=5.8873
  [supcon] epoch 104/120  loss=5.9074
  [supcon] epoch 105/120  loss=5.8792
  [supcon] epoch 106/120  loss=5.8417
  [supcon] epoch 107/120  loss=5.8696
  [supcon] epoch 108/120  loss=5.9142
  [supcon] epoch 109/120  loss=5.8527
  [supcon] epoch 110/120  loss=5.8580
  [supcon] epoch 111/120  loss=5.8752
  [supcon] epoch 112/120  loss=5.8618
  [supcon] epoch 113/120  loss=5.8430
  [supcon] epoch 114/120  loss=5.8517
  [supcon] epoch 115/120  loss=5.8700
  [supcon] epoch 116/120  loss=5.8651
  [supcon] epoch 117/120  loss=5.8881
  [supcon] epoch 118/120  loss=5.8593
  [supcon] epoch 119/120  loss=5.8510
  [supcon] epoch 120/120  loss=5.8047
  [supcon+sigreg] epoch 1/120  supcon=6.9331  sigreg=0.9134
  [supcon+sigreg] epoch 2/120  supcon=6.9338  sigreg=0.8254
  [supcon+sigreg] epoch 3/120  supcon=6.9784  sigreg=0.8045
  [supcon+sigreg] epoch 4/120  supcon=7.0408  sigreg=0.7594
  [supcon+sigreg] epoch 5/120  supcon=6.9875  sigreg=0.7272
  [supcon+sigreg] epoch 6/120  supcon=6.9500  sigreg=0.6600
  [supcon+sigreg] epoch 7/120  supcon=6.9309  sigreg=0.6952
  [supcon+sigreg] epoch 8/120  supcon=7.1210  sigreg=0.6168
  [supcon+sigreg] epoch 9/120  supcon=7.1679  sigreg=0.6195
  [supcon+sigreg] epoch 10/120  supcon=7.0928  sigreg=0.5579
  [supcon+sigreg] epoch 11/120  supcon=7.0157  sigreg=0.5999
  [supcon+sigreg] epoch 12/120  supcon=7.1309  sigreg=0.5300
  [supcon+sigreg] epoch 13/120  supcon=7.1326  sigreg=0.5267
  [supcon+sigreg] epoch 14/120  supcon=7.0729  sigreg=0.4914
  [supcon+sigreg] epoch 15/120  supcon=7.0906  sigreg=0.5254
  [supcon+sigreg] epoch 16/120  supcon=7.1718  sigreg=0.5062
  [supcon+sigreg] epoch 17/120  supcon=7.1839  sigreg=0.4600
  [supcon+sigreg] epoch 18/120  supcon=7.1948  sigreg=0.5077
  [supcon+sigreg] epoch 19/120  supcon=7.1976  sigreg=0.4442
  [supcon+sigreg] epoch 20/120  supcon=7.1325  sigreg=0.4618
  [supcon+sigreg] epoch 21/120  supcon=7.1689  sigreg=0.4671
  [supcon+sigreg] epoch 22/120  supcon=7.0581  sigreg=0.4601
  [supcon+sigreg] epoch 23/120  supcon=6.9955  sigreg=0.4243
  [supcon+sigreg] epoch 24/120  supcon=7.0838  sigreg=0.4028
  [supcon+sigreg] epoch 25/120  supcon=7.0851  sigreg=0.4307
  [supcon+sigreg] epoch 26/120  supcon=7.1939  sigreg=0.4213
  [supcon+sigreg] epoch 27/120  supcon=7.2052  sigreg=0.3972
  [supcon+sigreg] epoch 28/120  supcon=7.1459  sigreg=0.4339
  [supcon+sigreg] epoch 29/120  supcon=7.2780  sigreg=0.3539
  [supcon+sigreg] epoch 30/120  supcon=7.2816  sigreg=0.3771
  [supcon+sigreg] epoch 31/120  supcon=7.0270  sigreg=0.4179
  [supcon+sigreg] epoch 32/120  supcon=7.1403  sigreg=0.3798
  [supcon+sigreg] epoch 33/120  supcon=7.0418  sigreg=0.3954
  [supcon+sigreg] epoch 34/120  supcon=7.0736  sigreg=0.4131
  [supcon+sigreg] epoch 35/120  supcon=7.1548  sigreg=0.3845
  [supcon+sigreg] epoch 36/120  supcon=7.1690  sigreg=0.3723
  [supcon+sigreg] epoch 37/120  supcon=7.2618  sigreg=0.4045
  [supcon+sigreg] epoch 38/120  supcon=7.1697  sigreg=0.3820
  [supcon+sigreg] epoch 39/120  supcon=6.9501  sigreg=0.3758
  [supcon+sigreg] epoch 40/120  supcon=7.0682  sigreg=0.4047
  [supcon+sigreg] epoch 41/120  supcon=7.2858  sigreg=0.3548
  [supcon+sigreg] epoch 42/120  supcon=7.1625  sigreg=0.3657
  [supcon+sigreg] epoch 43/120  supcon=7.0399  sigreg=0.3759
  [supcon+sigreg] epoch 44/120  supcon=7.1048  sigreg=0.3509
  [supcon+sigreg] epoch 45/120  supcon=7.1345  sigreg=0.3775
  [supcon+sigreg] epoch 46/120  supcon=7.1637  sigreg=0.3589
  [supcon+sigreg] epoch 47/120  supcon=7.1242  sigreg=0.3539
  [supcon+sigreg] epoch 48/120  supcon=6.9663  sigreg=0.3439
  [supcon+sigreg] epoch 49/120  supcon=6.9607  sigreg=0.3743
  [supcon+sigreg] epoch 50/120  supcon=7.0771  sigreg=0.3431
  [supcon+sigreg] epoch 51/120  supcon=7.0964  sigreg=0.3609
  [supcon+sigreg] epoch 52/120  supcon=7.1000  sigreg=0.3659
  [supcon+sigreg] epoch 53/120  supcon=7.1019  sigreg=0.3208
  [supcon+sigreg] epoch 54/120  supcon=7.0657  sigreg=0.3562
  [supcon+sigreg] epoch 55/120  supcon=6.9647  sigreg=0.3739
  [supcon+sigreg] epoch 56/120  supcon=7.1362  sigreg=0.3368
  [supcon+sigreg] epoch 57/120  supcon=6.9898  sigreg=0.3665
  [supcon+sigreg] epoch 58/120  supcon=7.0691  sigreg=0.3135
  [supcon+sigreg] epoch 59/120  supcon=7.0507  sigreg=0.3378
  [supcon+sigreg] epoch 60/120  supcon=7.0091  sigreg=0.3562
  [supcon+sigreg] epoch 61/120  supcon=7.0698  sigreg=0.3348
  [supcon+sigreg] epoch 62/120  supcon=7.0046  sigreg=0.3509
  [supcon+sigreg] epoch 63/120  supcon=7.0504  sigreg=0.3350
  [supcon+sigreg] epoch 64/120  supcon=7.0348  sigreg=0.3528
  [supcon+sigreg] epoch 65/120  supcon=7.0039  sigreg=0.3438
  [supcon+sigreg] epoch 66/120  supcon=6.9743  sigreg=0.3649
  [supcon+sigreg] epoch 67/120  supcon=7.0496  sigreg=0.3108
  [supcon+sigreg] epoch 68/120  supcon=6.9923  sigreg=0.3248
  [supcon+sigreg] epoch 69/120  supcon=6.8860  sigreg=0.3608
  [supcon+sigreg] epoch 70/120  supcon=6.9254  sigreg=0.3465
  [supcon+sigreg] epoch 71/120  supcon=7.0903  sigreg=0.2996
  [supcon+sigreg] epoch 72/120  supcon=6.9934  sigreg=0.3448
  [supcon+sigreg] epoch 73/120  supcon=7.0672  sigreg=0.3220
  [supcon+sigreg] epoch 74/120  supcon=7.0800  sigreg=0.3530
  [supcon+sigreg] epoch 75/120  supcon=7.0020  sigreg=0.3302
  [supcon+sigreg] epoch 76/120  supcon=6.9448  sigreg=0.3369
  [supcon+sigreg] epoch 77/120  supcon=6.9268  sigreg=0.3243
  [supcon+sigreg] epoch 78/120  supcon=6.9546  sigreg=0.3187
  [supcon+sigreg] epoch 79/120  supcon=7.0001  sigreg=0.3132
  [supcon+sigreg] epoch 80/120  supcon=7.0385  sigreg=0.2886
  [supcon+sigreg] epoch 81/120  supcon=6.9766  sigreg=0.3240
  [supcon+sigreg] epoch 82/120  supcon=6.9722  sigreg=0.2796
  [supcon+sigreg] epoch 83/120  supcon=6.9910  sigreg=0.3042
  [supcon+sigreg] epoch 84/120  supcon=7.0074  sigreg=0.2888
  [supcon+sigreg] epoch 85/120  supcon=6.9191  sigreg=0.2994
  [supcon+sigreg] epoch 86/120  supcon=6.9045  sigreg=0.3038
  [supcon+sigreg] epoch 87/120  supcon=6.9924  sigreg=0.2976
  [supcon+sigreg] epoch 88/120  supcon=7.0130  sigreg=0.2801
  [supcon+sigreg] epoch 89/120  supcon=6.8716  sigreg=0.3075
  [supcon+sigreg] epoch 90/120  supcon=6.9163  sigreg=0.3033
  [supcon+sigreg] epoch 91/120  supcon=7.0285  sigreg=0.2983
  [supcon+sigreg] epoch 92/120  supcon=6.9929  sigreg=0.2876
  [supcon+sigreg] epoch 93/120  supcon=6.8397  sigreg=0.3098
  [supcon+sigreg] epoch 94/120  supcon=6.9434  sigreg=0.2864
  [supcon+sigreg] epoch 95/120  supcon=6.9211  sigreg=0.2945
  [supcon+sigreg] epoch 96/120  supcon=6.9166  sigreg=0.2995
  [supcon+sigreg] epoch 97/120  supcon=6.8607  sigreg=0.2923
  [supcon+sigreg] epoch 98/120  supcon=6.9485  sigreg=0.2685
  [supcon+sigreg] epoch 99/120  supcon=6.9149  sigreg=0.2749
  [supcon+sigreg] epoch 100/120  supcon=6.9305  sigreg=0.2774
  [supcon+sigreg] epoch 101/120  supcon=7.0147  sigreg=0.2685
  [supcon+sigreg] epoch 102/120  supcon=6.9439  sigreg=0.2991
  [supcon+sigreg] epoch 103/120  supcon=6.9562  sigreg=0.2904
  [supcon+sigreg] epoch 104/120  supcon=6.9773  sigreg=0.2700
  [supcon+sigreg] epoch 105/120  supcon=6.9199  sigreg=0.2658
  [supcon+sigreg] epoch 106/120  supcon=6.8776  sigreg=0.2896
  [supcon+sigreg] epoch 107/120  supcon=7.0020  sigreg=0.2620
  [supcon+sigreg] epoch 108/120  supcon=6.8298  sigreg=0.2922
  [supcon+sigreg] epoch 109/120  supcon=6.8944  sigreg=0.2539
  [supcon+sigreg] epoch 110/120  supcon=7.0074  sigreg=0.2680
  [supcon+sigreg] epoch 111/120  supcon=6.9148  sigreg=0.2706
  [supcon+sigreg] epoch 112/120  supcon=6.9023  sigreg=0.2761
  [supcon+sigreg] epoch 113/120  supcon=6.9299  sigreg=0.2788
  [supcon+sigreg] epoch 114/120  supcon=6.8722  sigreg=0.2557
  [supcon+sigreg] epoch 115/120  supcon=6.8989  sigreg=0.2786
  [supcon+sigreg] epoch 116/120  supcon=6.9385  sigreg=0.2673
  [supcon+sigreg] epoch 117/120  supcon=6.8388  sigreg=0.2614
  [supcon+sigreg] epoch 118/120  supcon=6.9560  sigreg=0.2639
  [supcon+sigreg] epoch 119/120  supcon=7.0393  sigreg=0.2268
  [supcon+sigreg] epoch 120/120  supcon=6.8799  sigreg=0.2796
  [simclr+sigreg] epoch 1/120  nt-xent=6.6964  sigreg=0.8396
  [simclr+sigreg] epoch 2/120  nt-xent=6.4545  sigreg=0.6485
  [simclr+sigreg] epoch 3/120  nt-xent=6.4087  sigreg=0.4817
  [simclr+sigreg] epoch 4/120  nt-xent=6.4297  sigreg=0.3622
  [simclr+sigreg] epoch 5/120  nt-xent=6.4297  sigreg=0.2989
  [simclr+sigreg] epoch 6/120  nt-xent=6.3955  sigreg=0.2632
  [simclr+sigreg] epoch 7/120  nt-xent=6.2998  sigreg=0.2659
  [simclr+sigreg] epoch 8/120  nt-xent=6.2739  sigreg=0.2521
  [simclr+sigreg] epoch 9/120  nt-xent=6.1965  sigreg=0.2188
  [simclr+sigreg] epoch 10/120  nt-xent=6.1171  sigreg=0.2073
  [simclr+sigreg] epoch 11/120  nt-xent=6.1170  sigreg=0.1958
  [simclr+sigreg] epoch 12/120  nt-xent=6.1019  sigreg=0.1968
  [simclr+sigreg] epoch 13/120  nt-xent=6.0891  sigreg=0.1609
  [simclr+sigreg] epoch 14/120  nt-xent=6.0938  sigreg=0.1795
  [simclr+sigreg] epoch 15/120  nt-xent=6.0406  sigreg=0.1629
  [simclr+sigreg] epoch 16/120  nt-xent=6.0437  sigreg=0.1634
  [simclr+sigreg] epoch 17/120  nt-xent=6.0032  sigreg=0.1645
  [simclr+sigreg] epoch 18/120  nt-xent=5.9620  sigreg=0.1574
  [simclr+sigreg] epoch 19/120  nt-xent=5.9681  sigreg=0.1552
  [simclr+sigreg] epoch 20/120  nt-xent=5.9541  sigreg=0.1629
  [simclr+sigreg] epoch 21/120  nt-xent=5.9316  sigreg=0.1629
  [simclr+sigreg] epoch 22/120  nt-xent=5.9369  sigreg=0.1390
  [simclr+sigreg] epoch 23/120  nt-xent=5.8983  sigreg=0.1445
  [simclr+sigreg] epoch 24/120  nt-xent=5.9075  sigreg=0.1484
  [simclr+sigreg] epoch 25/120  nt-xent=5.8994  sigreg=0.1483
  [simclr+sigreg] epoch 26/120  nt-xent=5.8992  sigreg=0.1335
  [simclr+sigreg] epoch 27/120  nt-xent=5.9128  sigreg=0.1341
  [simclr+sigreg] epoch 28/120  nt-xent=5.8999  sigreg=0.1290
  [simclr+sigreg] epoch 29/120  nt-xent=5.8823  sigreg=0.1419
  [simclr+sigreg] epoch 30/120  nt-xent=5.8630  sigreg=0.1407
  [simclr+sigreg] epoch 31/120  nt-xent=5.8653  sigreg=0.1384
  [simclr+sigreg] epoch 32/120  nt-xent=5.8644  sigreg=0.1368
  [simclr+sigreg] epoch 33/120  nt-xent=5.8413  sigreg=0.1316
  [simclr+sigreg] epoch 34/120  nt-xent=5.8432  sigreg=0.1274
  [simclr+sigreg] epoch 35/120  nt-xent=5.8239  sigreg=0.1419
  [simclr+sigreg] epoch 36/120  nt-xent=5.8300  sigreg=0.1371
  [simclr+sigreg] epoch 37/120  nt-xent=5.8198  sigreg=0.1205
  [simclr+sigreg] epoch 38/120  nt-xent=5.8226  sigreg=0.1296
  [simclr+sigreg] epoch 39/120  nt-xent=5.8075  sigreg=0.1159
  [simclr+sigreg] epoch 40/120  nt-xent=5.7914  sigreg=0.1453
  [simclr+sigreg] epoch 41/120  nt-xent=5.7836  sigreg=0.1287
  [simclr+sigreg] epoch 42/120  nt-xent=5.7824  sigreg=0.1435
  [simclr+sigreg] epoch 43/120  nt-xent=5.7798  sigreg=0.1431
  [simclr+sigreg] epoch 44/120  nt-xent=5.7829  sigreg=0.1264
  [simclr+sigreg] epoch 45/120  nt-xent=5.7704  sigreg=0.1312
  [simclr+sigreg] epoch 46/120  nt-xent=5.7636  sigreg=0.1315
  [simclr+sigreg] epoch 47/120  nt-xent=5.7671  sigreg=0.1176
  [simclr+sigreg] epoch 48/120  nt-xent=5.7764  sigreg=0.1326
  [simclr+sigreg] epoch 49/120  nt-xent=5.7466  sigreg=0.1129
  [simclr+sigreg] epoch 50/120  nt-xent=5.7399  sigreg=0.1293
  [simclr+sigreg] epoch 51/120  nt-xent=5.7394  sigreg=0.1355
  [simclr+sigreg] epoch 52/120  nt-xent=5.7366  sigreg=0.1300
  [simclr+sigreg] epoch 53/120  nt-xent=5.7272  sigreg=0.1326
  [simclr+sigreg] epoch 54/120  nt-xent=5.7179  sigreg=0.1221
  [simclr+sigreg] epoch 55/120  nt-xent=5.7109  sigreg=0.1201
  [simclr+sigreg] epoch 56/120  nt-xent=5.7136  sigreg=0.1031
  [simclr+sigreg] epoch 57/120  nt-xent=5.7049  sigreg=0.1218
  [simclr+sigreg] epoch 58/120  nt-xent=5.7274  sigreg=0.1125
  [simclr+sigreg] epoch 59/120  nt-xent=5.7188  sigreg=0.1149
  [simclr+sigreg] epoch 60/120  nt-xent=5.7159  sigreg=0.1080
  [simclr+sigreg] epoch 61/120  nt-xent=5.7040  sigreg=0.1253
  [simclr+sigreg] epoch 62/120  nt-xent=5.7032  sigreg=0.1063
  [simclr+sigreg] epoch 63/120  nt-xent=5.6846  sigreg=0.1282
  [simclr+sigreg] epoch 64/120  nt-xent=5.6873  sigreg=0.1030
  [simclr+sigreg] epoch 65/120  nt-xent=5.6947  sigreg=0.1183
  [simclr+sigreg] epoch 66/120  nt-xent=5.6920  sigreg=0.1028
  [simclr+sigreg] epoch 67/120  nt-xent=5.6982  sigreg=0.1302
  [simclr+sigreg] epoch 68/120  nt-xent=5.6902  sigreg=0.1278
  [simclr+sigreg] epoch 69/120  nt-xent=5.6777  sigreg=0.1193
  [simclr+sigreg] epoch 70/120  nt-xent=5.6881  sigreg=0.0994
  [simclr+sigreg] epoch 71/120  nt-xent=5.6788  sigreg=0.1000
  [simclr+sigreg] epoch 72/120  nt-xent=5.6809  sigreg=0.0823
  [simclr+sigreg] epoch 73/120  nt-xent=5.6761  sigreg=0.0965
  [simclr+sigreg] epoch 74/120  nt-xent=5.6733  sigreg=0.0920
  [simclr+sigreg] epoch 75/120  nt-xent=5.6792  sigreg=0.0972
  [simclr+sigreg] epoch 76/120  nt-xent=5.6790  sigreg=0.1055
  [simclr+sigreg] epoch 77/120  nt-xent=5.6710  sigreg=0.1018
  [simclr+sigreg] epoch 78/120  nt-xent=5.6548  sigreg=0.0929
  [simclr+sigreg] epoch 79/120  nt-xent=5.6646  sigreg=0.1148
  [simclr+sigreg] epoch 80/120  nt-xent=5.6713  sigreg=0.1089
  [simclr+sigreg] epoch 81/120  nt-xent=5.6799  sigreg=0.0899
  [simclr+sigreg] epoch 82/120  nt-xent=5.6582  sigreg=0.1075
  [simclr+sigreg] epoch 83/120  nt-xent=5.6757  sigreg=0.0962
  [simclr+sigreg] epoch 84/120  nt-xent=5.6638  sigreg=0.0912
  [simclr+sigreg] epoch 85/120  nt-xent=5.6714  sigreg=0.0795
  [simclr+sigreg] epoch 86/120  nt-xent=5.6633  sigreg=0.0913
  [simclr+sigreg] epoch 87/120  nt-xent=5.6554  sigreg=0.0997
  [simclr+sigreg] epoch 88/120  nt-xent=5.6519  sigreg=0.0915
  [simclr+sigreg] epoch 89/120  nt-xent=5.6497  sigreg=0.1058
  [simclr+sigreg] epoch 90/120  nt-xent=5.6611  sigreg=0.0952
  [simclr+sigreg] epoch 91/120  nt-xent=5.6531  sigreg=0.0927
  [simclr+sigreg] epoch 92/120  nt-xent=5.6715  sigreg=0.0952
  [simclr+sigreg] epoch 93/120  nt-xent=5.6487  sigreg=0.0947
  [simclr+sigreg] epoch 94/120  nt-xent=5.6411  sigreg=0.0918
  [simclr+sigreg] epoch 95/120  nt-xent=5.6467  sigreg=0.0996
  [simclr+sigreg] epoch 96/120  nt-xent=5.6456  sigreg=0.1091
  [simclr+sigreg] epoch 97/120  nt-xent=5.6570  sigreg=0.0960
  [simclr+sigreg] epoch 98/120  nt-xent=5.6394  sigreg=0.0943
  [simclr+sigreg] epoch 99/120  nt-xent=5.6406  sigreg=0.1034
  [simclr+sigreg] epoch 100/120  nt-xent=5.6477  sigreg=0.0978
  [simclr+sigreg] epoch 101/120  nt-xent=5.6389  sigreg=0.0916
  [simclr+sigreg] epoch 102/120  nt-xent=5.6282  sigreg=0.0922
  [simclr+sigreg] epoch 103/120  nt-xent=5.6228  sigreg=0.0933
  [simclr+sigreg] epoch 104/120  nt-xent=5.6348  sigreg=0.0843
  [simclr+sigreg] epoch 105/120  nt-xent=5.6304  sigreg=0.0959
  [simclr+sigreg] epoch 106/120  nt-xent=5.6206  sigreg=0.0819
  [simclr+sigreg] epoch 107/120  nt-xent=5.6222  sigreg=0.0947
  [simclr+sigreg] epoch 108/120  nt-xent=5.6272  sigreg=0.0982
  [simclr+sigreg] epoch 109/120  nt-xent=5.6084  sigreg=0.0939
  [simclr+sigreg] epoch 110/120  nt-xent=5.6114  sigreg=0.0883
  [simclr+sigreg] epoch 111/120  nt-xent=5.6197  sigreg=0.0950
  [simclr+sigreg] epoch 112/120  nt-xent=5.6079  sigreg=0.0894
  [simclr+sigreg] epoch 113/120  nt-xent=5.6113  sigreg=0.0816
  [simclr+sigreg] epoch 114/120  nt-xent=5.6195  sigreg=0.0791
  [simclr+sigreg] epoch 115/120  nt-xent=5.6155  sigreg=0.0951
  [simclr+sigreg] epoch 116/120  nt-xent=5.6079  sigreg=0.0854
  [simclr+sigreg] epoch 117/120  nt-xent=5.6217  sigreg=0.1018
  [simclr+sigreg] epoch 118/120  nt-xent=5.6159  sigreg=0.0943
  [simclr+sigreg] epoch 119/120  nt-xent=5.6189  sigreg=0.0986
  [simclr+sigreg] epoch 120/120  nt-xent=5.6275  sigreg=0.1007
  [galaxy10/visreg] raw probe (768d)           58.0
  [galaxy10/visreg] SupCon (aug)               66.0
  [galaxy10/visreg] ss[lam5]                   54.0
  [galaxy10/visreg] supcon+hybrid (concat)     63.6
  [galaxy10/visreg] ss+hybrid (concat)         54.8

===== TRANSFER TOP-1, 100-d heads on frozen ViT-B/16 =====

  --- aircraft (paper: MoCoV3 57.9  DINO 63.6  VISReg-B 57.1) ---
  method                            dino    lejepa    visreg
  raw probe (768d)                  64.9      34.3      37.9
  SupCon (aug)                      60.8      48.0      52.4
  ss[lam5]                          63.3      38.4      37.8
  supcon+hybrid (concat)            60.5      35.8      45.5
  ss+hybrid (concat)                62.6      37.2      37.0

  --- cars (paper: MoCoV3 67.5  DINO 73.9  VISReg-B 64.8) ---
  method                            dino    lejepa    visreg
  raw probe (768d)                  70.0      40.8      48.1
  SupCon (aug)                      65.9      50.2      56.0
  ss[lam5]                          68.1      42.3      43.7
  supcon+hybrid (concat)            62.2      37.9      47.6
  ss+hybrid (concat)                66.5      41.9      43.0

  --- flowers (paper: MoCoV3 91.5  DINO 94.6  VISReg-B 90.4) ---
  method                            dino    lejepa    visreg
  raw probe (768d)                  96.6      88.6      91.4
  SupCon (aug)                      96.0      91.7      93.7
  ss[lam5]                          97.0      89.1      91.6
  supcon+hybrid (concat)            95.2      73.7      82.4
  ss+hybrid (concat)                96.5      86.6      88.5

  --- galaxy10 (paper: MoCoV3 73.1  DINO 72.8  VISReg-B 74.0) ---
  method                            dino    lejepa    visreg
  raw probe (768d)                  63.0      58.9      58.0
  SupCon (aug)                      63.5      62.4      66.0
  ss[lam5]                          62.1      60.7      54.0
  supcon+hybrid (concat)            64.9      60.1      63.6
  ss+hybrid (concat)                62.4      59.8      54.8

  saved /home/pharris/sigreg/SuperSig/plots/transfer32d_accuracy_d100.png
Done.
