Using cache found in /home/pharris/.cache/torch/hub/facebookresearch_dino_main
device=cuda  emb_dim=32  datasets=['aircraft', 'cars', 'flowers', 'galaxy10']  bases=['dino', 'lejepa', 'visreg']

######## aircraft on DINO ViT-B/16 ########
  aircraft/dino aug replica 1/8
  aircraft/dino aug replica 2/8
  aircraft/dino aug replica 3/8
  aircraft/dino aug replica 4/8
  aircraft/dino aug replica 5/8
  aircraft/dino aug replica 6/8
  aircraft/dino aug replica 7/8
  aircraft/dino aug replica 8/8
  [supcon] epoch 1/120  loss=6.4890
  [supcon] epoch 2/120  loss=5.8649
  [supcon] epoch 3/120  loss=5.5736
  [supcon] epoch 4/120  loss=5.3558
  [supcon] epoch 5/120  loss=5.1993
  [supcon] epoch 6/120  loss=5.0505
  [supcon] epoch 7/120  loss=4.9565
  [supcon] epoch 8/120  loss=4.8744
  [supcon] epoch 9/120  loss=4.7924
  [supcon] epoch 10/120  loss=4.7375
  [supcon] epoch 11/120  loss=4.6612
  [supcon] epoch 12/120  loss=4.6087
  [supcon] epoch 13/120  loss=4.5421
  [supcon] epoch 14/120  loss=4.5008
  [supcon] epoch 15/120  loss=4.4672
  [supcon] epoch 16/120  loss=4.4329
  [supcon] epoch 17/120  loss=4.3760
  [supcon] epoch 18/120  loss=4.3429
  [supcon] epoch 19/120  loss=4.2997
  [supcon] epoch 20/120  loss=4.2490
  [supcon] epoch 21/120  loss=4.2358
  [supcon] epoch 22/120  loss=4.2134
  [supcon] epoch 23/120  loss=4.1572
  [supcon] epoch 24/120  loss=4.1296
  [supcon] epoch 25/120  loss=4.1175
  [supcon] epoch 26/120  loss=4.0731
  [supcon] epoch 27/120  loss=4.0544
  [supcon] epoch 28/120  loss=4.0003
  [supcon] epoch 29/120  loss=3.9840
  [supcon] epoch 30/120  loss=3.9747
  [supcon] epoch 31/120  loss=3.9261
  [supcon] epoch 32/120  loss=3.9225
  [supcon] epoch 33/120  loss=3.8853
  [supcon] epoch 34/120  loss=3.8828
  [supcon] epoch 35/120  loss=3.8681
  [supcon] epoch 36/120  loss=3.8337
  [supcon] epoch 37/120  loss=3.7991
  [supcon] epoch 38/120  loss=3.8091
  [supcon] epoch 39/120  loss=3.7825
  [supcon] epoch 40/120  loss=3.7518
  [supcon] epoch 41/120  loss=3.7404
  [supcon] epoch 42/120  loss=3.7131
  [supcon] epoch 43/120  loss=3.7039
  [supcon] epoch 44/120  loss=3.6806
  [supcon] epoch 45/120  loss=3.6556
  [supcon] epoch 46/120  loss=3.6707
  [supcon] epoch 47/120  loss=3.6443
  [supcon] epoch 48/120  loss=3.6535
  [supcon] epoch 49/120  loss=3.6375
  [supcon] epoch 50/120  loss=3.6071
  [supcon] epoch 51/120  loss=3.5770
  [supcon] epoch 52/120  loss=3.5912
  [supcon] epoch 53/120  loss=3.5757
  [supcon] epoch 54/120  loss=3.5577
  [supcon] epoch 55/120  loss=3.5181
  [supcon] epoch 56/120  loss=3.5236
  [supcon] epoch 57/120  loss=3.5067
  [supcon] epoch 58/120  loss=3.4919
  [supcon] epoch 59/120  loss=3.4986
  [supcon] epoch 60/120  loss=3.4852
  [supcon] epoch 61/120  loss=3.4827
  [supcon] epoch 62/120  loss=3.4612
  [supcon] epoch 63/120  loss=3.4363
  [supcon] epoch 64/120  loss=3.4171
  [supcon] epoch 65/120  loss=3.4186
  [supcon] epoch 66/120  loss=3.4362
  [supcon] epoch 67/120  loss=3.4292
  [supcon] epoch 68/120  loss=3.3973
  [supcon] epoch 69/120  loss=3.4013
  [supcon] epoch 70/120  loss=3.3620
  [supcon] epoch 71/120  loss=3.3666
  [supcon] epoch 72/120  loss=3.3473
  [supcon] epoch 73/120  loss=3.3548
  [supcon] epoch 74/120  loss=3.3324
  [supcon] epoch 75/120  loss=3.3299
  [supcon] epoch 76/120  loss=3.3231
  [supcon] epoch 77/120  loss=3.3254
  [supcon] epoch 78/120  loss=3.3109
  [supcon] epoch 79/120  loss=3.3070
  [supcon] epoch 80/120  loss=3.2910
  [supcon] epoch 81/120  loss=3.3004
  [supcon] epoch 82/120  loss=3.2931
  [supcon] epoch 83/120  loss=3.2728
  [supcon] epoch 84/120  loss=3.2643
  [supcon] epoch 85/120  loss=3.2751
  [supcon] epoch 86/120  loss=3.2556
  [supcon] epoch 87/120  loss=3.2334
  [supcon] epoch 88/120  loss=3.2393
  [supcon] epoch 89/120  loss=3.2295
  [supcon] epoch 90/120  loss=3.2207
  [supcon] epoch 91/120  loss=3.2337
  [supcon] epoch 92/120  loss=3.2336
  [supcon] epoch 93/120  loss=3.2189
  [supcon] epoch 94/120  loss=3.2076
  [supcon] epoch 95/120  loss=3.1835
  [supcon] epoch 96/120  loss=3.1869
  [supcon] epoch 97/120  loss=3.1775
  [supcon] epoch 98/120  loss=3.1598
  [supcon] epoch 99/120  loss=3.1746
  [supcon] epoch 100/120  loss=3.1626
  [supcon] epoch 101/120  loss=3.1479
  [supcon] epoch 102/120  loss=3.1313
  [supcon] epoch 103/120  loss=3.1266
  [supcon] epoch 104/120  loss=3.1461
  [supcon] epoch 105/120  loss=3.1264
  [supcon] epoch 106/120  loss=3.1154
  [supcon] epoch 107/120  loss=3.1114
  [supcon] epoch 108/120  loss=3.1016
  [supcon] epoch 109/120  loss=3.1104
  [supcon] epoch 110/120  loss=3.1017
  [supcon] epoch 111/120  loss=3.1068
  [supcon] epoch 112/120  loss=3.0823
  [supcon] epoch 113/120  loss=3.0850
  [supcon] epoch 114/120  loss=3.0769
  [supcon] epoch 115/120  loss=3.0716
  [supcon] epoch 116/120  loss=3.0663
  [supcon] epoch 117/120  loss=3.0524
  [supcon] epoch 118/120  loss=3.0651
  [supcon] epoch 119/120  loss=3.0471
  [supcon] epoch 120/120  loss=3.0595
  [supcon+sigreg] epoch 1/120  supcon=6.5926  sigreg=0.5815
  [supcon+sigreg] epoch 2/120  supcon=6.4360  sigreg=0.3177
  [supcon+sigreg] epoch 3/120  supcon=6.3033  sigreg=0.2244
  [supcon+sigreg] epoch 4/120  supcon=6.1029  sigreg=0.1840
  [supcon+sigreg] epoch 5/120  supcon=5.9923  sigreg=0.1465
  [supcon+sigreg] epoch 6/120  supcon=5.8085  sigreg=0.1273
  [supcon+sigreg] epoch 7/120  supcon=5.7028  sigreg=0.1372
  [supcon+sigreg] epoch 8/120  supcon=5.5932  sigreg=0.1137
  [supcon+sigreg] epoch 9/120  supcon=5.5160  sigreg=0.0991
  [supcon+sigreg] epoch 10/120  supcon=5.4163  sigreg=0.1006
  [supcon+sigreg] epoch 11/120  supcon=5.3395  sigreg=0.1026
  [supcon+sigreg] epoch 12/120  supcon=5.3115  sigreg=0.0959
  [supcon+sigreg] epoch 13/120  supcon=5.2495  sigreg=0.0901
  [supcon+sigreg] epoch 14/120  supcon=5.2082  sigreg=0.0868
  [supcon+sigreg] epoch 15/120  supcon=5.1497  sigreg=0.0813
  [supcon+sigreg] epoch 16/120  supcon=5.1018  sigreg=0.0841
  [supcon+sigreg] epoch 17/120  supcon=5.0725  sigreg=0.0797
  [supcon+sigreg] epoch 18/120  supcon=5.0338  sigreg=0.0831
  [supcon+sigreg] epoch 19/120  supcon=4.9746  sigreg=0.0813
  [supcon+sigreg] epoch 20/120  supcon=4.9579  sigreg=0.0715
  [supcon+sigreg] epoch 21/120  supcon=4.9238  sigreg=0.0751
  [supcon+sigreg] epoch 22/120  supcon=4.8892  sigreg=0.0859
  [supcon+sigreg] epoch 23/120  supcon=4.8629  sigreg=0.0678
  [supcon+sigreg] epoch 24/120  supcon=4.8343  sigreg=0.0608
  [supcon+sigreg] epoch 25/120  supcon=4.7889  sigreg=0.0736
  [supcon+sigreg] epoch 26/120  supcon=4.7888  sigreg=0.0722
  [supcon+sigreg] epoch 27/120  supcon=4.7447  sigreg=0.0673
  [supcon+sigreg] epoch 28/120  supcon=4.7046  sigreg=0.0623
  [supcon+sigreg] epoch 29/120  supcon=4.6961  sigreg=0.0590
  [supcon+sigreg] epoch 30/120  supcon=4.6465  sigreg=0.0554
  [supcon+sigreg] epoch 31/120  supcon=4.6185  sigreg=0.0594
  [supcon+sigreg] epoch 32/120  supcon=4.6109  sigreg=0.0560
  [supcon+sigreg] epoch 33/120  supcon=4.5682  sigreg=0.0615
  [supcon+sigreg] epoch 34/120  supcon=4.5611  sigreg=0.0550
  [supcon+sigreg] epoch 35/120  supcon=4.5463  sigreg=0.0641
  [supcon+sigreg] epoch 36/120  supcon=4.5233  sigreg=0.0616
  [supcon+sigreg] epoch 37/120  supcon=4.4963  sigreg=0.0615
  [supcon+sigreg] epoch 38/120  supcon=4.4748  sigreg=0.0610
  [supcon+sigreg] epoch 39/120  supcon=4.4629  sigreg=0.0543
  [supcon+sigreg] epoch 40/120  supcon=4.4291  sigreg=0.0525
  [supcon+sigreg] epoch 41/120  supcon=4.4136  sigreg=0.0475
  [supcon+sigreg] epoch 42/120  supcon=4.3948  sigreg=0.0540
  [supcon+sigreg] epoch 43/120  supcon=4.3749  sigreg=0.0539
  [supcon+sigreg] epoch 44/120  supcon=4.3478  sigreg=0.0489
  [supcon+sigreg] epoch 45/120  supcon=4.3269  sigreg=0.0468
  [supcon+sigreg] epoch 46/120  supcon=4.3337  sigreg=0.0492
  [supcon+sigreg] epoch 47/120  supcon=4.2908  sigreg=0.0485
  [supcon+sigreg] epoch 48/120  supcon=4.2731  sigreg=0.0447
  [supcon+sigreg] epoch 49/120  supcon=4.2607  sigreg=0.0507
  [supcon+sigreg] epoch 50/120  supcon=4.2372  sigreg=0.0436
  [supcon+sigreg] epoch 51/120  supcon=4.2126  sigreg=0.0439
  [supcon+sigreg] epoch 52/120  supcon=4.2027  sigreg=0.0447
  [supcon+sigreg] epoch 53/120  supcon=4.1739  sigreg=0.0442
  [supcon+sigreg] epoch 54/120  supcon=4.1685  sigreg=0.0479
  [supcon+sigreg] epoch 55/120  supcon=4.1596  sigreg=0.0503
  [supcon+sigreg] epoch 56/120  supcon=4.1540  sigreg=0.0545
  [supcon+sigreg] epoch 57/120  supcon=4.1363  sigreg=0.0529
  [supcon+sigreg] epoch 58/120  supcon=4.1173  sigreg=0.0500
  [supcon+sigreg] epoch 59/120  supcon=4.1145  sigreg=0.0576
  [supcon+sigreg] epoch 60/120  supcon=4.1026  sigreg=0.0479
  [supcon+sigreg] epoch 61/120  supcon=4.0785  sigreg=0.0431
  [supcon+sigreg] epoch 62/120  supcon=4.0654  sigreg=0.0438
  [supcon+sigreg] epoch 63/120  supcon=4.0337  sigreg=0.0428
  [supcon+sigreg] epoch 64/120  supcon=4.0223  sigreg=0.0417
  [supcon+sigreg] epoch 65/120  supcon=4.0081  sigreg=0.0456
  [supcon+sigreg] epoch 66/120  supcon=4.0014  sigreg=0.0487
  [supcon+sigreg] epoch 67/120  supcon=3.9987  sigreg=0.0450
  [supcon+sigreg] epoch 68/120  supcon=3.9944  sigreg=0.0451
  [supcon+sigreg] epoch 69/120  supcon=3.9744  sigreg=0.0465
  [supcon+sigreg] epoch 70/120  supcon=3.9666  sigreg=0.0464
  [supcon+sigreg] epoch 71/120  supcon=3.9662  sigreg=0.0482
  [supcon+sigreg] epoch 72/120  supcon=3.9518  sigreg=0.0504
  [supcon+sigreg] epoch 73/120  supcon=3.9438  sigreg=0.0465
  [supcon+sigreg] epoch 74/120  supcon=3.9168  sigreg=0.0469
  [supcon+sigreg] epoch 75/120  supcon=3.8999  sigreg=0.0432
  [supcon+sigreg] epoch 76/120  supcon=3.8914  sigreg=0.0452
  [supcon+sigreg] epoch 77/120  supcon=3.8754  sigreg=0.0442
  [supcon+sigreg] epoch 78/120  supcon=3.8648  sigreg=0.0440
  [supcon+sigreg] epoch 79/120  supcon=3.8530  sigreg=0.0411
  [supcon+sigreg] epoch 80/120  supcon=3.8456  sigreg=0.0390
  [supcon+sigreg] epoch 81/120  supcon=3.8169  sigreg=0.0444
  [supcon+sigreg] epoch 82/120  supcon=3.8119  sigreg=0.0411
  [supcon+sigreg] epoch 83/120  supcon=3.7861  sigreg=0.0391
  [supcon+sigreg] epoch 84/120  supcon=3.7778  sigreg=0.0360
  [supcon+sigreg] epoch 85/120  supcon=3.7773  sigreg=0.0410
  [supcon+sigreg] epoch 86/120  supcon=3.7678  sigreg=0.0393
  [supcon+sigreg] epoch 87/120  supcon=3.7517  sigreg=0.0352
  [supcon+sigreg] epoch 88/120  supcon=3.7395  sigreg=0.0369
  [supcon+sigreg] epoch 89/120  supcon=3.7283  sigreg=0.0389
  [supcon+sigreg] epoch 90/120  supcon=3.7456  sigreg=0.0394
  [supcon+sigreg] epoch 91/120  supcon=3.7277  sigreg=0.0411
  [supcon+sigreg] epoch 92/120  supcon=3.7211  sigreg=0.0385
  [supcon+sigreg] epoch 93/120  supcon=3.7154  sigreg=0.0420
  [supcon+sigreg] epoch 94/120  supcon=3.6929  sigreg=0.0385
  [supcon+sigreg] epoch 95/120  supcon=3.6759  sigreg=0.0364
  [supcon+sigreg] epoch 96/120  supcon=3.6753  sigreg=0.0375
  [supcon+sigreg] epoch 97/120  supcon=3.6704  sigreg=0.0374
  [supcon+sigreg] epoch 98/120  supcon=3.6658  sigreg=0.0377
  [supcon+sigreg] epoch 99/120  supcon=3.6565  sigreg=0.0368
  [supcon+sigreg] epoch 100/120  supcon=3.6512  sigreg=0.0383
  [supcon+sigreg] epoch 101/120  supcon=3.6511  sigreg=0.0398
  [supcon+sigreg] epoch 102/120  supcon=3.6187  sigreg=0.0392
  [supcon+sigreg] epoch 103/120  supcon=3.6371  sigreg=0.0436
  [supcon+sigreg] epoch 104/120  supcon=3.6143  sigreg=0.0391
  [supcon+sigreg] epoch 105/120  supcon=3.6055  sigreg=0.0386
  [supcon+sigreg] epoch 106/120  supcon=3.5937  sigreg=0.0386
  [supcon+sigreg] epoch 107/120  supcon=3.5830  sigreg=0.0424
  [supcon+sigreg] epoch 108/120  supcon=3.5737  sigreg=0.0343
  [supcon+sigreg] epoch 109/120  supcon=3.5534  sigreg=0.0338
  [supcon+sigreg] epoch 110/120  supcon=3.5615  sigreg=0.0351
  [supcon+sigreg] epoch 111/120  supcon=3.5486  sigreg=0.0347
  [supcon+sigreg] epoch 112/120  supcon=3.5424  sigreg=0.0342
  [supcon+sigreg] epoch 113/120  supcon=3.5349  sigreg=0.0356
  [supcon+sigreg] epoch 114/120  supcon=3.5324  sigreg=0.0350
  [supcon+sigreg] epoch 115/120  supcon=3.5323  sigreg=0.0393
  [supcon+sigreg] epoch 116/120  supcon=3.5377  sigreg=0.0358
  [supcon+sigreg] epoch 117/120  supcon=3.5168  sigreg=0.0356
  [supcon+sigreg] epoch 118/120  supcon=3.4983  sigreg=0.0318
  [supcon+sigreg] epoch 119/120  supcon=3.4806  sigreg=0.0354
  [supcon+sigreg] epoch 120/120  supcon=3.4766  sigreg=0.0327
  [simclr+sigreg] epoch 1/120  nt-xent=6.1235  sigreg=0.4877
  [simclr+sigreg] epoch 2/120  nt-xent=5.7399  sigreg=0.2155
  [simclr+sigreg] epoch 3/120  nt-xent=5.5972  sigreg=0.1428
  [simclr+sigreg] epoch 4/120  nt-xent=5.4955  sigreg=0.0979
  [simclr+sigreg] epoch 5/120  nt-xent=5.4488  sigreg=0.0775
  [simclr+sigreg] epoch 6/120  nt-xent=5.4091  sigreg=0.0622
  [simclr+sigreg] epoch 7/120  nt-xent=5.3867  sigreg=0.0605
  [simclr+sigreg] epoch 8/120  nt-xent=5.3698  sigreg=0.0589
  [simclr+sigreg] epoch 9/120  nt-xent=5.3609  sigreg=0.0549
  [simclr+sigreg] epoch 10/120  nt-xent=5.3560  sigreg=0.0568
  [simclr+sigreg] epoch 11/120  nt-xent=5.3526  sigreg=0.0605
  [simclr+sigreg] epoch 12/120  nt-xent=5.3530  sigreg=0.0646
  [simclr+sigreg] epoch 13/120  nt-xent=5.3231  sigreg=0.0503
  [simclr+sigreg] epoch 14/120  nt-xent=5.3101  sigreg=0.0440
  [simclr+sigreg] epoch 15/120  nt-xent=5.3061  sigreg=0.0440
  [simclr+sigreg] epoch 16/120  nt-xent=5.2996  sigreg=0.0399
  [simclr+sigreg] epoch 17/120  nt-xent=5.2965  sigreg=0.0402
  [simclr+sigreg] epoch 18/120  nt-xent=5.2871  sigreg=0.0393
  [simclr+sigreg] epoch 19/120  nt-xent=5.2818  sigreg=0.0367
  [simclr+sigreg] epoch 20/120  nt-xent=5.2850  sigreg=0.0400
  [simclr+sigreg] epoch 21/120  nt-xent=5.2824  sigreg=0.0383
  [simclr+sigreg] epoch 22/120  nt-xent=5.2731  sigreg=0.0383
  [simclr+sigreg] epoch 23/120  nt-xent=5.2711  sigreg=0.0367
  [simclr+sigreg] epoch 24/120  nt-xent=5.2680  sigreg=0.0343
  [simclr+sigreg] epoch 25/120  nt-xent=5.2674  sigreg=0.0357
  [simclr+sigreg] epoch 26/120  nt-xent=5.2630  sigreg=0.0356
  [simclr+sigreg] epoch 27/120  nt-xent=5.2570  sigreg=0.0318
  [simclr+sigreg] epoch 28/120  nt-xent=5.2548  sigreg=0.0324
  [simclr+sigreg] epoch 29/120  nt-xent=5.2536  sigreg=0.0345
  [simclr+sigreg] epoch 30/120  nt-xent=5.2516  sigreg=0.0330
  [simclr+sigreg] epoch 31/120  nt-xent=5.2523  sigreg=0.0349
  [simclr+sigreg] epoch 32/120  nt-xent=5.2484  sigreg=0.0319
  [simclr+sigreg] epoch 33/120  nt-xent=5.2430  sigreg=0.0339
  [simclr+sigreg] epoch 34/120  nt-xent=5.2450  sigreg=0.0356
  [simclr+sigreg] epoch 35/120  nt-xent=5.2390  sigreg=0.0299
  [simclr+sigreg] epoch 36/120  nt-xent=5.2375  sigreg=0.0320
  [simclr+sigreg] epoch 37/120  nt-xent=5.2317  sigreg=0.0281
  [simclr+sigreg] epoch 38/120  nt-xent=5.2330  sigreg=0.0280
  [simclr+sigreg] epoch 39/120  nt-xent=5.2292  sigreg=0.0294
  [simclr+sigreg] epoch 40/120  nt-xent=5.2283  sigreg=0.0293
  [simclr+sigreg] epoch 41/120  nt-xent=5.2223  sigreg=0.0281
  [simclr+sigreg] epoch 42/120  nt-xent=5.2221  sigreg=0.0265
  [simclr+sigreg] epoch 43/120  nt-xent=5.2249  sigreg=0.0287
  [simclr+sigreg] epoch 44/120  nt-xent=5.2191  sigreg=0.0241
  [simclr+sigreg] epoch 45/120  nt-xent=5.2160  sigreg=0.0263
  [simclr+sigreg] epoch 46/120  nt-xent=5.2169  sigreg=0.0262
  [simclr+sigreg] epoch 47/120  nt-xent=5.2143  sigreg=0.0253
  [simclr+sigreg] epoch 48/120  nt-xent=5.2104  sigreg=0.0257
  [simclr+sigreg] epoch 49/120  nt-xent=5.2111  sigreg=0.0243
  [simclr+sigreg] epoch 50/120  nt-xent=5.2102  sigreg=0.0250
  [simclr+sigreg] epoch 51/120  nt-xent=5.2089  sigreg=0.0242
  [simclr+sigreg] epoch 52/120  nt-xent=5.2050  sigreg=0.0238
  [simclr+sigreg] epoch 53/120  nt-xent=5.2014  sigreg=0.0220
  [simclr+sigreg] epoch 54/120  nt-xent=5.2038  sigreg=0.0256
  [simclr+sigreg] epoch 55/120  nt-xent=5.2023  sigreg=0.0232
  [simclr+sigreg] epoch 56/120  nt-xent=5.1988  sigreg=0.0236
  [simclr+sigreg] epoch 57/120  nt-xent=5.1979  sigreg=0.0210
  [simclr+sigreg] epoch 58/120  nt-xent=5.1992  sigreg=0.0224
  [simclr+sigreg] epoch 59/120  nt-xent=5.2012  sigreg=0.0249
  [simclr+sigreg] epoch 60/120  nt-xent=5.2037  sigreg=0.0280
  [simclr+sigreg] epoch 61/120  nt-xent=5.1925  sigreg=0.0215
  [simclr+sigreg] epoch 62/120  nt-xent=5.1910  sigreg=0.0212
  [simclr+sigreg] epoch 63/120  nt-xent=5.1894  sigreg=0.0205
  [simclr+sigreg] epoch 64/120  nt-xent=5.1867  sigreg=0.0203
  [simclr+sigreg] epoch 65/120  nt-xent=5.1886  sigreg=0.0222
  [simclr+sigreg] epoch 66/120  nt-xent=5.1876  sigreg=0.0213
  [simclr+sigreg] epoch 67/120  nt-xent=5.1910  sigreg=0.0230
  [simclr+sigreg] epoch 68/120  nt-xent=5.1827  sigreg=0.0192
  [simclr+sigreg] epoch 69/120  nt-xent=5.1847  sigreg=0.0207
  [simclr+sigreg] epoch 70/120  nt-xent=5.1834  sigreg=0.0222
  [simclr+sigreg] epoch 71/120  nt-xent=5.1824  sigreg=0.0215
  [simclr+sigreg] epoch 72/120  nt-xent=5.1836  sigreg=0.0225
  [simclr+sigreg] epoch 73/120  nt-xent=5.1842  sigreg=0.0207
  [simclr+sigreg] epoch 74/120  nt-xent=5.1800  sigreg=0.0201
  [simclr+sigreg] epoch 75/120  nt-xent=5.1780  sigreg=0.0190
  [simclr+sigreg] epoch 76/120  nt-xent=5.1766  sigreg=0.0200
  [simclr+sigreg] epoch 77/120  nt-xent=5.1792  sigreg=0.0202
  [simclr+sigreg] epoch 78/120  nt-xent=5.1813  sigreg=0.0233
  [simclr+sigreg] epoch 79/120  nt-xent=5.1847  sigreg=0.0232
  [simclr+sigreg] epoch 80/120  nt-xent=5.1742  sigreg=0.0214
  [simclr+sigreg] epoch 81/120  nt-xent=5.1775  sigreg=0.0221
  [simclr+sigreg] epoch 82/120  nt-xent=5.1785  sigreg=0.0215
  [simclr+sigreg] epoch 83/120  nt-xent=5.1738  sigreg=0.0204
  [simclr+sigreg] epoch 84/120  nt-xent=5.1740  sigreg=0.0197
  [simclr+sigreg] epoch 85/120  nt-xent=5.1708  sigreg=0.0196
  [simclr+sigreg] epoch 86/120  nt-xent=5.1694  sigreg=0.0195
  [simclr+sigreg] epoch 87/120  nt-xent=5.1705  sigreg=0.0198
  [simclr+sigreg] epoch 88/120  nt-xent=5.1716  sigreg=0.0199
  [simclr+sigreg] epoch 89/120  nt-xent=5.1755  sigreg=0.0216
  [simclr+sigreg] epoch 90/120  nt-xent=5.1774  sigreg=0.0236
  [simclr+sigreg] epoch 91/120  nt-xent=5.1717  sigreg=0.0208
  [simclr+sigreg] epoch 92/120  nt-xent=5.1682  sigreg=0.0205
  [simclr+sigreg] epoch 93/120  nt-xent=5.1669  sigreg=0.0193
  [simclr+sigreg] epoch 94/120  nt-xent=5.1641  sigreg=0.0191
  [simclr+sigreg] epoch 95/120  nt-xent=5.1632  sigreg=0.0187
  [simclr+sigreg] epoch 96/120  nt-xent=5.1624  sigreg=0.0183
  [simclr+sigreg] epoch 97/120  nt-xent=5.1657  sigreg=0.0196
  [simclr+sigreg] epoch 98/120  nt-xent=5.1664  sigreg=0.0197
  [simclr+sigreg] epoch 99/120  nt-xent=5.1647  sigreg=0.0192
  [simclr+sigreg] epoch 100/120  nt-xent=5.1641  sigreg=0.0191
  [simclr+sigreg] epoch 101/120  nt-xent=5.1623  sigreg=0.0192
  [simclr+sigreg] epoch 102/120  nt-xent=5.1576  sigreg=0.0167
  [simclr+sigreg] epoch 103/120  nt-xent=5.1579  sigreg=0.0179
  [simclr+sigreg] epoch 104/120  nt-xent=5.1580  sigreg=0.0176
  [simclr+sigreg] epoch 105/120  nt-xent=5.1579  sigreg=0.0181
  [simclr+sigreg] epoch 106/120  nt-xent=5.1552  sigreg=0.0177
  [simclr+sigreg] epoch 107/120  nt-xent=5.1557  sigreg=0.0158
  [simclr+sigreg] epoch 108/120  nt-xent=5.1560  sigreg=0.0169
  [simclr+sigreg] epoch 109/120  nt-xent=5.1535  sigreg=0.0167
  [simclr+sigreg] epoch 110/120  nt-xent=5.1526  sigreg=0.0159
  [simclr+sigreg] epoch 111/120  nt-xent=5.1560  sigreg=0.0179
  [simclr+sigreg] epoch 112/120  nt-xent=5.1559  sigreg=0.0168
  [simclr+sigreg] epoch 113/120  nt-xent=5.1560  sigreg=0.0174
  [simclr+sigreg] epoch 114/120  nt-xent=5.1542  sigreg=0.0183
  [simclr+sigreg] epoch 115/120  nt-xent=5.1515  sigreg=0.0167
  [simclr+sigreg] epoch 116/120  nt-xent=5.1501  sigreg=0.0170
  [simclr+sigreg] epoch 117/120  nt-xent=5.1486  sigreg=0.0166
  [simclr+sigreg] epoch 118/120  nt-xent=5.1491  sigreg=0.0163
  [simclr+sigreg] epoch 119/120  nt-xent=5.1463  sigreg=0.0153
  [simclr+sigreg] epoch 120/120  nt-xent=5.1478  sigreg=0.0152
  [aircraft/dino] raw probe (768d)           65.2
  [aircraft/dino] SupCon (aug)               61.7
  [aircraft/dino] ss[lam5]                   62.9
  [aircraft/dino] supcon+hybrid (concat)     57.8
  [aircraft/dino] ss+hybrid (concat)         62.1

######## aircraft on LeJEPA ViT-B/16 (community repro) ########
  extracted aircraft/lejepa train: (6667, 768)
  extracted aircraft/lejepa test: (3333, 768)
  aircraft/lejepa aug replica 1/8
  aircraft/lejepa aug replica 2/8
  aircraft/lejepa aug replica 3/8
  aircraft/lejepa aug replica 4/8
  aircraft/lejepa aug replica 5/8
  aircraft/lejepa aug replica 6/8
  aircraft/lejepa aug replica 7/8
  aircraft/lejepa aug replica 8/8
  [supcon] epoch 1/120  loss=6.7615
  [supcon] epoch 2/120  loss=6.6080
  [supcon] epoch 3/120  loss=6.4418
  [supcon] epoch 4/120  loss=6.2499
  [supcon] epoch 5/120  loss=6.0819
  [supcon] epoch 6/120  loss=5.9438
  [supcon] epoch 7/120  loss=5.8538
  [supcon] epoch 8/120  loss=5.7536
  [supcon] epoch 9/120  loss=5.6923
  [supcon] epoch 10/120  loss=5.6146
  [supcon] epoch 11/120  loss=5.5465
  [supcon] epoch 12/120  loss=5.4747
  [supcon] epoch 13/120  loss=5.4269
  [supcon] epoch 14/120  loss=5.3934
  [supcon] epoch 15/120  loss=5.3466
  [supcon] epoch 16/120  loss=5.3247
  [supcon] epoch 17/120  loss=5.2411
  [supcon] epoch 18/120  loss=5.2283
  [supcon] epoch 19/120  loss=5.1821
  [supcon] epoch 20/120  loss=5.1489
  [supcon] epoch 21/120  loss=5.1471
  [supcon] epoch 22/120  loss=5.0985
  [supcon] epoch 23/120  loss=5.0882
  [supcon] epoch 24/120  loss=5.0622
  [supcon] epoch 25/120  loss=5.0243
  [supcon] epoch 26/120  loss=5.0264
  [supcon] epoch 27/120  loss=5.0010
  [supcon] epoch 28/120  loss=4.9836
  [supcon] epoch 29/120  loss=4.9576
  [supcon] epoch 30/120  loss=4.9268
  [supcon] epoch 31/120  loss=4.8955
  [supcon] epoch 32/120  loss=4.9160
  [supcon] epoch 33/120  loss=4.8948
  [supcon] epoch 34/120  loss=4.9033
  [supcon] epoch 35/120  loss=4.8481
  [supcon] epoch 36/120  loss=4.8037
  [supcon] epoch 37/120  loss=4.8266
  [supcon] epoch 38/120  loss=4.8201
  [supcon] epoch 39/120  loss=4.7916
  [supcon] epoch 40/120  loss=4.7721
  [supcon] epoch 41/120  loss=4.7602
  [supcon] epoch 42/120  loss=4.7703
  [supcon] epoch 43/120  loss=4.7509
  [supcon] epoch 44/120  loss=4.7222
  [supcon] epoch 45/120  loss=4.6939
  [supcon] epoch 46/120  loss=4.6954
  [supcon] epoch 47/120  loss=4.6909
  [supcon] epoch 48/120  loss=4.6931
  [supcon] epoch 49/120  loss=4.6563
  [supcon] epoch 50/120  loss=4.6394
  [supcon] epoch 51/120  loss=4.6188
  [supcon] epoch 52/120  loss=4.6187
  [supcon] epoch 53/120  loss=4.6188
  [supcon] epoch 54/120  loss=4.6163
  [supcon] epoch 55/120  loss=4.6234
  [supcon] epoch 56/120  loss=4.6117
  [supcon] epoch 57/120  loss=4.5744
  [supcon] epoch 58/120  loss=4.5900
  [supcon] epoch 59/120  loss=4.5664
  [supcon] epoch 60/120  loss=4.5434
  [supcon] epoch 61/120  loss=4.5429
  [supcon] epoch 62/120  loss=4.5307
  [supcon] epoch 63/120  loss=4.5002
  [supcon] epoch 64/120  loss=4.5108
  [supcon] epoch 65/120  loss=4.4972
  [supcon] epoch 66/120  loss=4.4673
  [supcon] epoch 67/120  loss=4.4417
  [supcon] epoch 68/120  loss=4.4489
  [supcon] epoch 69/120  loss=4.4330
  [supcon] epoch 70/120  loss=4.4202
  [supcon] epoch 71/120  loss=4.4161
  [supcon] epoch 72/120  loss=4.4414
  [supcon] epoch 73/120  loss=4.4460
  [supcon] epoch 74/120  loss=4.4245
  [supcon] epoch 75/120  loss=4.4069
  [supcon] epoch 76/120  loss=4.3979
  [supcon] epoch 77/120  loss=4.3634
  [supcon] epoch 78/120  loss=4.3796
  [supcon] epoch 79/120  loss=4.3881
  [supcon] epoch 80/120  loss=4.3631
  [supcon] epoch 81/120  loss=4.3412
  [supcon] epoch 82/120  loss=4.3365
  [supcon] epoch 83/120  loss=4.3316
  [supcon] epoch 84/120  loss=4.3110
  [supcon] epoch 85/120  loss=4.3268
  [supcon] epoch 86/120  loss=4.3127
  [supcon] epoch 87/120  loss=4.3052
  [supcon] epoch 88/120  loss=4.3156
  [supcon] epoch 89/120  loss=4.3387
  [supcon] epoch 90/120  loss=4.2936
  [supcon] epoch 91/120  loss=4.2895
  [supcon] epoch 92/120  loss=4.2916
  [supcon] epoch 93/120  loss=4.2484
  [supcon] epoch 94/120  loss=4.2735
  [supcon] epoch 95/120  loss=4.2550
  [supcon] epoch 96/120  loss=4.2393
  [supcon] epoch 97/120  loss=4.2293
  [supcon] epoch 98/120  loss=4.2408
  [supcon] epoch 99/120  loss=4.2440
  [supcon] epoch 100/120  loss=4.2317
  [supcon] epoch 101/120  loss=4.2211
  [supcon] epoch 102/120  loss=4.2141
  [supcon] epoch 103/120  loss=4.2042
  [supcon] epoch 104/120  loss=4.2117
  [supcon] epoch 105/120  loss=4.2097
  [supcon] epoch 106/120  loss=4.2008
  [supcon] epoch 107/120  loss=4.2292
  [supcon] epoch 108/120  loss=4.2214
  [supcon] epoch 109/120  loss=4.1998
  [supcon] epoch 110/120  loss=4.1512
  [supcon] epoch 111/120  loss=4.1446
  [supcon] epoch 112/120  loss=4.1353
  [supcon] epoch 113/120  loss=4.1404
  [supcon] epoch 114/120  loss=4.1431
  [supcon] epoch 115/120  loss=4.1268
  [supcon] epoch 116/120  loss=4.1410
  [supcon] epoch 117/120  loss=4.1507
  [supcon] epoch 118/120  loss=4.1246
  [supcon] epoch 119/120  loss=4.1116
  [supcon] epoch 120/120  loss=4.1041
  [supcon+sigreg] epoch 1/120  supcon=6.8986  sigreg=0.8093
  [supcon+sigreg] epoch 2/120  supcon=6.8547  sigreg=0.6817
  [supcon+sigreg] epoch 3/120  supcon=6.8089  sigreg=0.6305
  [supcon+sigreg] epoch 4/120  supcon=6.7733  sigreg=0.5682
  [supcon+sigreg] epoch 5/120  supcon=6.7844  sigreg=0.5085
  [supcon+sigreg] epoch 6/120  supcon=6.8298  sigreg=0.4450
  [supcon+sigreg] epoch 7/120  supcon=6.8067  sigreg=0.4050
  [supcon+sigreg] epoch 8/120  supcon=6.7428  sigreg=0.3821
  [supcon+sigreg] epoch 9/120  supcon=6.7040  sigreg=0.3425
  [supcon+sigreg] epoch 10/120  supcon=6.6409  sigreg=0.3316
  [supcon+sigreg] epoch 11/120  supcon=6.5601  sigreg=0.3082
  [supcon+sigreg] epoch 12/120  supcon=6.5432  sigreg=0.2840
  [supcon+sigreg] epoch 13/120  supcon=6.5087  sigreg=0.2620
  [supcon+sigreg] epoch 14/120  supcon=6.4555  sigreg=0.2454
  [supcon+sigreg] epoch 15/120  supcon=6.3855  sigreg=0.2466
  [supcon+sigreg] epoch 16/120  supcon=6.3909  sigreg=0.2248
  [supcon+sigreg] epoch 17/120  supcon=6.3105  sigreg=0.2238
  [supcon+sigreg] epoch 18/120  supcon=6.2845  sigreg=0.2160
  [supcon+sigreg] epoch 19/120  supcon=6.3097  sigreg=0.1959
  [supcon+sigreg] epoch 20/120  supcon=6.2755  sigreg=0.1823
  [supcon+sigreg] epoch 21/120  supcon=6.2222  sigreg=0.1897
  [supcon+sigreg] epoch 22/120  supcon=6.2360  sigreg=0.1780
  [supcon+sigreg] epoch 23/120  supcon=6.2124  sigreg=0.1625
  [supcon+sigreg] epoch 24/120  supcon=6.1299  sigreg=0.1709
  [supcon+sigreg] epoch 25/120  supcon=6.1187  sigreg=0.1538
  [supcon+sigreg] epoch 26/120  supcon=6.0743  sigreg=0.1528
  [supcon+sigreg] epoch 27/120  supcon=6.0753  sigreg=0.1537
  [supcon+sigreg] epoch 28/120  supcon=6.0566  sigreg=0.1561
  [supcon+sigreg] epoch 29/120  supcon=6.0563  sigreg=0.1508
  [supcon+sigreg] epoch 30/120  supcon=5.9713  sigreg=0.1484
  [supcon+sigreg] epoch 31/120  supcon=5.9933  sigreg=0.1413
  [supcon+sigreg] epoch 32/120  supcon=5.9349  sigreg=0.1390
  [supcon+sigreg] epoch 33/120  supcon=5.9478  sigreg=0.1373
  [supcon+sigreg] epoch 34/120  supcon=5.9235  sigreg=0.1460
  [supcon+sigreg] epoch 35/120  supcon=5.8857  sigreg=0.1410
  [supcon+sigreg] epoch 36/120  supcon=5.8849  sigreg=0.1375
  [supcon+sigreg] epoch 37/120  supcon=5.8742  sigreg=0.1372
  [supcon+sigreg] epoch 38/120  supcon=5.8424  sigreg=0.1372
  [supcon+sigreg] epoch 39/120  supcon=5.8311  sigreg=0.1282
  [supcon+sigreg] epoch 40/120  supcon=5.7979  sigreg=0.1221
  [supcon+sigreg] epoch 41/120  supcon=5.8175  sigreg=0.1202
  [supcon+sigreg] epoch 42/120  supcon=5.7820  sigreg=0.1179
  [supcon+sigreg] epoch 43/120  supcon=5.7416  sigreg=0.1200
  [supcon+sigreg] epoch 44/120  supcon=5.7714  sigreg=0.1200
  [supcon+sigreg] epoch 45/120  supcon=5.7251  sigreg=0.1153
  [supcon+sigreg] epoch 46/120  supcon=5.7217  sigreg=0.1113
  [supcon+sigreg] epoch 47/120  supcon=5.6875  sigreg=0.1169
  [supcon+sigreg] epoch 48/120  supcon=5.6564  sigreg=0.1087
  [supcon+sigreg] epoch 49/120  supcon=5.6504  sigreg=0.1078
  [supcon+sigreg] epoch 50/120  supcon=5.6225  sigreg=0.1052
  [supcon+sigreg] epoch 51/120  supcon=5.6103  sigreg=0.1083
  [supcon+sigreg] epoch 52/120  supcon=5.5882  sigreg=0.1119
  [supcon+sigreg] epoch 53/120  supcon=5.6036  sigreg=0.1136
  [supcon+sigreg] epoch 54/120  supcon=5.5812  sigreg=0.1091
  [supcon+sigreg] epoch 55/120  supcon=5.5605  sigreg=0.1204
  [supcon+sigreg] epoch 56/120  supcon=5.5346  sigreg=0.1113
  [supcon+sigreg] epoch 57/120  supcon=5.5185  sigreg=0.0983
  [supcon+sigreg] epoch 58/120  supcon=5.5240  sigreg=0.1024
  [supcon+sigreg] epoch 59/120  supcon=5.4988  sigreg=0.1094
  [supcon+sigreg] epoch 60/120  supcon=5.5101  sigreg=0.1109
  [supcon+sigreg] epoch 61/120  supcon=5.4877  sigreg=0.1127
  [supcon+sigreg] epoch 62/120  supcon=5.4519  sigreg=0.0999
  [supcon+sigreg] epoch 63/120  supcon=5.4514  sigreg=0.1003
  [supcon+sigreg] epoch 64/120  supcon=5.4506  sigreg=0.1038
  [supcon+sigreg] epoch 65/120  supcon=5.4525  sigreg=0.1060
  [supcon+sigreg] epoch 66/120  supcon=5.4425  sigreg=0.1059
  [supcon+sigreg] epoch 67/120  supcon=5.4108  sigreg=0.1081
  [supcon+sigreg] epoch 68/120  supcon=5.4251  sigreg=0.1251
  [supcon+sigreg] epoch 69/120  supcon=5.4043  sigreg=0.1132
  [supcon+sigreg] epoch 70/120  supcon=5.3923  sigreg=0.0980
  [supcon+sigreg] epoch 71/120  supcon=5.3738  sigreg=0.0970
  [supcon+sigreg] epoch 72/120  supcon=5.3725  sigreg=0.0919
  [supcon+sigreg] epoch 73/120  supcon=5.3427  sigreg=0.0893
  [supcon+sigreg] epoch 74/120  supcon=5.3466  sigreg=0.0975
  [supcon+sigreg] epoch 75/120  supcon=5.2923  sigreg=0.0964
  [supcon+sigreg] epoch 76/120  supcon=5.3191  sigreg=0.0969
  [supcon+sigreg] epoch 77/120  supcon=5.3142  sigreg=0.0947
  [supcon+sigreg] epoch 78/120  supcon=5.2831  sigreg=0.0971
  [supcon+sigreg] epoch 79/120  supcon=5.2833  sigreg=0.0982
  [supcon+sigreg] epoch 80/120  supcon=5.2778  sigreg=0.0916
  [supcon+sigreg] epoch 81/120  supcon=5.2544  sigreg=0.0894
  [supcon+sigreg] epoch 82/120  supcon=5.2759  sigreg=0.0888
  [supcon+sigreg] epoch 83/120  supcon=5.2615  sigreg=0.0862
  [supcon+sigreg] epoch 84/120  supcon=5.2180  sigreg=0.0912
  [supcon+sigreg] epoch 85/120  supcon=5.2492  sigreg=0.0927
  [supcon+sigreg] epoch 86/120  supcon=5.2162  sigreg=0.0915
  [supcon+sigreg] epoch 87/120  supcon=5.2016  sigreg=0.0823
  [supcon+sigreg] epoch 88/120  supcon=5.2016  sigreg=0.0864
  [supcon+sigreg] epoch 89/120  supcon=5.2055  sigreg=0.0855
  [supcon+sigreg] epoch 90/120  supcon=5.1953  sigreg=0.0852
  [supcon+sigreg] epoch 91/120  supcon=5.1578  sigreg=0.0861
  [supcon+sigreg] epoch 92/120  supcon=5.1694  sigreg=0.0789
  [supcon+sigreg] epoch 93/120  supcon=5.1758  sigreg=0.0863
  [supcon+sigreg] epoch 94/120  supcon=5.1437  sigreg=0.0845
  [supcon+sigreg] epoch 95/120  supcon=5.1439  sigreg=0.0800
  [supcon+sigreg] epoch 96/120  supcon=5.1482  sigreg=0.0897
  [supcon+sigreg] epoch 97/120  supcon=5.1230  sigreg=0.0922
  [supcon+sigreg] epoch 98/120  supcon=5.1078  sigreg=0.0884
  [supcon+sigreg] epoch 99/120  supcon=5.0994  sigreg=0.0824
  [supcon+sigreg] epoch 100/120  supcon=5.1268  sigreg=0.0805
  [supcon+sigreg] epoch 101/120  supcon=5.0911  sigreg=0.0842
  [supcon+sigreg] epoch 102/120  supcon=5.0880  sigreg=0.0926
  [supcon+sigreg] epoch 103/120  supcon=5.0618  sigreg=0.0787
  [supcon+sigreg] epoch 104/120  supcon=5.0667  sigreg=0.0833
  [supcon+sigreg] epoch 105/120  supcon=5.0711  sigreg=0.0839
  [supcon+sigreg] epoch 106/120  supcon=5.0694  sigreg=0.0832
  [supcon+sigreg] epoch 107/120  supcon=5.0612  sigreg=0.0889
  [supcon+sigreg] epoch 108/120  supcon=5.0545  sigreg=0.0875
  [supcon+sigreg] epoch 109/120  supcon=5.0280  sigreg=0.0789
  [supcon+sigreg] epoch 110/120  supcon=5.0468  sigreg=0.0894
  [supcon+sigreg] epoch 111/120  supcon=5.0094  sigreg=0.0812
  [supcon+sigreg] epoch 112/120  supcon=5.0113  sigreg=0.0810
  [supcon+sigreg] epoch 113/120  supcon=5.0180  sigreg=0.0792
  [supcon+sigreg] epoch 114/120  supcon=4.9872  sigreg=0.0804
  [supcon+sigreg] epoch 115/120  supcon=4.9972  sigreg=0.0827
  [supcon+sigreg] epoch 116/120  supcon=4.9952  sigreg=0.0821
  [supcon+sigreg] epoch 117/120  supcon=4.9922  sigreg=0.0829
  [supcon+sigreg] epoch 118/120  supcon=4.9637  sigreg=0.0813
  [supcon+sigreg] epoch 119/120  supcon=4.9780  sigreg=0.0829
  [supcon+sigreg] epoch 120/120  supcon=4.9503  sigreg=0.0773
  [simclr+sigreg] epoch 1/120  nt-xent=5.9208  sigreg=0.6501
  [simclr+sigreg] epoch 2/120  nt-xent=5.8299  sigreg=0.3007
  [simclr+sigreg] epoch 3/120  nt-xent=5.6601  sigreg=0.1949
  [simclr+sigreg] epoch 4/120  nt-xent=5.5497  sigreg=0.1555
  [simclr+sigreg] epoch 5/120  nt-xent=5.4925  sigreg=0.1336
  [simclr+sigreg] epoch 6/120  nt-xent=5.4837  sigreg=0.1285
  [simclr+sigreg] epoch 7/120  nt-xent=5.4656  sigreg=0.1215
  [simclr+sigreg] epoch 8/120  nt-xent=5.4527  sigreg=0.1136
  [simclr+sigreg] epoch 9/120  nt-xent=5.4315  sigreg=0.0999
  [simclr+sigreg] epoch 10/120  nt-xent=5.4313  sigreg=0.0998
  [simclr+sigreg] epoch 11/120  nt-xent=5.4213  sigreg=0.1016
  [simclr+sigreg] epoch 12/120  nt-xent=5.4090  sigreg=0.0981
  [simclr+sigreg] epoch 13/120  nt-xent=5.3976  sigreg=0.0943
  [simclr+sigreg] epoch 14/120  nt-xent=5.3805  sigreg=0.0866
  [simclr+sigreg] epoch 15/120  nt-xent=5.3672  sigreg=0.0831
  [simclr+sigreg] epoch 16/120  nt-xent=5.3599  sigreg=0.0773
  [simclr+sigreg] epoch 17/120  nt-xent=5.3489  sigreg=0.0742
  [simclr+sigreg] epoch 18/120  nt-xent=5.3456  sigreg=0.0745
  [simclr+sigreg] epoch 19/120  nt-xent=5.3459  sigreg=0.0795
  [simclr+sigreg] epoch 20/120  nt-xent=5.3392  sigreg=0.0744
  [simclr+sigreg] epoch 21/120  nt-xent=5.3376  sigreg=0.0788
  [simclr+sigreg] epoch 22/120  nt-xent=5.3260  sigreg=0.0707
  [simclr+sigreg] epoch 23/120  nt-xent=5.3306  sigreg=0.0753
  [simclr+sigreg] epoch 24/120  nt-xent=5.3186  sigreg=0.0673
  [simclr+sigreg] epoch 25/120  nt-xent=5.3121  sigreg=0.0656
  [simclr+sigreg] epoch 26/120  nt-xent=5.3130  sigreg=0.0638
  [simclr+sigreg] epoch 27/120  nt-xent=5.3115  sigreg=0.0643
  [simclr+sigreg] epoch 28/120  nt-xent=5.3095  sigreg=0.0604
  [simclr+sigreg] epoch 29/120  nt-xent=5.3099  sigreg=0.0660
  [simclr+sigreg] epoch 30/120  nt-xent=5.3055  sigreg=0.0613
  [simclr+sigreg] epoch 31/120  nt-xent=5.3059  sigreg=0.0641
  [simclr+sigreg] epoch 32/120  nt-xent=5.3004  sigreg=0.0636
  [simclr+sigreg] epoch 33/120  nt-xent=5.2966  sigreg=0.0612
  [simclr+sigreg] epoch 34/120  nt-xent=5.2927  sigreg=0.0618
  [simclr+sigreg] epoch 35/120  nt-xent=5.2891  sigreg=0.0590
  [simclr+sigreg] epoch 36/120  nt-xent=5.2873  sigreg=0.0587
  [simclr+sigreg] epoch 37/120  nt-xent=5.2833  sigreg=0.0565
  [simclr+sigreg] epoch 38/120  nt-xent=5.2848  sigreg=0.0559
  [simclr+sigreg] epoch 39/120  nt-xent=5.2773  sigreg=0.0547
  [simclr+sigreg] epoch 40/120  nt-xent=5.2711  sigreg=0.0541
  [simclr+sigreg] epoch 41/120  nt-xent=5.2700  sigreg=0.0518
  [simclr+sigreg] epoch 42/120  nt-xent=5.2696  sigreg=0.0532
  [simclr+sigreg] epoch 43/120  nt-xent=5.2666  sigreg=0.0514
  [simclr+sigreg] epoch 44/120  nt-xent=5.2643  sigreg=0.0515
  [simclr+sigreg] epoch 45/120  nt-xent=5.2627  sigreg=0.0502
  [simclr+sigreg] epoch 46/120  nt-xent=5.2613  sigreg=0.0517
  [simclr+sigreg] epoch 47/120  nt-xent=5.2601  sigreg=0.0511
  [simclr+sigreg] epoch 48/120  nt-xent=5.2566  sigreg=0.0488
  [simclr+sigreg] epoch 49/120  nt-xent=5.2577  sigreg=0.0488
  [simclr+sigreg] epoch 50/120  nt-xent=5.2562  sigreg=0.0493
  [simclr+sigreg] epoch 51/120  nt-xent=5.2552  sigreg=0.0503
  [simclr+sigreg] epoch 52/120  nt-xent=5.2556  sigreg=0.0504
  [simclr+sigreg] epoch 53/120  nt-xent=5.2468  sigreg=0.0458
  [simclr+sigreg] epoch 54/120  nt-xent=5.2435  sigreg=0.0470
  [simclr+sigreg] epoch 55/120  nt-xent=5.2438  sigreg=0.0465
  [simclr+sigreg] epoch 56/120  nt-xent=5.2417  sigreg=0.0460
  [simclr+sigreg] epoch 57/120  nt-xent=5.2404  sigreg=0.0441
  [simclr+sigreg] epoch 58/120  nt-xent=5.2474  sigreg=0.0506
  [simclr+sigreg] epoch 59/120  nt-xent=5.2488  sigreg=0.0483
  [simclr+sigreg] epoch 60/120  nt-xent=5.2416  sigreg=0.0461
  [simclr+sigreg] epoch 61/120  nt-xent=5.2349  sigreg=0.0464
  [simclr+sigreg] epoch 62/120  nt-xent=5.2322  sigreg=0.0402
  [simclr+sigreg] epoch 63/120  nt-xent=5.2357  sigreg=0.0423
  [simclr+sigreg] epoch 64/120  nt-xent=5.2320  sigreg=0.0389
  [simclr+sigreg] epoch 65/120  nt-xent=5.2257  sigreg=0.0384
  [simclr+sigreg] epoch 66/120  nt-xent=5.2259  sigreg=0.0406
  [simclr+sigreg] epoch 67/120  nt-xent=5.2275  sigreg=0.0408
  [simclr+sigreg] epoch 68/120  nt-xent=5.2310  sigreg=0.0448
  [simclr+sigreg] epoch 69/120  nt-xent=5.2232  sigreg=0.0356
  [simclr+sigreg] epoch 70/120  nt-xent=5.2190  sigreg=0.0371
  [simclr+sigreg] epoch 71/120  nt-xent=5.2202  sigreg=0.0374
  [simclr+sigreg] epoch 72/120  nt-xent=5.2212  sigreg=0.0394
  [simclr+sigreg] epoch 73/120  nt-xent=5.2182  sigreg=0.0381
  [simclr+sigreg] epoch 74/120  nt-xent=5.2184  sigreg=0.0371
  [simclr+sigreg] epoch 75/120  nt-xent=5.2222  sigreg=0.0411
  [simclr+sigreg] epoch 76/120  nt-xent=5.2264  sigreg=0.0425
  [simclr+sigreg] epoch 77/120  nt-xent=5.2222  sigreg=0.0408
  [simclr+sigreg] epoch 78/120  nt-xent=5.2225  sigreg=0.0397
  [simclr+sigreg] epoch 79/120  nt-xent=5.2210  sigreg=0.0399
  [simclr+sigreg] epoch 80/120  nt-xent=5.2192  sigreg=0.0399
  [simclr+sigreg] epoch 81/120  nt-xent=5.2148  sigreg=0.0383
  [simclr+sigreg] epoch 82/120  nt-xent=5.2180  sigreg=0.0378
  [simclr+sigreg] epoch 83/120  nt-xent=5.2150  sigreg=0.0368
  [simclr+sigreg] epoch 84/120  nt-xent=5.2106  sigreg=0.0333
  [simclr+sigreg] epoch 85/120  nt-xent=5.2129  sigreg=0.0352
  [simclr+sigreg] epoch 86/120  nt-xent=5.2160  sigreg=0.0386
  [simclr+sigreg] epoch 87/120  nt-xent=5.2094  sigreg=0.0352
  [simclr+sigreg] epoch 88/120  nt-xent=5.2151  sigreg=0.0377
  [simclr+sigreg] epoch 89/120  nt-xent=5.2181  sigreg=0.0366
  [simclr+sigreg] epoch 90/120  nt-xent=5.2123  sigreg=0.0368
  [simclr+sigreg] epoch 91/120  nt-xent=5.2055  sigreg=0.0339
  [simclr+sigreg] epoch 92/120  nt-xent=5.2028  sigreg=0.0314
  [simclr+sigreg] epoch 93/120  nt-xent=5.2063  sigreg=0.0321
  [simclr+sigreg] epoch 94/120  nt-xent=5.2029  sigreg=0.0316
  [simclr+sigreg] epoch 95/120  nt-xent=5.2041  sigreg=0.0334
  [simclr+sigreg] epoch 96/120  nt-xent=5.2032  sigreg=0.0326
  [simclr+sigreg] epoch 97/120  nt-xent=5.2028  sigreg=0.0332
  [simclr+sigreg] epoch 98/120  nt-xent=5.1985  sigreg=0.0325
  [simclr+sigreg] epoch 99/120  nt-xent=5.1990  sigreg=0.0317
  [simclr+sigreg] epoch 100/120  nt-xent=5.1986  sigreg=0.0332
  [simclr+sigreg] epoch 101/120  nt-xent=5.2047  sigreg=0.0361
  [simclr+sigreg] epoch 102/120  nt-xent=5.2035  sigreg=0.0349
  [simclr+sigreg] epoch 103/120  nt-xent=5.1999  sigreg=0.0340
  [simclr+sigreg] epoch 104/120  nt-xent=5.1958  sigreg=0.0312
  [simclr+sigreg] epoch 105/120  nt-xent=5.1984  sigreg=0.0319
  [simclr+sigreg] epoch 106/120  nt-xent=5.1927  sigreg=0.0320
  [simclr+sigreg] epoch 107/120  nt-xent=5.1937  sigreg=0.0292
  [simclr+sigreg] epoch 108/120  nt-xent=5.1970  sigreg=0.0351
  [simclr+sigreg] epoch 109/120  nt-xent=5.2005  sigreg=0.0366
  [simclr+sigreg] epoch 110/120  nt-xent=5.1918  sigreg=0.0308
  [simclr+sigreg] epoch 111/120  nt-xent=5.1904  sigreg=0.0283
  [simclr+sigreg] epoch 112/120  nt-xent=5.1917  sigreg=0.0299
  [simclr+sigreg] epoch 113/120  nt-xent=5.1913  sigreg=0.0320
  [simclr+sigreg] epoch 114/120  nt-xent=5.1910  sigreg=0.0313
  [simclr+sigreg] epoch 115/120  nt-xent=5.1892  sigreg=0.0313
  [simclr+sigreg] epoch 116/120  nt-xent=5.1897  sigreg=0.0321
  [simclr+sigreg] epoch 117/120  nt-xent=5.1916  sigreg=0.0300
  [simclr+sigreg] epoch 118/120  nt-xent=5.1916  sigreg=0.0308
  [simclr+sigreg] epoch 119/120  nt-xent=5.1893  sigreg=0.0315
  [simclr+sigreg] epoch 120/120  nt-xent=5.1892  sigreg=0.0284
  [aircraft/lejepa] raw probe (768d)           34.4
  [aircraft/lejepa] SupCon (aug)               45.5
  [aircraft/lejepa] ss[lam5]                   39.1
  [aircraft/lejepa] supcon+hybrid (concat)     26.4
  [aircraft/lejepa] ss+hybrid (concat)         35.6

######## aircraft on VISReg ViT-B/16 (paper's weights) ########
  extracted aircraft/visreg train: (6667, 768)
  extracted aircraft/visreg test: (3333, 768)
  aircraft/visreg aug replica 1/8
  aircraft/visreg aug replica 2/8
  aircraft/visreg aug replica 3/8
  aircraft/visreg aug replica 4/8
  aircraft/visreg aug replica 5/8
  aircraft/visreg aug replica 6/8
  aircraft/visreg aug replica 7/8
  aircraft/visreg aug replica 8/8
  [supcon] epoch 1/120  loss=6.6841
  [supcon] epoch 2/120  loss=6.4558
  [supcon] epoch 3/120  loss=6.2677
  [supcon] epoch 4/120  loss=6.0940
  [supcon] epoch 5/120  loss=5.9709
  [supcon] epoch 6/120  loss=5.8580
  [supcon] epoch 7/120  loss=5.7719
  [supcon] epoch 8/120  loss=5.6970
  [supcon] epoch 9/120  loss=5.6442
  [supcon] epoch 10/120  loss=5.5852
  [supcon] epoch 11/120  loss=5.5591
  [supcon] epoch 12/120  loss=5.4947
  [supcon] epoch 13/120  loss=5.4437
  [supcon] epoch 14/120  loss=5.4024
  [supcon] epoch 15/120  loss=5.3508
  [supcon] epoch 16/120  loss=5.3471
  [supcon] epoch 17/120  loss=5.2883
  [supcon] epoch 18/120  loss=5.2791
  [supcon] epoch 19/120  loss=5.2631
  [supcon] epoch 20/120  loss=5.2222
  [supcon] epoch 21/120  loss=5.2344
  [supcon] epoch 22/120  loss=5.2000
  [supcon] epoch 23/120  loss=5.1727
  [supcon] epoch 24/120  loss=5.1439
  [supcon] epoch 25/120  loss=5.1282
  [supcon] epoch 26/120  loss=5.1384
  [supcon] epoch 27/120  loss=5.0871
  [supcon] epoch 28/120  loss=5.0871
  [supcon] epoch 29/120  loss=5.0621
  [supcon] epoch 30/120  loss=5.0193
  [supcon] epoch 31/120  loss=5.0117
  [supcon] epoch 32/120  loss=5.0166
  [supcon] epoch 33/120  loss=5.0530
  [supcon] epoch 34/120  loss=5.0249
  [supcon] epoch 35/120  loss=4.9736
  [supcon] epoch 36/120  loss=4.9569
  [supcon] epoch 37/120  loss=4.9630
  [supcon] epoch 38/120  loss=4.9415
  [supcon] epoch 39/120  loss=4.9193
  [supcon] epoch 40/120  loss=4.8818
  [supcon] epoch 41/120  loss=4.8982
  [supcon] epoch 42/120  loss=4.8501
  [supcon] epoch 43/120  loss=4.8613
  [supcon] epoch 44/120  loss=4.8560
  [supcon] epoch 45/120  loss=4.8251
  [supcon] epoch 46/120  loss=4.8007
  [supcon] epoch 47/120  loss=4.8201
  [supcon] epoch 48/120  loss=4.8141
  [supcon] epoch 49/120  loss=4.7899
  [supcon] epoch 50/120  loss=4.8187
  [supcon] epoch 51/120  loss=4.7894
  [supcon] epoch 52/120  loss=4.8006
  [supcon] epoch 53/120  loss=4.7937
  [supcon] epoch 54/120  loss=4.7993
  [supcon] epoch 55/120  loss=4.7590
  [supcon] epoch 56/120  loss=4.7588
  [supcon] epoch 57/120  loss=4.7320
  [supcon] epoch 58/120  loss=4.7479
  [supcon] epoch 59/120  loss=4.7182
  [supcon] epoch 60/120  loss=4.6890
  [supcon] epoch 61/120  loss=4.7002
  [supcon] epoch 62/120  loss=4.6833
  [supcon] epoch 63/120  loss=4.6952
  [supcon] epoch 64/120  loss=4.6961
  [supcon] epoch 65/120  loss=4.6618
  [supcon] epoch 66/120  loss=4.6732
  [supcon] epoch 67/120  loss=4.6823
  [supcon] epoch 68/120  loss=4.6636
  [supcon] epoch 69/120  loss=4.6740
  [supcon] epoch 70/120  loss=4.6267
  [supcon] epoch 71/120  loss=4.6065
  [supcon] epoch 72/120  loss=4.6093
  [supcon] epoch 73/120  loss=4.6037
  [supcon] epoch 74/120  loss=4.5931
  [supcon] epoch 75/120  loss=4.5942
  [supcon] epoch 76/120  loss=4.5586
  [supcon] epoch 77/120  loss=4.6061
  [supcon] epoch 78/120  loss=4.5711
  [supcon] epoch 79/120  loss=4.5592
  [supcon] epoch 80/120  loss=4.5560
  [supcon] epoch 81/120  loss=4.5607
  [supcon] epoch 82/120  loss=4.5195
  [supcon] epoch 83/120  loss=4.5180
  [supcon] epoch 84/120  loss=4.5208
  [supcon] epoch 85/120  loss=4.5213
  [supcon] epoch 86/120  loss=4.4965
  [supcon] epoch 87/120  loss=4.5413
  [supcon] epoch 88/120  loss=4.5180
  [supcon] epoch 89/120  loss=4.5114
  [supcon] epoch 90/120  loss=4.5274
  [supcon] epoch 91/120  loss=4.5010
  [supcon] epoch 92/120  loss=4.4811
  [supcon] epoch 93/120  loss=4.4718
  [supcon] epoch 94/120  loss=4.5010
  [supcon] epoch 95/120  loss=4.4777
  [supcon] epoch 96/120  loss=4.4739
  [supcon] epoch 97/120  loss=4.4866
  [supcon] epoch 98/120  loss=4.4449
  [supcon] epoch 99/120  loss=4.4309
  [supcon] epoch 100/120  loss=4.4157
  [supcon] epoch 101/120  loss=4.4277
  [supcon] epoch 102/120  loss=4.4432
  [supcon] epoch 103/120  loss=4.4301
  [supcon] epoch 104/120  loss=4.4318
  [supcon] epoch 105/120  loss=4.4608
  [supcon] epoch 106/120  loss=4.4215
  [supcon] epoch 107/120  loss=4.4060
  [supcon] epoch 108/120  loss=4.3919
  [supcon] epoch 109/120  loss=4.4405
  [supcon] epoch 110/120  loss=4.4052
  [supcon] epoch 111/120  loss=4.4212
  [supcon] epoch 112/120  loss=4.4091
  [supcon] epoch 113/120  loss=4.3966
  [supcon] epoch 114/120  loss=4.4077
  [supcon] epoch 115/120  loss=4.3961
  [supcon] epoch 116/120  loss=4.4016
  [supcon] epoch 117/120  loss=4.3954
  [supcon] epoch 118/120  loss=4.4066
  [supcon] epoch 119/120  loss=4.3539
  [supcon] epoch 120/120  loss=4.3330
  [supcon+sigreg] epoch 1/120  supcon=6.9837  sigreg=0.7205
  [supcon+sigreg] epoch 2/120  supcon=7.2664  sigreg=0.5394
  [supcon+sigreg] epoch 3/120  supcon=7.1786  sigreg=0.4746
  [supcon+sigreg] epoch 4/120  supcon=7.1203  sigreg=0.4458
  [supcon+sigreg] epoch 5/120  supcon=6.9956  sigreg=0.4212
  [supcon+sigreg] epoch 6/120  supcon=6.9320  sigreg=0.4006
  [supcon+sigreg] epoch 7/120  supcon=6.8798  sigreg=0.3649
  [supcon+sigreg] epoch 8/120  supcon=6.8304  sigreg=0.3446
  [supcon+sigreg] epoch 9/120  supcon=6.7770  sigreg=0.3302
  [supcon+sigreg] epoch 10/120  supcon=6.7786  sigreg=0.2921
  [supcon+sigreg] epoch 11/120  supcon=6.6779  sigreg=0.2833
  [supcon+sigreg] epoch 12/120  supcon=6.6340  sigreg=0.2830
  [supcon+sigreg] epoch 13/120  supcon=6.5840  sigreg=0.2836
  [supcon+sigreg] epoch 14/120  supcon=6.5233  sigreg=0.2819
  [supcon+sigreg] epoch 15/120  supcon=6.4421  sigreg=0.2433
  [supcon+sigreg] epoch 16/120  supcon=6.4987  sigreg=0.2387
  [supcon+sigreg] epoch 17/120  supcon=6.4603  sigreg=0.2393
  [supcon+sigreg] epoch 18/120  supcon=6.4257  sigreg=0.2232
  [supcon+sigreg] epoch 19/120  supcon=6.3731  sigreg=0.2089
  [supcon+sigreg] epoch 20/120  supcon=6.3595  sigreg=0.2031
  [supcon+sigreg] epoch 21/120  supcon=6.3326  sigreg=0.1994
  [supcon+sigreg] epoch 22/120  supcon=6.3194  sigreg=0.1952
  [supcon+sigreg] epoch 23/120  supcon=6.3599  sigreg=0.2031
  [supcon+sigreg] epoch 24/120  supcon=6.2630  sigreg=0.1957
  [supcon+sigreg] epoch 25/120  supcon=6.2748  sigreg=0.1755
  [supcon+sigreg] epoch 26/120  supcon=6.2140  sigreg=0.1830
  [supcon+sigreg] epoch 27/120  supcon=6.1734  sigreg=0.1752
  [supcon+sigreg] epoch 28/120  supcon=6.2122  sigreg=0.1636
  [supcon+sigreg] epoch 29/120  supcon=6.1567  sigreg=0.1745
  [supcon+sigreg] epoch 30/120  supcon=6.1127  sigreg=0.1712
  [supcon+sigreg] epoch 31/120  supcon=6.1179  sigreg=0.1681
  [supcon+sigreg] epoch 32/120  supcon=6.0891  sigreg=0.1534
  [supcon+sigreg] epoch 33/120  supcon=6.0900  sigreg=0.1443
  [supcon+sigreg] epoch 34/120  supcon=6.0792  sigreg=0.1544
  [supcon+sigreg] epoch 35/120  supcon=6.0353  sigreg=0.1473
  [supcon+sigreg] epoch 36/120  supcon=6.0334  sigreg=0.1380
  [supcon+sigreg] epoch 37/120  supcon=6.0149  sigreg=0.1359
  [supcon+sigreg] epoch 38/120  supcon=6.0043  sigreg=0.1319
  [supcon+sigreg] epoch 39/120  supcon=5.9881  sigreg=0.1435
  [supcon+sigreg] epoch 40/120  supcon=5.9630  sigreg=0.1567
  [supcon+sigreg] epoch 41/120  supcon=5.9460  sigreg=0.1550
  [supcon+sigreg] epoch 42/120  supcon=5.8972  sigreg=0.1444
  [supcon+sigreg] epoch 43/120  supcon=5.8971  sigreg=0.1450
  [supcon+sigreg] epoch 44/120  supcon=5.9047  sigreg=0.1544
  [supcon+sigreg] epoch 45/120  supcon=5.8317  sigreg=0.1288
  [supcon+sigreg] epoch 46/120  supcon=5.8320  sigreg=0.1220
  [supcon+sigreg] epoch 47/120  supcon=5.8439  sigreg=0.1171
  [supcon+sigreg] epoch 48/120  supcon=5.8331  sigreg=0.1183
  [supcon+sigreg] epoch 49/120  supcon=5.7723  sigreg=0.1263
  [supcon+sigreg] epoch 50/120  supcon=5.7732  sigreg=0.1131
  [supcon+sigreg] epoch 51/120  supcon=5.7456  sigreg=0.1141
  [supcon+sigreg] epoch 52/120  supcon=5.7366  sigreg=0.1202
  [supcon+sigreg] epoch 53/120  supcon=5.7451  sigreg=0.1166
  [supcon+sigreg] epoch 54/120  supcon=5.7190  sigreg=0.1227
  [supcon+sigreg] epoch 55/120  supcon=5.7050  sigreg=0.1322
  [supcon+sigreg] epoch 56/120  supcon=5.6999  sigreg=0.1188
  [supcon+sigreg] epoch 57/120  supcon=5.7025  sigreg=0.1157
  [supcon+sigreg] epoch 58/120  supcon=5.6632  sigreg=0.1149
  [supcon+sigreg] epoch 59/120  supcon=5.6478  sigreg=0.1170
  [supcon+sigreg] epoch 60/120  supcon=5.6320  sigreg=0.1124
  [supcon+sigreg] epoch 61/120  supcon=5.6255  sigreg=0.1184
  [supcon+sigreg] epoch 62/120  supcon=5.5867  sigreg=0.1101
  [supcon+sigreg] epoch 63/120  supcon=5.5805  sigreg=0.1181
  [supcon+sigreg] epoch 64/120  supcon=5.5789  sigreg=0.1068
  [supcon+sigreg] epoch 65/120  supcon=5.5763  sigreg=0.1119
  [supcon+sigreg] epoch 66/120  supcon=5.5669  sigreg=0.1143
  [supcon+sigreg] epoch 67/120  supcon=5.5526  sigreg=0.1168
  [supcon+sigreg] epoch 68/120  supcon=5.5473  sigreg=0.1295
  [supcon+sigreg] epoch 69/120  supcon=5.5273  sigreg=0.1135
  [supcon+sigreg] epoch 70/120  supcon=5.5345  sigreg=0.1017
  [supcon+sigreg] epoch 71/120  supcon=5.5120  sigreg=0.1003
  [supcon+sigreg] epoch 72/120  supcon=5.5145  sigreg=0.1039
  [supcon+sigreg] epoch 73/120  supcon=5.4975  sigreg=0.0973
  [supcon+sigreg] epoch 74/120  supcon=5.4926  sigreg=0.1079
  [supcon+sigreg] epoch 75/120  supcon=5.4734  sigreg=0.1245
  [supcon+sigreg] epoch 76/120  supcon=5.4980  sigreg=0.1162
  [supcon+sigreg] epoch 77/120  supcon=5.4847  sigreg=0.1121
  [supcon+sigreg] epoch 78/120  supcon=5.4259  sigreg=0.1096
  [supcon+sigreg] epoch 79/120  supcon=5.4360  sigreg=0.0931
  [supcon+sigreg] epoch 80/120  supcon=5.4339  sigreg=0.0904
  [supcon+sigreg] epoch 81/120  supcon=5.4083  sigreg=0.1020
  [supcon+sigreg] epoch 82/120  supcon=5.4155  sigreg=0.0879
  [supcon+sigreg] epoch 83/120  supcon=5.4296  sigreg=0.0878
  [supcon+sigreg] epoch 84/120  supcon=5.3841  sigreg=0.0963
  [supcon+sigreg] epoch 85/120  supcon=5.3784  sigreg=0.1027
  [supcon+sigreg] epoch 86/120  supcon=5.3747  sigreg=0.0999
  [supcon+sigreg] epoch 87/120  supcon=5.3419  sigreg=0.0983
  [supcon+sigreg] epoch 88/120  supcon=5.3447  sigreg=0.0941
  [supcon+sigreg] epoch 89/120  supcon=5.3770  sigreg=0.1019
  [supcon+sigreg] epoch 90/120  supcon=5.3613  sigreg=0.1081
  [supcon+sigreg] epoch 91/120  supcon=5.3417  sigreg=0.0953
  [supcon+sigreg] epoch 92/120  supcon=5.3249  sigreg=0.0922
  [supcon+sigreg] epoch 93/120  supcon=5.3261  sigreg=0.0942
  [supcon+sigreg] epoch 94/120  supcon=5.3082  sigreg=0.0931
  [supcon+sigreg] epoch 95/120  supcon=5.3187  sigreg=0.0964
  [supcon+sigreg] epoch 96/120  supcon=5.2953  sigreg=0.0866
  [supcon+sigreg] epoch 97/120  supcon=5.2843  sigreg=0.0897
  [supcon+sigreg] epoch 98/120  supcon=5.2631  sigreg=0.0972
  [supcon+sigreg] epoch 99/120  supcon=5.2723  sigreg=0.0905
  [supcon+sigreg] epoch 100/120  supcon=5.2666  sigreg=0.0866
  [supcon+sigreg] epoch 101/120  supcon=5.2762  sigreg=0.1095
  [supcon+sigreg] epoch 102/120  supcon=5.2664  sigreg=0.1059
  [supcon+sigreg] epoch 103/120  supcon=5.2279  sigreg=0.0939
  [supcon+sigreg] epoch 104/120  supcon=5.2532  sigreg=0.1033
  [supcon+sigreg] epoch 105/120  supcon=5.2416  sigreg=0.0998
  [supcon+sigreg] epoch 106/120  supcon=5.2408  sigreg=0.0989
  [supcon+sigreg] epoch 107/120  supcon=5.2461  sigreg=0.0975
  [supcon+sigreg] epoch 108/120  supcon=5.2271  sigreg=0.0905
  [supcon+sigreg] epoch 109/120  supcon=5.2074  sigreg=0.0858
  [supcon+sigreg] epoch 110/120  supcon=5.1916  sigreg=0.0901
  [supcon+sigreg] epoch 111/120  supcon=5.1911  sigreg=0.0808
  [supcon+sigreg] epoch 112/120  supcon=5.1773  sigreg=0.0831
  [supcon+sigreg] epoch 113/120  supcon=5.1905  sigreg=0.0779
  [supcon+sigreg] epoch 114/120  supcon=5.1613  sigreg=0.0813
  [supcon+sigreg] epoch 115/120  supcon=5.1699  sigreg=0.0757
  [supcon+sigreg] epoch 116/120  supcon=5.1530  sigreg=0.0798
  [supcon+sigreg] epoch 117/120  supcon=5.1607  sigreg=0.0831
  [supcon+sigreg] epoch 118/120  supcon=5.1241  sigreg=0.0905
  [supcon+sigreg] epoch 119/120  supcon=5.1348  sigreg=0.0801
  [supcon+sigreg] epoch 120/120  supcon=5.1087  sigreg=0.0819
  [simclr+sigreg] epoch 1/120  nt-xent=6.0476  sigreg=0.4674
  [simclr+sigreg] epoch 2/120  nt-xent=5.7127  sigreg=0.2459
  [simclr+sigreg] epoch 3/120  nt-xent=5.5555  sigreg=0.1664
  [simclr+sigreg] epoch 4/120  nt-xent=5.4924  sigreg=0.1277
  [simclr+sigreg] epoch 5/120  nt-xent=5.4637  sigreg=0.1267
  [simclr+sigreg] epoch 6/120  nt-xent=5.4373  sigreg=0.1243
  [simclr+sigreg] epoch 7/120  nt-xent=5.4190  sigreg=0.1197
  [simclr+sigreg] epoch 8/120  nt-xent=5.4061  sigreg=0.1112
  [simclr+sigreg] epoch 9/120  nt-xent=5.3962  sigreg=0.1018
  [simclr+sigreg] epoch 10/120  nt-xent=5.3740  sigreg=0.0914
  [simclr+sigreg] epoch 11/120  nt-xent=5.3580  sigreg=0.0857
  [simclr+sigreg] epoch 12/120  nt-xent=5.3570  sigreg=0.0890
  [simclr+sigreg] epoch 13/120  nt-xent=5.3347  sigreg=0.0705
  [simclr+sigreg] epoch 14/120  nt-xent=5.3313  sigreg=0.0795
  [simclr+sigreg] epoch 15/120  nt-xent=5.3283  sigreg=0.0813
  [simclr+sigreg] epoch 16/120  nt-xent=5.3243  sigreg=0.0757
  [simclr+sigreg] epoch 17/120  nt-xent=5.3098  sigreg=0.0706
  [simclr+sigreg] epoch 18/120  nt-xent=5.3075  sigreg=0.0705
  [simclr+sigreg] epoch 19/120  nt-xent=5.3017  sigreg=0.0675
  [simclr+sigreg] epoch 20/120  nt-xent=5.2981  sigreg=0.0649
  [simclr+sigreg] epoch 21/120  nt-xent=5.2974  sigreg=0.0676
  [simclr+sigreg] epoch 22/120  nt-xent=5.2923  sigreg=0.0666
  [simclr+sigreg] epoch 23/120  nt-xent=5.2999  sigreg=0.0694
  [simclr+sigreg] epoch 24/120  nt-xent=5.2921  sigreg=0.0711
  [simclr+sigreg] epoch 25/120  nt-xent=5.2792  sigreg=0.0621
  [simclr+sigreg] epoch 26/120  nt-xent=5.2790  sigreg=0.0652
  [simclr+sigreg] epoch 27/120  nt-xent=5.2795  sigreg=0.0668
  [simclr+sigreg] epoch 28/120  nt-xent=5.2872  sigreg=0.0678
  [simclr+sigreg] epoch 29/120  nt-xent=5.2752  sigreg=0.0619
  [simclr+sigreg] epoch 30/120  nt-xent=5.2676  sigreg=0.0556
  [simclr+sigreg] epoch 31/120  nt-xent=5.2665  sigreg=0.0582
  [simclr+sigreg] epoch 32/120  nt-xent=5.2663  sigreg=0.0547
  [simclr+sigreg] epoch 33/120  nt-xent=5.2618  sigreg=0.0564
  [simclr+sigreg] epoch 34/120  nt-xent=5.2587  sigreg=0.0545
  [simclr+sigreg] epoch 35/120  nt-xent=5.2630  sigreg=0.0574
  [simclr+sigreg] epoch 36/120  nt-xent=5.2613  sigreg=0.0542
  [simclr+sigreg] epoch 37/120  nt-xent=5.2559  sigreg=0.0544
  [simclr+sigreg] epoch 38/120  nt-xent=5.2527  sigreg=0.0493
  [simclr+sigreg] epoch 39/120  nt-xent=5.2501  sigreg=0.0514
  [simclr+sigreg] epoch 40/120  nt-xent=5.2458  sigreg=0.0492
  [simclr+sigreg] epoch 41/120  nt-xent=5.2465  sigreg=0.0516
  [simclr+sigreg] epoch 42/120  nt-xent=5.2440  sigreg=0.0500
  [simclr+sigreg] epoch 43/120  nt-xent=5.2423  sigreg=0.0486
  [simclr+sigreg] epoch 44/120  nt-xent=5.2405  sigreg=0.0486
  [simclr+sigreg] epoch 45/120  nt-xent=5.2352  sigreg=0.0433
  [simclr+sigreg] epoch 46/120  nt-xent=5.2388  sigreg=0.0509
  [simclr+sigreg] epoch 47/120  nt-xent=5.2393  sigreg=0.0484
  [simclr+sigreg] epoch 48/120  nt-xent=5.2358  sigreg=0.0470
  [simclr+sigreg] epoch 49/120  nt-xent=5.2435  sigreg=0.0505
  [simclr+sigreg] epoch 50/120  nt-xent=5.2446  sigreg=0.0546
  [simclr+sigreg] epoch 51/120  nt-xent=5.2451  sigreg=0.0578
  [simclr+sigreg] epoch 52/120  nt-xent=5.2425  sigreg=0.0535
  [simclr+sigreg] epoch 53/120  nt-xent=5.2352  sigreg=0.0468
  [simclr+sigreg] epoch 54/120  nt-xent=5.2262  sigreg=0.0433
  [simclr+sigreg] epoch 55/120  nt-xent=5.2245  sigreg=0.0435
  [simclr+sigreg] epoch 56/120  nt-xent=5.2222  sigreg=0.0423
  [simclr+sigreg] epoch 57/120  nt-xent=5.2229  sigreg=0.0412
  [simclr+sigreg] epoch 58/120  nt-xent=5.2252  sigreg=0.0448
  [simclr+sigreg] epoch 59/120  nt-xent=5.2338  sigreg=0.0505
  [simclr+sigreg] epoch 60/120  nt-xent=5.2273  sigreg=0.0472
  [simclr+sigreg] epoch 61/120  nt-xent=5.2224  sigreg=0.0454
  [simclr+sigreg] epoch 62/120  nt-xent=5.2168  sigreg=0.0395
  [simclr+sigreg] epoch 63/120  nt-xent=5.2184  sigreg=0.0416
  [simclr+sigreg] epoch 64/120  nt-xent=5.2170  sigreg=0.0410
  [simclr+sigreg] epoch 65/120  nt-xent=5.2106  sigreg=0.0397
  [simclr+sigreg] epoch 66/120  nt-xent=5.2099  sigreg=0.0373
  [simclr+sigreg] epoch 67/120  nt-xent=5.2101  sigreg=0.0387
  [simclr+sigreg] epoch 68/120  nt-xent=5.2099  sigreg=0.0356
  [simclr+sigreg] epoch 69/120  nt-xent=5.2081  sigreg=0.0368
  [simclr+sigreg] epoch 70/120  nt-xent=5.2051  sigreg=0.0360
  [simclr+sigreg] epoch 71/120  nt-xent=5.2156  sigreg=0.0442
  [simclr+sigreg] epoch 72/120  nt-xent=5.2124  sigreg=0.0422
Using cache found in /home/pharris/.cache/torch/hub/facebookresearch_dino_main
  [simclr+sigreg] epoch 73/120  nt-xent=5.2052  sigreg=0.0365
  [simclr+sigreg] epoch 74/120  nt-xent=5.2033  sigreg=0.0362
  [simclr+sigreg] epoch 75/120  nt-xent=5.2047  sigreg=0.0368
  [simclr+sigreg] epoch 76/120  nt-xent=5.2022  sigreg=0.0374
  [simclr+sigreg] epoch 77/120  nt-xent=5.1981  sigreg=0.0362
  [simclr+sigreg] epoch 78/120  nt-xent=5.2005  sigreg=0.0374
  [simclr+sigreg] epoch 79/120  nt-xent=5.2024  sigreg=0.0401
  [simclr+sigreg] epoch 80/120  nt-xent=5.2055  sigreg=0.0402
  [simclr+sigreg] epoch 81/120  nt-xent=5.1965  sigreg=0.0356
  [simclr+sigreg] epoch 82/120  nt-xent=5.1944  sigreg=0.0340
  [simclr+sigreg] epoch 83/120  nt-xent=5.1950  sigreg=0.0343
  [simclr+sigreg] epoch 84/120  nt-xent=5.1962  sigreg=0.0352
  [simclr+sigreg] epoch 85/120  nt-xent=5.1918  sigreg=0.0351
  [simclr+sigreg] epoch 86/120  nt-xent=5.1906  sigreg=0.0337
  [simclr+sigreg] epoch 87/120  nt-xent=5.1942  sigreg=0.0339
  [simclr+sigreg] epoch 88/120  nt-xent=5.1875  sigreg=0.0347
  [simclr+sigreg] epoch 89/120  nt-xent=5.1933  sigreg=0.0357
  [simclr+sigreg] epoch 90/120  nt-xent=5.1879  sigreg=0.0325
  [simclr+sigreg] epoch 91/120  nt-xent=5.1856  sigreg=0.0325
  [simclr+sigreg] epoch 92/120  nt-xent=5.1844  sigreg=0.0313
  [simclr+sigreg] epoch 93/120  nt-xent=5.1906  sigreg=0.0326
  [simclr+sigreg] epoch 94/120  nt-xent=5.1843  sigreg=0.0335
  [simclr+sigreg] epoch 95/120  nt-xent=5.1879  sigreg=0.0337
  [simclr+sigreg] epoch 96/120  nt-xent=5.1873  sigreg=0.0336
  [simclr+sigreg] epoch 97/120  nt-xent=5.1841  sigreg=0.0331
  [simclr+sigreg] epoch 98/120  nt-xent=5.1820  sigreg=0.0311
  [simclr+sigreg] epoch 99/120  nt-xent=5.1800  sigreg=0.0299
  [simclr+sigreg] epoch 100/120  nt-xent=5.1806  sigreg=0.0313
  [simclr+sigreg] epoch 101/120  nt-xent=5.1909  sigreg=0.0359
  [simclr+sigreg] epoch 102/120  nt-xent=5.1842  sigreg=0.0332
  [simclr+sigreg] epoch 103/120  nt-xent=5.1800  sigreg=0.0309
  [simclr+sigreg] epoch 104/120  nt-xent=5.1790  sigreg=0.0317
  [simclr+sigreg] epoch 105/120  nt-xent=5.1800  sigreg=0.0325
  [simclr+sigreg] epoch 106/120  nt-xent=5.1760  sigreg=0.0311
  [simclr+sigreg] epoch 107/120  nt-xent=5.1787  sigreg=0.0303
  [simclr+sigreg] epoch 108/120  nt-xent=5.1798  sigreg=0.0341
  [simclr+sigreg] epoch 109/120  nt-xent=5.1780  sigreg=0.0323
  [simclr+sigreg] epoch 110/120  nt-xent=5.1766  sigreg=0.0297
  [simclr+sigreg] epoch 111/120  nt-xent=5.1762  sigreg=0.0302
  [simclr+sigreg] epoch 112/120  nt-xent=5.1744  sigreg=0.0283
  [simclr+sigreg] epoch 113/120  nt-xent=5.1739  sigreg=0.0317
  [simclr+sigreg] epoch 114/120  nt-xent=5.1752  sigreg=0.0297
  [simclr+sigreg] epoch 115/120  nt-xent=5.1740  sigreg=0.0299
  [simclr+sigreg] epoch 116/120  nt-xent=5.1758  sigreg=0.0314
  [simclr+sigreg] epoch 117/120  nt-xent=5.1759  sigreg=0.0312
  [simclr+sigreg] epoch 118/120  nt-xent=5.1749  sigreg=0.0278
  [simclr+sigreg] epoch 119/120  nt-xent=5.1719  sigreg=0.0288
  [simclr+sigreg] epoch 120/120  nt-xent=5.1780  sigreg=0.0326
  [aircraft/visreg] raw probe (768d)           36.7
  [aircraft/visreg] SupCon (aug)               47.7
  [aircraft/visreg] ss[lam5]                   36.4
  [aircraft/visreg] supcon+hybrid (concat)     34.3
  [aircraft/visreg] ss+hybrid (concat)         34.4

######## cars on DINO ViT-B/16 ########
  cars/dino aug replica 1/8
  cars/dino aug replica 2/8
  cars/dino aug replica 3/8
  cars/dino aug replica 4/8
  cars/dino aug replica 5/8
  cars/dino aug replica 6/8
  cars/dino aug replica 7/8
  cars/dino aug replica 8/8
  [supcon] epoch 1/120  loss=5.6191
  [supcon] epoch 2/120  loss=5.1076
  [supcon] epoch 3/120  loss=4.8291
  [supcon] epoch 4/120  loss=4.6440
  [supcon] epoch 5/120  loss=4.5142
  [supcon] epoch 6/120  loss=4.3979
  [supcon] epoch 7/120  loss=4.2733
  [supcon] epoch 8/120  loss=4.2383
  [supcon] epoch 9/120  loss=4.1498
  [supcon] epoch 10/120  loss=4.0979
  [supcon] epoch 11/120  loss=4.0301
  [supcon] epoch 12/120  loss=4.0012
  [supcon] epoch 13/120  loss=3.9249
  [supcon] epoch 14/120  loss=3.8591
  [supcon] epoch 15/120  loss=3.8357
  [supcon] epoch 16/120  loss=3.7982
  [supcon] epoch 17/120  loss=3.7705
  [supcon] epoch 18/120  loss=3.7085
  [supcon] epoch 19/120  loss=3.6775
  [supcon] epoch 20/120  loss=3.6489
  [supcon] epoch 21/120  loss=3.6213
  [supcon] epoch 22/120  loss=3.5842
  [supcon] epoch 23/120  loss=3.5468
  [supcon] epoch 24/120  loss=3.5060
  [supcon] epoch 25/120  loss=3.4747
  [supcon] epoch 26/120  loss=3.4377
  [supcon] epoch 27/120  loss=3.4229
  [supcon] epoch 28/120  loss=3.4041
  [supcon] epoch 29/120  loss=3.3531
  [supcon] epoch 30/120  loss=3.3293
  [supcon] epoch 31/120  loss=3.3361
  [supcon] epoch 32/120  loss=3.2892
  [supcon] epoch 33/120  loss=3.2806
  [supcon] epoch 34/120  loss=3.2505
  [supcon] epoch 35/120  loss=3.2375
  [supcon] epoch 36/120  loss=3.2185
  [supcon] epoch 37/120  loss=3.1831
  [supcon] epoch 38/120  loss=3.1705
  [supcon] epoch 39/120  loss=3.1526
  [supcon] epoch 40/120  loss=3.1132
  [supcon] epoch 41/120  loss=3.1080
  [supcon] epoch 42/120  loss=3.0888
  [supcon] epoch 43/120  loss=3.0665
  [supcon] epoch 44/120  loss=3.0495
  [supcon] epoch 45/120  loss=3.0386
  [supcon] epoch 46/120  loss=3.0164
  [supcon] epoch 47/120  loss=2.9889
  [supcon] epoch 48/120  loss=2.9966
  [supcon] epoch 49/120  loss=2.9748
  [supcon] epoch 50/120  loss=2.9691
  [supcon] epoch 51/120  loss=2.9540
  [supcon] epoch 52/120  loss=2.9154
  [supcon] epoch 53/120  loss=2.9221
  [supcon] epoch 54/120  loss=2.8904
  [supcon] epoch 55/120  loss=2.8879
  [supcon] epoch 56/120  loss=2.8825
  [supcon] epoch 57/120  loss=2.8594
  [supcon] epoch 58/120  loss=2.8504
  [supcon] epoch 59/120  loss=2.8317
  [supcon] epoch 60/120  loss=2.8317
  [supcon] epoch 61/120  loss=2.8060
  [supcon] epoch 62/120  loss=2.8053
  [supcon] epoch 63/120  loss=2.7833
  [supcon] epoch 64/120  loss=2.7770
  [supcon] epoch 65/120  loss=2.7703
  [supcon] epoch 66/120  loss=2.7419
  [supcon] epoch 67/120  loss=2.7340
  [supcon] epoch 68/120  loss=2.7331
  [supcon] epoch 69/120  loss=2.7099
  [supcon] epoch 70/120  loss=2.7129
  [supcon] epoch 71/120  loss=2.6841
  [supcon] epoch 72/120  loss=2.6728
  [supcon] epoch 73/120  loss=2.6608
  [supcon] epoch 74/120  loss=2.6579
  [supcon] epoch 75/120  loss=2.6658
  [supcon] epoch 76/120  loss=2.6485
  [supcon] epoch 77/120  loss=2.6456
  [supcon] epoch 78/120  loss=2.6200
  [supcon] epoch 79/120  loss=2.6358
  [supcon] epoch 80/120  loss=2.6086
  [supcon] epoch 81/120  loss=2.5948
  [supcon] epoch 82/120  loss=2.5927
  [supcon] epoch 83/120  loss=2.5855
  [supcon] epoch 84/120  loss=2.5769
  [supcon] epoch 85/120  loss=2.5679
  [supcon] epoch 86/120  loss=2.5508
  [supcon] epoch 87/120  loss=2.5584
  [supcon] epoch 88/120  loss=2.5409
  [supcon] epoch 89/120  loss=2.5447
  [supcon] epoch 90/120  loss=2.5275
  [supcon] epoch 91/120  loss=2.5091
  [supcon] epoch 92/120  loss=2.5084
  [supcon] epoch 93/120  loss=2.5076
  [supcon] epoch 94/120  loss=2.4947
  [supcon] epoch 95/120  loss=2.4942
  [supcon] epoch 96/120  loss=2.4921
  [supcon] epoch 97/120  loss=2.4912
  [supcon] epoch 98/120  loss=2.4797
  [supcon] epoch 99/120  loss=2.4741
  [supcon] epoch 100/120  loss=2.4575
  [supcon] epoch 101/120  loss=2.4586
  [supcon] epoch 102/120  loss=2.4533
  [supcon] epoch 103/120  loss=2.4405
  [supcon] epoch 104/120  loss=2.4304
  [supcon] epoch 105/120  loss=2.4355
  [supcon] epoch 106/120  loss=2.4090
  [supcon] epoch 107/120  loss=2.4200
  [supcon] epoch 108/120  loss=2.3995
  [supcon] epoch 109/120  loss=2.3977
  [supcon] epoch 110/120  loss=2.3896
  [supcon] epoch 111/120  loss=2.3813
  [supcon] epoch 112/120  loss=2.3920
  [supcon] epoch 113/120  loss=2.3812
  [supcon] epoch 114/120  loss=2.3826
  [supcon] epoch 115/120  loss=2.3751
  [supcon] epoch 116/120  loss=2.3784
  [supcon] epoch 117/120  loss=2.3662
  [supcon] epoch 118/120  loss=2.3515
  [supcon] epoch 119/120  loss=2.3478
  [supcon] epoch 120/120  loss=2.3574
  [supcon+sigreg] epoch 1/120  supcon=6.1663  sigreg=0.3711
  [supcon+sigreg] epoch 2/120  supcon=5.8271  sigreg=0.1952
  [supcon+sigreg] epoch 3/120  supcon=5.5955  sigreg=0.1337
  [supcon+sigreg] epoch 4/120  supcon=5.4179  sigreg=0.0948
  [supcon+sigreg] epoch 5/120  supcon=5.1874  sigreg=0.0727
  [supcon+sigreg] epoch 6/120  supcon=5.0514  sigreg=0.0732
  [supcon+sigreg] epoch 7/120  supcon=4.9768  sigreg=0.0777
  [supcon+sigreg] epoch 8/120  supcon=4.8189  sigreg=0.0821
  [supcon+sigreg] epoch 9/120  supcon=4.7460  sigreg=0.0734
  [supcon+sigreg] epoch 10/120  supcon=4.6951  sigreg=0.0600
  [supcon+sigreg] epoch 11/120  supcon=4.6368  sigreg=0.0607
  [supcon+sigreg] epoch 12/120  supcon=4.5564  sigreg=0.0556
  [supcon+sigreg] epoch 13/120  supcon=4.4910  sigreg=0.0533
  [supcon+sigreg] epoch 14/120  supcon=4.4457  sigreg=0.0527
  [supcon+sigreg] epoch 15/120  supcon=4.3869  sigreg=0.0503
  [supcon+sigreg] epoch 16/120  supcon=4.3246  sigreg=0.0541
  [supcon+sigreg] epoch 17/120  supcon=4.2798  sigreg=0.0505
  [supcon+sigreg] epoch 18/120  supcon=4.2419  sigreg=0.0491
  [supcon+sigreg] epoch 19/120  supcon=4.2061  sigreg=0.0450
  [supcon+sigreg] epoch 20/120  supcon=4.1751  sigreg=0.0457
  [supcon+sigreg] epoch 21/120  supcon=4.1116  sigreg=0.0423
  [supcon+sigreg] epoch 22/120  supcon=4.0867  sigreg=0.0417
  [supcon+sigreg] epoch 23/120  supcon=4.0732  sigreg=0.0410
  [supcon+sigreg] epoch 24/120  supcon=4.0265  sigreg=0.0474
  [supcon+sigreg] epoch 25/120  supcon=3.9792  sigreg=0.0508
  [supcon+sigreg] epoch 26/120  supcon=3.9410  sigreg=0.0421
  [supcon+sigreg] epoch 27/120  supcon=3.9543  sigreg=0.0426
  [supcon+sigreg] epoch 28/120  supcon=3.8961  sigreg=0.0391
  [supcon+sigreg] epoch 29/120  supcon=3.8785  sigreg=0.0401
  [supcon+sigreg] epoch 30/120  supcon=3.8464  sigreg=0.0373
  [supcon+sigreg] epoch 31/120  supcon=3.8024  sigreg=0.0426
  [supcon+sigreg] epoch 32/120  supcon=3.7965  sigreg=0.0456
  [supcon+sigreg] epoch 33/120  supcon=3.7595  sigreg=0.0423
  [supcon+sigreg] epoch 34/120  supcon=3.7322  sigreg=0.0364
  [supcon+sigreg] epoch 35/120  supcon=3.6962  sigreg=0.0378
  [supcon+sigreg] epoch 36/120  supcon=3.6786  sigreg=0.0390
  [supcon+sigreg] epoch 37/120  supcon=3.6884  sigreg=0.0416
  [supcon+sigreg] epoch 38/120  supcon=3.6468  sigreg=0.0402
  [supcon+sigreg] epoch 39/120  supcon=3.6309  sigreg=0.0348
  [supcon+sigreg] epoch 40/120  supcon=3.5949  sigreg=0.0332
  [supcon+sigreg] epoch 41/120  supcon=3.5760  sigreg=0.0409
  [supcon+sigreg] epoch 42/120  supcon=3.5842  sigreg=0.0396
  [supcon+sigreg] epoch 43/120  supcon=3.5349  sigreg=0.0358
  [supcon+sigreg] epoch 44/120  supcon=3.5086  sigreg=0.0338
  [supcon+sigreg] epoch 45/120  supcon=3.4920  sigreg=0.0382
  [supcon+sigreg] epoch 46/120  supcon=3.4856  sigreg=0.0368
  [supcon+sigreg] epoch 47/120  supcon=3.4642  sigreg=0.0309
  [supcon+sigreg] epoch 48/120  supcon=3.4537  sigreg=0.0304
  [supcon+sigreg] epoch 49/120  supcon=3.4281  sigreg=0.0318
  [supcon+sigreg] epoch 50/120  supcon=3.4086  sigreg=0.0300
  [supcon+sigreg] epoch 51/120  supcon=3.4107  sigreg=0.0362
  [supcon+sigreg] epoch 52/120  supcon=3.3853  sigreg=0.0393
  [supcon+sigreg] epoch 53/120  supcon=3.3705  sigreg=0.0380
  [supcon+sigreg] epoch 54/120  supcon=3.3482  sigreg=0.0338
  [supcon+sigreg] epoch 55/120  supcon=3.3239  sigreg=0.0348
  [supcon+sigreg] epoch 56/120  supcon=3.3106  sigreg=0.0346
  [supcon+sigreg] epoch 57/120  supcon=3.2994  sigreg=0.0297
  [supcon+sigreg] epoch 58/120  supcon=3.2829  sigreg=0.0312
  [supcon+sigreg] epoch 59/120  supcon=3.2618  sigreg=0.0315
  [supcon+sigreg] epoch 60/120  supcon=3.2572  sigreg=0.0323
  [supcon+sigreg] epoch 61/120  supcon=3.2385  sigreg=0.0370
  [supcon+sigreg] epoch 62/120  supcon=3.2347  sigreg=0.0316
  [supcon+sigreg] epoch 63/120  supcon=3.1874  sigreg=0.0303
  [supcon+sigreg] epoch 64/120  supcon=3.1751  sigreg=0.0283
  [supcon+sigreg] epoch 65/120  supcon=3.1804  sigreg=0.0276
  [supcon+sigreg] epoch 66/120  supcon=3.1716  sigreg=0.0305
  [supcon+sigreg] epoch 67/120  supcon=3.1497  sigreg=0.0306
  [supcon+sigreg] epoch 68/120  supcon=3.1160  sigreg=0.0303
  [supcon+sigreg] epoch 69/120  supcon=3.1182  sigreg=0.0299
  [supcon+sigreg] epoch 70/120  supcon=3.1058  sigreg=0.0286
  [supcon+sigreg] epoch 71/120  supcon=3.0854  sigreg=0.0257
  [supcon+sigreg] epoch 72/120  supcon=3.0911  sigreg=0.0280
  [supcon+sigreg] epoch 73/120  supcon=3.0890  sigreg=0.0288
  [supcon+sigreg] epoch 74/120  supcon=3.0671  sigreg=0.0282
  [supcon+sigreg] epoch 75/120  supcon=3.0436  sigreg=0.0272
  [supcon+sigreg] epoch 76/120  supcon=3.0447  sigreg=0.0257
  [supcon+sigreg] epoch 77/120  supcon=3.0427  sigreg=0.0284
  [supcon+sigreg] epoch 78/120  supcon=3.0226  sigreg=0.0301
  [supcon+sigreg] epoch 79/120  supcon=2.9966  sigreg=0.0271
  [supcon+sigreg] epoch 80/120  supcon=3.0012  sigreg=0.0270
  [supcon+sigreg] epoch 81/120  supcon=2.9924  sigreg=0.0245
  [supcon+sigreg] epoch 82/120  supcon=2.9714  sigreg=0.0252
  [supcon+sigreg] epoch 83/120  supcon=2.9653  sigreg=0.0250
  [supcon+sigreg] epoch 84/120  supcon=2.9481  sigreg=0.0242
  [supcon+sigreg] epoch 85/120  supcon=2.9533  sigreg=0.0261
  [supcon+sigreg] epoch 86/120  supcon=2.9227  sigreg=0.0234
  [supcon+sigreg] epoch 87/120  supcon=2.9247  sigreg=0.0253
  [supcon+sigreg] epoch 88/120  supcon=2.9270  sigreg=0.0307
  [supcon+sigreg] epoch 89/120  supcon=2.9313  sigreg=0.0299
  [supcon+sigreg] epoch 90/120  supcon=2.9146  sigreg=0.0292
  [supcon+sigreg] epoch 91/120  supcon=2.9010  sigreg=0.0272
  [supcon+sigreg] epoch 92/120  supcon=2.8855  sigreg=0.0272
  [supcon+sigreg] epoch 93/120  supcon=2.8765  sigreg=0.0261
  [supcon+sigreg] epoch 94/120  supcon=2.8747  sigreg=0.0252
  [supcon+sigreg] epoch 95/120  supcon=2.8564  sigreg=0.0255
  [supcon+sigreg] epoch 96/120  supcon=2.8580  sigreg=0.0270
  [supcon+sigreg] epoch 97/120  supcon=2.8561  sigreg=0.0252
  [supcon+sigreg] epoch 98/120  supcon=2.8347  sigreg=0.0235
  [supcon+sigreg] epoch 99/120  supcon=2.8379  sigreg=0.0240
  [supcon+sigreg] epoch 100/120  supcon=2.8114  sigreg=0.0246
  [supcon+sigreg] epoch 101/120  supcon=2.8214  sigreg=0.0241
  [supcon+sigreg] epoch 102/120  supcon=2.7955  sigreg=0.0263
  [supcon+sigreg] epoch 103/120  supcon=2.7823  sigreg=0.0230
  [supcon+sigreg] epoch 104/120  supcon=2.7877  sigreg=0.0246
  [supcon+sigreg] epoch 105/120  supcon=2.7611  sigreg=0.0252
  [supcon+sigreg] epoch 106/120  supcon=2.7671  sigreg=0.0238
  [supcon+sigreg] epoch 107/120  supcon=2.7558  sigreg=0.0240
  [supcon+sigreg] epoch 108/120  supcon=2.7428  sigreg=0.0226
  [supcon+sigreg] epoch 109/120  supcon=2.7426  sigreg=0.0225
  [supcon+sigreg] epoch 110/120  supcon=2.7427  sigreg=0.0240
  [supcon+sigreg] epoch 111/120  supcon=2.7195  sigreg=0.0213
  [supcon+sigreg] epoch 112/120  supcon=2.7251  sigreg=0.0223
  [supcon+sigreg] epoch 113/120  supcon=2.7229  sigreg=0.0242
  [supcon+sigreg] epoch 114/120  supcon=2.7156  sigreg=0.0248
  [supcon+sigreg] epoch 115/120  supcon=2.7210  sigreg=0.0237
  [supcon+sigreg] epoch 116/120  supcon=2.7010  sigreg=0.0224
  [supcon+sigreg] epoch 117/120  supcon=2.6883  sigreg=0.0217
  [supcon+sigreg] epoch 118/120  supcon=2.7062  sigreg=0.0226
  [supcon+sigreg] epoch 119/120  supcon=2.6802  sigreg=0.0223
  [supcon+sigreg] epoch 120/120  supcon=2.6723  sigreg=0.0245
  [simclr+sigreg] epoch 1/120  nt-xent=5.8526  sigreg=0.2978
  [simclr+sigreg] epoch 2/120  nt-xent=5.4771  sigreg=0.1012
  [simclr+sigreg] epoch 3/120  nt-xent=5.3846  sigreg=0.0701
  [simclr+sigreg] epoch 4/120  nt-xent=5.3456  sigreg=0.0576
  [simclr+sigreg] epoch 5/120  nt-xent=5.3157  sigreg=0.0508
  [simclr+sigreg] epoch 6/120  nt-xent=5.3067  sigreg=0.0478
  [simclr+sigreg] epoch 7/120  nt-xent=5.2867  sigreg=0.0425
  [simclr+sigreg] epoch 8/120  nt-xent=5.2756  sigreg=0.0414
  [simclr+sigreg] epoch 9/120  nt-xent=5.2647  sigreg=0.0369
  [simclr+sigreg] epoch 10/120  nt-xent=5.2602  sigreg=0.0361
  [simclr+sigreg] epoch 11/120  nt-xent=5.2606  sigreg=0.0387
  [simclr+sigreg] epoch 12/120  nt-xent=5.2539  sigreg=0.0400
  [simclr+sigreg] epoch 13/120  nt-xent=5.2450  sigreg=0.0373
  [simclr+sigreg] epoch 14/120  nt-xent=5.2412  sigreg=0.0349
  [simclr+sigreg] epoch 15/120  nt-xent=5.2352  sigreg=0.0307
  [simclr+sigreg] epoch 16/120  nt-xent=5.2326  sigreg=0.0296
  [simclr+sigreg] epoch 17/120  nt-xent=5.2306  sigreg=0.0341
  [simclr+sigreg] epoch 18/120  nt-xent=5.2282  sigreg=0.0323
  [simclr+sigreg] epoch 19/120  nt-xent=5.2200  sigreg=0.0282
  [simclr+sigreg] epoch 20/120  nt-xent=5.2139  sigreg=0.0259
  [simclr+sigreg] epoch 21/120  nt-xent=5.2125  sigreg=0.0277
  [simclr+sigreg] epoch 22/120  nt-xent=5.2095  sigreg=0.0266
  [simclr+sigreg] epoch 23/120  nt-xent=5.2098  sigreg=0.0279
  [simclr+sigreg] epoch 24/120  nt-xent=5.2030  sigreg=0.0259
  [simclr+sigreg] epoch 25/120  nt-xent=5.2031  sigreg=0.0266
  [simclr+sigreg] epoch 26/120  nt-xent=5.2007  sigreg=0.0274
  [simclr+sigreg] epoch 27/120  nt-xent=5.1977  sigreg=0.0247
  [simclr+sigreg] epoch 28/120  nt-xent=5.1930  sigreg=0.0224
  [simclr+sigreg] epoch 29/120  nt-xent=5.1954  sigreg=0.0238
  [simclr+sigreg] epoch 30/120  nt-xent=5.1974  sigreg=0.0266
  [simclr+sigreg] epoch 31/120  nt-xent=5.1927  sigreg=0.0259
  [simclr+sigreg] epoch 32/120  nt-xent=5.1936  sigreg=0.0249
  [simclr+sigreg] epoch 33/120  nt-xent=5.1914  sigreg=0.0247
  [simclr+sigreg] epoch 34/120  nt-xent=5.1870  sigreg=0.0224
  [simclr+sigreg] epoch 35/120  nt-xent=5.1822  sigreg=0.0210
  [simclr+sigreg] epoch 36/120  nt-xent=5.1806  sigreg=0.0203
  [simclr+sigreg] epoch 37/120  nt-xent=5.1801  sigreg=0.0210
  [simclr+sigreg] epoch 38/120  nt-xent=5.1787  sigreg=0.0208
  [simclr+sigreg] epoch 39/120  nt-xent=5.1759  sigreg=0.0220
  [simclr+sigreg] epoch 40/120  nt-xent=5.1774  sigreg=0.0215
  [simclr+sigreg] epoch 41/120  nt-xent=5.1706  sigreg=0.0184
  [simclr+sigreg] epoch 42/120  nt-xent=5.1695  sigreg=0.0192
  [simclr+sigreg] epoch 43/120  nt-xent=5.1705  sigreg=0.0199
  [simclr+sigreg] epoch 44/120  nt-xent=5.1674  sigreg=0.0217
  [simclr+sigreg] epoch 45/120  nt-xent=5.1677  sigreg=0.0209
  [simclr+sigreg] epoch 46/120  nt-xent=5.1662  sigreg=0.0200
  [simclr+sigreg] epoch 47/120  nt-xent=5.1648  sigreg=0.0192
  [simclr+sigreg] epoch 48/120  nt-xent=5.1656  sigreg=0.0202
  [simclr+sigreg] epoch 49/120  nt-xent=5.1648  sigreg=0.0199
  [simclr+sigreg] epoch 50/120  nt-xent=5.1661  sigreg=0.0207
  [simclr+sigreg] epoch 51/120  nt-xent=5.1615  sigreg=0.0177
  [simclr+sigreg] epoch 52/120  nt-xent=5.1608  sigreg=0.0177
  [simclr+sigreg] epoch 53/120  nt-xent=5.1596  sigreg=0.0183
  [simclr+sigreg] epoch 54/120  nt-xent=5.1577  sigreg=0.0174
  [simclr+sigreg] epoch 55/120  nt-xent=5.1583  sigreg=0.0180
  [simclr+sigreg] epoch 56/120  nt-xent=5.1573  sigreg=0.0180
  [simclr+sigreg] epoch 57/120  nt-xent=5.1570  sigreg=0.0187
  [simclr+sigreg] epoch 58/120  nt-xent=5.1549  sigreg=0.0175
  [simclr+sigreg] epoch 59/120  nt-xent=5.1540  sigreg=0.0182
  [simclr+sigreg] epoch 60/120  nt-xent=5.1532  sigreg=0.0167
  [simclr+sigreg] epoch 61/120  nt-xent=5.1533  sigreg=0.0175
  [simclr+sigreg] epoch 62/120  nt-xent=5.1516  sigreg=0.0163
  [simclr+sigreg] epoch 63/120  nt-xent=5.1532  sigreg=0.0177
  [simclr+sigreg] epoch 64/120  nt-xent=5.1564  sigreg=0.0211
  [simclr+sigreg] epoch 65/120  nt-xent=5.1530  sigreg=0.0197
  [simclr+sigreg] epoch 66/120  nt-xent=5.1527  sigreg=0.0197
  [simclr+sigreg] epoch 67/120  nt-xent=5.1485  sigreg=0.0163
  [simclr+sigreg] epoch 68/120  nt-xent=5.1440  sigreg=0.0157
  [simclr+sigreg] epoch 69/120  nt-xent=5.1422  sigreg=0.0150
  [simclr+sigreg] epoch 70/120  nt-xent=5.1438  sigreg=0.0166
  [simclr+sigreg] epoch 71/120  nt-xent=5.1417  sigreg=0.0148
  [simclr+sigreg] epoch 72/120  nt-xent=5.1448  sigreg=0.0157
  [simclr+sigreg] epoch 73/120  nt-xent=5.1434  sigreg=0.0156
  [simclr+sigreg] epoch 74/120  nt-xent=5.1426  sigreg=0.0160
  [simclr+sigreg] epoch 75/120  nt-xent=5.1445  sigreg=0.0167
  [simclr+sigreg] epoch 76/120  nt-xent=5.1415  sigreg=0.0153
  [simclr+sigreg] epoch 77/120  nt-xent=5.1393  sigreg=0.0157
  [simclr+sigreg] epoch 78/120  nt-xent=5.1391  sigreg=0.0159
  [simclr+sigreg] epoch 79/120  nt-xent=5.1386  sigreg=0.0162
  [simclr+sigreg] epoch 80/120  nt-xent=5.1365  sigreg=0.0145
  [simclr+sigreg] epoch 81/120  nt-xent=5.1367  sigreg=0.0147
  [simclr+sigreg] epoch 82/120  nt-xent=5.1342  sigreg=0.0157
  [simclr+sigreg] epoch 83/120  nt-xent=5.1366  sigreg=0.0156
  [simclr+sigreg] epoch 84/120  nt-xent=5.1384  sigreg=0.0165
  [simclr+sigreg] epoch 85/120  nt-xent=5.1357  sigreg=0.0165
  [simclr+sigreg] epoch 86/120  nt-xent=5.1353  sigreg=0.0153
  [simclr+sigreg] epoch 87/120  nt-xent=5.1337  sigreg=0.0143
  [simclr+sigreg] epoch 88/120  nt-xent=5.1343  sigreg=0.0163
  [simclr+sigreg] epoch 89/120  nt-xent=5.1328  sigreg=0.0154
  [simclr+sigreg] epoch 90/120  nt-xent=5.1298  sigreg=0.0146
  [simclr+sigreg] epoch 91/120  nt-xent=5.1298  sigreg=0.0142
  [simclr+sigreg] epoch 92/120  nt-xent=5.1322  sigreg=0.0146
  [simclr+sigreg] epoch 93/120  nt-xent=5.1319  sigreg=0.0157
  [simclr+sigreg] epoch 94/120  nt-xent=5.1311  sigreg=0.0153
  [simclr+sigreg] epoch 95/120  nt-xent=5.1297  sigreg=0.0158
  [simclr+sigreg] epoch 96/120  nt-xent=5.1261  sigreg=0.0141
  [simclr+sigreg] epoch 97/120  nt-xent=5.1267  sigreg=0.0139
  [simclr+sigreg] epoch 98/120  nt-xent=5.1262  sigreg=0.0152
  [simclr+sigreg] epoch 99/120  nt-xent=5.1276  sigreg=0.0147
  [simclr+sigreg] epoch 100/120  nt-xent=5.1271  sigreg=0.0147
  [simclr+sigreg] epoch 101/120  nt-xent=5.1270  sigreg=0.0151
  [simclr+sigreg] epoch 102/120  nt-xent=5.1248  sigreg=0.0141
  [simclr+sigreg] epoch 103/120  nt-xent=5.1262  sigreg=0.0152
  [simclr+sigreg] epoch 104/120  nt-xent=5.1244  sigreg=0.0142
  [simclr+sigreg] epoch 105/120  nt-xent=5.1235  sigreg=0.0136
  [simclr+sigreg] epoch 106/120  nt-xent=5.1240  sigreg=0.0147
  [simclr+sigreg] epoch 107/120  nt-xent=5.1277  sigreg=0.0152
  [simclr+sigreg] epoch 108/120  nt-xent=5.1258  sigreg=0.0160
  [simclr+sigreg] epoch 109/120  nt-xent=5.1250  sigreg=0.0160
  [simclr+sigreg] epoch 110/120  nt-xent=5.1245  sigreg=0.0153
  [simclr+sigreg] epoch 111/120  nt-xent=5.1225  sigreg=0.0136
  [simclr+sigreg] epoch 112/120  nt-xent=5.1214  sigreg=0.0135
  [simclr+sigreg] epoch 113/120  nt-xent=5.1193  sigreg=0.0136
  [simclr+sigreg] epoch 114/120  nt-xent=5.1207  sigreg=0.0136
  [simclr+sigreg] epoch 115/120  nt-xent=5.1181  sigreg=0.0127
  [simclr+sigreg] epoch 116/120  nt-xent=5.1190  sigreg=0.0136
  [simclr+sigreg] epoch 117/120  nt-xent=5.1223  sigreg=0.0144
  [simclr+sigreg] epoch 118/120  nt-xent=5.1224  sigreg=0.0154
  [simclr+sigreg] epoch 119/120  nt-xent=5.1188  sigreg=0.0133
  [simclr+sigreg] epoch 120/120  nt-xent=5.1195  sigreg=0.0141
  [cars/dino] raw probe (768d)           70.4
  [cars/dino] SupCon (aug)               65.3
  [cars/dino] ss[lam5]                   67.6
  [cars/dino] supcon+hybrid (concat)     61.3
  [cars/dino] ss+hybrid (concat)         65.4

######## cars on LeJEPA ViT-B/16 (community repro) ########
  extracted cars/lejepa train: (8144, 768)
  extracted cars/lejepa test: (8041, 768)
  cars/lejepa aug replica 1/8
  cars/lejepa aug replica 2/8
  cars/lejepa aug replica 3/8
  cars/lejepa aug replica 4/8
  cars/lejepa aug replica 5/8
  cars/lejepa aug replica 6/8
  cars/lejepa aug replica 7/8
  cars/lejepa aug replica 8/8
  [supcon] epoch 1/120  loss=5.9688
  [supcon] epoch 2/120  loss=5.5623
  [supcon] epoch 3/120  loss=5.3104
  [supcon] epoch 4/120  loss=5.1421
  [supcon] epoch 5/120  loss=5.0541
  [supcon] epoch 6/120  loss=4.9377
  [supcon] epoch 7/120  loss=4.8667
  [supcon] epoch 8/120  loss=4.8040
  [supcon] epoch 9/120  loss=4.7422
  [supcon] epoch 10/120  loss=4.6996
  [supcon] epoch 11/120  loss=4.6236
  [supcon] epoch 12/120  loss=4.6163
  [supcon] epoch 13/120  loss=4.5533
  [supcon] epoch 14/120  loss=4.5040
  [supcon] epoch 15/120  loss=4.4572
  [supcon] epoch 16/120  loss=4.4421
  [supcon] epoch 17/120  loss=4.4323
  [supcon] epoch 18/120  loss=4.3790
  [supcon] epoch 19/120  loss=4.3427
  [supcon] epoch 20/120  loss=4.3200
  [supcon] epoch 21/120  loss=4.2797
  [supcon] epoch 22/120  loss=4.2574
  [supcon] epoch 23/120  loss=4.2336
  [supcon] epoch 24/120  loss=4.2045
  [supcon] epoch 25/120  loss=4.1675
  [supcon] epoch 26/120  loss=4.1635
  [supcon] epoch 27/120  loss=4.1244
  [supcon] epoch 28/120  loss=4.1000
  [supcon] epoch 29/120  loss=4.0756
  [supcon] epoch 30/120  loss=4.0683
  [supcon] epoch 31/120  loss=4.0494
  [supcon] epoch 32/120  loss=4.0150
  [supcon] epoch 33/120  loss=3.9990
  [supcon] epoch 34/120  loss=3.9954
  [supcon] epoch 35/120  loss=3.9825
  [supcon] epoch 36/120  loss=3.9549
  [supcon] epoch 37/120  loss=3.9421
  [supcon] epoch 38/120  loss=3.9086
  [supcon] epoch 39/120  loss=3.8868
  [supcon] epoch 40/120  loss=3.8561
  [supcon] epoch 41/120  loss=3.8661
  [supcon] epoch 42/120  loss=3.8531
  [supcon] epoch 43/120  loss=3.8021
  [supcon] epoch 44/120  loss=3.8091
  [supcon] epoch 45/120  loss=3.7921
  [supcon] epoch 46/120  loss=3.7542
  [supcon] epoch 47/120  loss=3.7755
  [supcon] epoch 48/120  loss=3.7223
  [supcon] epoch 49/120  loss=3.7448
  [supcon] epoch 50/120  loss=3.7173
  [supcon] epoch 51/120  loss=3.7111
  [supcon] epoch 52/120  loss=3.6882
  [supcon] epoch 53/120  loss=3.6943
  [supcon] epoch 54/120  loss=3.6544
  [supcon] epoch 55/120  loss=3.6351
  [supcon] epoch 56/120  loss=3.6347
  [supcon] epoch 57/120  loss=3.6246
  [supcon] epoch 58/120  loss=3.6291
  [supcon] epoch 59/120  loss=3.5813
  [supcon] epoch 60/120  loss=3.5645
  [supcon] epoch 61/120  loss=3.5679
  [supcon] epoch 62/120  loss=3.5532
  [supcon] epoch 63/120  loss=3.5375
  [supcon] epoch 64/120  loss=3.5043
  [supcon] epoch 65/120  loss=3.5246
  [supcon] epoch 66/120  loss=3.5015
  [supcon] epoch 67/120  loss=3.4853
  [supcon] epoch 68/120  loss=3.4429
  [supcon] epoch 69/120  loss=3.4635
  [supcon] epoch 70/120  loss=3.4527
  [supcon] epoch 71/120  loss=3.4685
  [supcon] epoch 72/120  loss=3.4443
  [supcon] epoch 73/120  loss=3.4361
  [supcon] epoch 74/120  loss=3.3990
  [supcon] epoch 75/120  loss=3.4011
  [supcon] epoch 76/120  loss=3.3814
  [supcon] epoch 77/120  loss=3.3676
  [supcon] epoch 78/120  loss=3.3502
  [supcon] epoch 79/120  loss=3.3517
  [supcon] epoch 80/120  loss=3.3567
  [supcon] epoch 81/120  loss=3.3613
  [supcon] epoch 82/120  loss=3.3311
  [supcon] epoch 83/120  loss=3.3208
  [supcon] epoch 84/120  loss=3.3416
  [supcon] epoch 85/120  loss=3.2867
  [supcon] epoch 86/120  loss=3.2828
  [supcon] epoch 87/120  loss=3.2884
  [supcon] epoch 88/120  loss=3.2710
  [supcon] epoch 89/120  loss=3.2954
  [supcon] epoch 90/120  loss=3.2562
  [supcon] epoch 91/120  loss=3.2503
  [supcon] epoch 92/120  loss=3.2705
  [supcon] epoch 93/120  loss=3.2217
  [supcon] epoch 94/120  loss=3.2195
  [supcon] epoch 95/120  loss=3.1977
  [supcon] epoch 96/120  loss=3.2117
  [supcon] epoch 97/120  loss=3.2028
  [supcon] epoch 98/120  loss=3.1853
  [supcon] epoch 99/120  loss=3.1876
  [supcon] epoch 100/120  loss=3.1734
  [supcon] epoch 101/120  loss=3.1647
  [supcon] epoch 102/120  loss=3.1354
  [supcon] epoch 103/120  loss=3.1553
  [supcon] epoch 104/120  loss=3.1518
  [supcon] epoch 105/120  loss=3.1579
  [supcon] epoch 106/120  loss=3.1118
  [supcon] epoch 107/120  loss=3.1172
  [supcon] epoch 108/120  loss=3.1375
  [supcon] epoch 109/120  loss=3.1228
  [supcon] epoch 110/120  loss=3.0977
  [supcon] epoch 111/120  loss=3.0791
  [supcon] epoch 112/120  loss=3.0860
  [supcon] epoch 113/120  loss=3.0841
  [supcon] epoch 114/120  loss=3.0696
  [supcon] epoch 115/120  loss=3.0543
  [supcon] epoch 116/120  loss=3.0547
  [supcon] epoch 117/120  loss=3.0554
  [supcon] epoch 118/120  loss=3.0337
  [supcon] epoch 119/120  loss=3.0291
  [supcon] epoch 120/120  loss=3.0321
  [supcon+sigreg] epoch 1/120  supcon=5.9720  sigreg=0.7355
  [supcon+sigreg] epoch 2/120  supcon=6.0689  sigreg=0.3971
  [supcon+sigreg] epoch 3/120  supcon=6.1906  sigreg=0.2462
  [supcon+sigreg] epoch 4/120  supcon=6.1356  sigreg=0.2017
  [supcon+sigreg] epoch 5/120  supcon=5.9813  sigreg=0.1962
  [supcon+sigreg] epoch 6/120  supcon=6.0028  sigreg=0.1627
  [supcon+sigreg] epoch 7/120  supcon=5.9462  sigreg=0.1369
  [supcon+sigreg] epoch 8/120  supcon=5.9021  sigreg=0.1136
  [supcon+sigreg] epoch 9/120  supcon=5.7940  sigreg=0.1144
  [supcon+sigreg] epoch 10/120  supcon=5.7225  sigreg=0.1231
  [supcon+sigreg] epoch 11/120  supcon=5.6844  sigreg=0.1280
  [supcon+sigreg] epoch 12/120  supcon=5.6319  sigreg=0.1144
  [supcon+sigreg] epoch 13/120  supcon=5.5786  sigreg=0.1043
  [supcon+sigreg] epoch 14/120  supcon=5.5380  sigreg=0.0888
  [supcon+sigreg] epoch 15/120  supcon=5.4829  sigreg=0.0885
  [supcon+sigreg] epoch 16/120  supcon=5.4352  sigreg=0.0927
  [supcon+sigreg] epoch 17/120  supcon=5.3928  sigreg=0.0894
  [supcon+sigreg] epoch 18/120  supcon=5.3619  sigreg=0.0910
  [supcon+sigreg] epoch 19/120  supcon=5.3251  sigreg=0.0891
  [supcon+sigreg] epoch 20/120  supcon=5.3157  sigreg=0.0834
  [supcon+sigreg] epoch 21/120  supcon=5.2535  sigreg=0.0749
  [supcon+sigreg] epoch 22/120  supcon=5.2468  sigreg=0.0774
  [supcon+sigreg] epoch 23/120  supcon=5.2012  sigreg=0.0747
  [supcon+sigreg] epoch 24/120  supcon=5.2152  sigreg=0.0707
  [supcon+sigreg] epoch 25/120  supcon=5.1364  sigreg=0.0789
  [supcon+sigreg] epoch 26/120  supcon=5.1353  sigreg=0.0746
  [supcon+sigreg] epoch 27/120  supcon=5.1065  sigreg=0.0759
  [supcon+sigreg] epoch 28/120  supcon=5.0862  sigreg=0.0759
  [supcon+sigreg] epoch 29/120  supcon=5.0852  sigreg=0.0633
  [supcon+sigreg] epoch 30/120  supcon=5.0377  sigreg=0.0645
  [supcon+sigreg] epoch 31/120  supcon=5.0177  sigreg=0.0756
  [supcon+sigreg] epoch 32/120  supcon=5.0326  sigreg=0.0631
  [supcon+sigreg] epoch 33/120  supcon=4.9669  sigreg=0.0648
  [supcon+sigreg] epoch 34/120  supcon=4.9602  sigreg=0.0637
  [supcon+sigreg] epoch 35/120  supcon=4.9162  sigreg=0.0663
  [supcon+sigreg] epoch 36/120  supcon=4.9236  sigreg=0.0630
  [supcon+sigreg] epoch 37/120  supcon=4.9538  sigreg=0.0671
  [supcon+sigreg] epoch 38/120  supcon=4.9193  sigreg=0.0694
  [supcon+sigreg] epoch 39/120  supcon=4.9080  sigreg=0.0636
  [supcon+sigreg] epoch 40/120  supcon=4.8787  sigreg=0.0633
  [supcon+sigreg] epoch 41/120  supcon=4.8641  sigreg=0.0576
  [supcon+sigreg] epoch 42/120  supcon=4.8662  sigreg=0.0614
  [supcon+sigreg] epoch 43/120  supcon=4.8213  sigreg=0.0597
  [supcon+sigreg] epoch 44/120  supcon=4.8401  sigreg=0.0684
  [supcon+sigreg] epoch 45/120  supcon=4.7925  sigreg=0.0608
  [supcon+sigreg] epoch 46/120  supcon=4.7922  sigreg=0.0601
  [supcon+sigreg] epoch 47/120  supcon=4.7777  sigreg=0.0600
  [supcon+sigreg] epoch 48/120  supcon=4.7644  sigreg=0.0613
  [supcon+sigreg] epoch 49/120  supcon=4.7567  sigreg=0.0546
  [supcon+sigreg] epoch 50/120  supcon=4.7554  sigreg=0.0552
  [supcon+sigreg] epoch 51/120  supcon=4.7411  sigreg=0.0541
  [supcon+sigreg] epoch 52/120  supcon=4.7061  sigreg=0.0552
  [supcon+sigreg] epoch 53/120  supcon=4.6905  sigreg=0.0563
  [supcon+sigreg] epoch 54/120  supcon=4.7010  sigreg=0.0584
  [supcon+sigreg] epoch 55/120  supcon=4.7108  sigreg=0.0582
  [supcon+sigreg] epoch 56/120  supcon=4.6686  sigreg=0.0567
  [supcon+sigreg] epoch 57/120  supcon=4.6441  sigreg=0.0530
  [supcon+sigreg] epoch 58/120  supcon=4.6522  sigreg=0.0515
  [supcon+sigreg] epoch 59/120  supcon=4.6373  sigreg=0.0595
  [supcon+sigreg] epoch 60/120  supcon=4.6268  sigreg=0.0550
  [supcon+sigreg] epoch 61/120  supcon=4.6144  sigreg=0.0530
  [supcon+sigreg] epoch 62/120  supcon=4.6076  sigreg=0.0522
  [supcon+sigreg] epoch 63/120  supcon=4.5829  sigreg=0.0579
  [supcon+sigreg] epoch 64/120  supcon=4.5932  sigreg=0.0535
  [supcon+sigreg] epoch 65/120  supcon=4.5459  sigreg=0.0539
  [supcon+sigreg] epoch 66/120  supcon=4.5590  sigreg=0.0563
  [supcon+sigreg] epoch 67/120  supcon=4.5331  sigreg=0.0506
  [supcon+sigreg] epoch 68/120  supcon=4.5237  sigreg=0.0464
  [supcon+sigreg] epoch 69/120  supcon=4.5090  sigreg=0.0504
  [supcon+sigreg] epoch 70/120  supcon=4.4949  sigreg=0.0578
  [supcon+sigreg] epoch 71/120  supcon=4.5028  sigreg=0.0571
  [supcon+sigreg] epoch 72/120  supcon=4.5101  sigreg=0.0506
  [supcon+sigreg] epoch 73/120  supcon=4.5280  sigreg=0.0549
  [supcon+sigreg] epoch 74/120  supcon=4.5144  sigreg=0.0563
  [supcon+sigreg] epoch 75/120  supcon=4.4595  sigreg=0.0511
  [supcon+sigreg] epoch 76/120  supcon=4.4591  sigreg=0.0473
  [supcon+sigreg] epoch 77/120  supcon=4.4649  sigreg=0.0530
  [supcon+sigreg] epoch 78/120  supcon=4.4425  sigreg=0.0532
  [supcon+sigreg] epoch 79/120  supcon=4.4184  sigreg=0.0493
  [supcon+sigreg] epoch 80/120  supcon=4.4245  sigreg=0.0500
  [supcon+sigreg] epoch 81/120  supcon=4.4038  sigreg=0.0478
  [supcon+sigreg] epoch 82/120  supcon=4.4147  sigreg=0.0510
  [supcon+sigreg] epoch 83/120  supcon=4.3965  sigreg=0.0461
  [supcon+sigreg] epoch 84/120  supcon=4.3856  sigreg=0.0446
  [supcon+sigreg] epoch 85/120  supcon=4.3807  sigreg=0.0443
  [supcon+sigreg] epoch 86/120  supcon=4.3666  sigreg=0.0494
  [supcon+sigreg] epoch 87/120  supcon=4.3588  sigreg=0.0477
  [supcon+sigreg] epoch 88/120  supcon=4.3404  sigreg=0.0446
  [supcon+sigreg] epoch 89/120  supcon=4.3626  sigreg=0.0504
  [supcon+sigreg] epoch 90/120  supcon=4.3418  sigreg=0.0532
  [supcon+sigreg] epoch 91/120  supcon=4.3261  sigreg=0.0485
  [supcon+sigreg] epoch 92/120  supcon=4.3065  sigreg=0.0466
  [supcon+sigreg] epoch 93/120  supcon=4.3195  sigreg=0.0458
  [supcon+sigreg] epoch 94/120  supcon=4.3049  sigreg=0.0488
  [supcon+sigreg] epoch 95/120  supcon=4.3117  sigreg=0.0592
  [supcon+sigreg] epoch 96/120  supcon=4.2950  sigreg=0.0528
  [supcon+sigreg] epoch 97/120  supcon=4.2814  sigreg=0.0451
  [supcon+sigreg] epoch 98/120  supcon=4.2718  sigreg=0.0450
  [supcon+sigreg] epoch 99/120  supcon=4.2766  sigreg=0.0451
  [supcon+sigreg] epoch 100/120  supcon=4.2599  sigreg=0.0479
  [supcon+sigreg] epoch 101/120  supcon=4.2650  sigreg=0.0493
  [supcon+sigreg] epoch 102/120  supcon=4.2516  sigreg=0.0466
  [supcon+sigreg] epoch 103/120  supcon=4.2193  sigreg=0.0480
  [supcon+sigreg] epoch 104/120  supcon=4.2139  sigreg=0.0425
  [supcon+sigreg] epoch 105/120  supcon=4.2075  sigreg=0.0477
  [supcon+sigreg] epoch 106/120  supcon=4.2356  sigreg=0.0472
  [supcon+sigreg] epoch 107/120  supcon=4.1950  sigreg=0.0466
  [supcon+sigreg] epoch 108/120  supcon=4.1985  sigreg=0.0479
  [supcon+sigreg] epoch 109/120  supcon=4.2035  sigreg=0.0503
  [supcon+sigreg] epoch 110/120  supcon=4.1920  sigreg=0.0501
  [supcon+sigreg] epoch 111/120  supcon=4.1744  sigreg=0.0436
  [supcon+sigreg] epoch 112/120  supcon=4.1647  sigreg=0.0425
  [supcon+sigreg] epoch 113/120  supcon=4.1580  sigreg=0.0474
  [supcon+sigreg] epoch 114/120  supcon=4.1496  sigreg=0.0530
  [supcon+sigreg] epoch 115/120  supcon=4.1489  sigreg=0.0471
  [supcon+sigreg] epoch 116/120  supcon=4.1386  sigreg=0.0456
  [supcon+sigreg] epoch 117/120  supcon=4.1341  sigreg=0.0437
  [supcon+sigreg] epoch 118/120  supcon=4.1363  sigreg=0.0427
  [supcon+sigreg] epoch 119/120  supcon=4.1167  sigreg=0.0455
  [supcon+sigreg] epoch 120/120  supcon=4.1190  sigreg=0.0431
  [simclr+sigreg] epoch 1/120  nt-xent=5.6259  sigreg=0.6175
  [simclr+sigreg] epoch 2/120  nt-xent=5.4792  sigreg=0.1636
  [simclr+sigreg] epoch 3/120  nt-xent=5.3921  sigreg=0.1161
  [simclr+sigreg] epoch 4/120  nt-xent=5.3563  sigreg=0.0932
  [simclr+sigreg] epoch 5/120  nt-xent=5.3372  sigreg=0.0852
  [simclr+sigreg] epoch 6/120  nt-xent=5.3327  sigreg=0.0799
  [simclr+sigreg] epoch 7/120  nt-xent=5.3228  sigreg=0.0806
  [simclr+sigreg] epoch 8/120  nt-xent=5.3114  sigreg=0.0788
  [simclr+sigreg] epoch 9/120  nt-xent=5.2921  sigreg=0.0683
  [simclr+sigreg] epoch 10/120  nt-xent=5.2778  sigreg=0.0605
  [simclr+sigreg] epoch 11/120  nt-xent=5.2681  sigreg=0.0654
  [simclr+sigreg] epoch 12/120  nt-xent=5.2673  sigreg=0.0629
  [simclr+sigreg] epoch 13/120  nt-xent=5.2657  sigreg=0.0605
  [simclr+sigreg] epoch 14/120  nt-xent=5.2650  sigreg=0.0628
  [simclr+sigreg] epoch 15/120  nt-xent=5.2628  sigreg=0.0627
  [simclr+sigreg] epoch 16/120  nt-xent=5.2580  sigreg=0.0619
  [simclr+sigreg] epoch 17/120  nt-xent=5.2519  sigreg=0.0599
  [simclr+sigreg] epoch 18/120  nt-xent=5.2499  sigreg=0.0598
  [simclr+sigreg] epoch 19/120  nt-xent=5.2451  sigreg=0.0526
  [simclr+sigreg] epoch 20/120  nt-xent=5.2358  sigreg=0.0504
  [simclr+sigreg] epoch 21/120  nt-xent=5.2333  sigreg=0.0499
  [simclr+sigreg] epoch 22/120  nt-xent=5.2288  sigreg=0.0469
  [simclr+sigreg] epoch 23/120  nt-xent=5.2287  sigreg=0.0470
  [simclr+sigreg] epoch 24/120  nt-xent=5.2279  sigreg=0.0474
  [simclr+sigreg] epoch 25/120  nt-xent=5.2236  sigreg=0.0478
  [simclr+sigreg] epoch 26/120  nt-xent=5.2241  sigreg=0.0447
  [simclr+sigreg] epoch 27/120  nt-xent=5.2203  sigreg=0.0443
  [simclr+sigreg] epoch 28/120  nt-xent=5.2243  sigreg=0.0484
  [simclr+sigreg] epoch 29/120  nt-xent=5.2239  sigreg=0.0468
  [simclr+sigreg] epoch 30/120  nt-xent=5.2288  sigreg=0.0515
  [simclr+sigreg] epoch 31/120  nt-xent=5.2199  sigreg=0.0451
  [simclr+sigreg] epoch 32/120  nt-xent=5.2170  sigreg=0.0434
  [simclr+sigreg] epoch 33/120  nt-xent=5.2196  sigreg=0.0453
  [simclr+sigreg] epoch 34/120  nt-xent=5.2123  sigreg=0.0420
  [simclr+sigreg] epoch 35/120  nt-xent=5.2150  sigreg=0.0428
  [simclr+sigreg] epoch 36/120  nt-xent=5.2122  sigreg=0.0421
  [simclr+sigreg] epoch 37/120  nt-xent=5.2085  sigreg=0.0400
  [simclr+sigreg] epoch 38/120  nt-xent=5.2110  sigreg=0.0421
  [simclr+sigreg] epoch 39/120  nt-xent=5.2118  sigreg=0.0441
  [simclr+sigreg] epoch 40/120  nt-xent=5.2069  sigreg=0.0436
  [simclr+sigreg] epoch 41/120  nt-xent=5.2056  sigreg=0.0400
  [simclr+sigreg] epoch 42/120  nt-xent=5.2006  sigreg=0.0391
  [simclr+sigreg] epoch 43/120  nt-xent=5.1998  sigreg=0.0416
  [simclr+sigreg] epoch 44/120  nt-xent=5.1988  sigreg=0.0390
  [simclr+sigreg] epoch 45/120  nt-xent=5.1983  sigreg=0.0361
  [simclr+sigreg] epoch 46/120  nt-xent=5.1949  sigreg=0.0369
  [simclr+sigreg] epoch 47/120  nt-xent=5.1968  sigreg=0.0385
  [simclr+sigreg] epoch 48/120  nt-xent=5.1965  sigreg=0.0382
  [simclr+sigreg] epoch 49/120  nt-xent=5.1940  sigreg=0.0372
  [simclr+sigreg] epoch 50/120  nt-xent=5.1927  sigreg=0.0372
  [simclr+sigreg] epoch 51/120  nt-xent=5.1978  sigreg=0.0429
  [simclr+sigreg] epoch 52/120  nt-xent=5.1915  sigreg=0.0392
  [simclr+sigreg] epoch 53/120  nt-xent=5.1839  sigreg=0.0344
  [simclr+sigreg] epoch 54/120  nt-xent=5.1837  sigreg=0.0321
  [simclr+sigreg] epoch 55/120  nt-xent=5.1866  sigreg=0.0354
  [simclr+sigreg] epoch 56/120  nt-xent=5.1831  sigreg=0.0343
  [simclr+sigreg] epoch 57/120  nt-xent=5.1819  sigreg=0.0337
  [simclr+sigreg] epoch 58/120  nt-xent=5.1809  sigreg=0.0338
  [simclr+sigreg] epoch 59/120  nt-xent=5.1798  sigreg=0.0350
  [simclr+sigreg] epoch 60/120  nt-xent=5.1816  sigreg=0.0356
  [simclr+sigreg] epoch 61/120  nt-xent=5.1787  sigreg=0.0331
  [simclr+sigreg] epoch 62/120  nt-xent=5.1746  sigreg=0.0309
  [simclr+sigreg] epoch 63/120  nt-xent=5.1747  sigreg=0.0298
  [simclr+sigreg] epoch 64/120  nt-xent=5.1757  sigreg=0.0326
  [simclr+sigreg] epoch 65/120  nt-xent=5.1784  sigreg=0.0330
  [simclr+sigreg] epoch 66/120  nt-xent=5.1756  sigreg=0.0310
  [simclr+sigreg] epoch 67/120  nt-xent=5.1718  sigreg=0.0300
  [simclr+sigreg] epoch 68/120  nt-xent=5.1717  sigreg=0.0308
  [simclr+sigreg] epoch 69/120  nt-xent=5.1709  sigreg=0.0300
  [simclr+sigreg] epoch 70/120  nt-xent=5.1709  sigreg=0.0301
  [simclr+sigreg] epoch 71/120  nt-xent=5.1663  sigreg=0.0280
  [simclr+sigreg] epoch 72/120  nt-xent=5.1677  sigreg=0.0305
  [simclr+sigreg] epoch 73/120  nt-xent=5.1656  sigreg=0.0259
  [simclr+sigreg] epoch 74/120  nt-xent=5.1637  sigreg=0.0284
  [simclr+sigreg] epoch 75/120  nt-xent=5.1650  sigreg=0.0277
  [simclr+sigreg] epoch 76/120  nt-xent=5.1634  sigreg=0.0259
  [simclr+sigreg] epoch 77/120  nt-xent=5.1611  sigreg=0.0279
  [simclr+sigreg] epoch 78/120  nt-xent=5.1603  sigreg=0.0276
  [simclr+sigreg] epoch 79/120  nt-xent=5.1585  sigreg=0.0275
  [simclr+sigreg] epoch 80/120  nt-xent=5.1606  sigreg=0.0277
  [simclr+sigreg] epoch 81/120  nt-xent=5.1586  sigreg=0.0259
  [simclr+sigreg] epoch 82/120  nt-xent=5.1565  sigreg=0.0261
  [simclr+sigreg] epoch 83/120  nt-xent=5.1557  sigreg=0.0253
  [simclr+sigreg] epoch 84/120  nt-xent=5.1533  sigreg=0.0247
  [simclr+sigreg] epoch 85/120  nt-xent=5.1557  sigreg=0.0260
  [simclr+sigreg] epoch 86/120  nt-xent=5.1530  sigreg=0.0234
  [simclr+sigreg] epoch 87/120  nt-xent=5.1530  sigreg=0.0244
  [simclr+sigreg] epoch 88/120  nt-xent=5.1572  sigreg=0.0258
  [simclr+sigreg] epoch 89/120  nt-xent=5.1533  sigreg=0.0248
  [simclr+sigreg] epoch 90/120  nt-xent=5.1534  sigreg=0.0240
  [simclr+sigreg] epoch 91/120  nt-xent=5.1490  sigreg=0.0250
  [simclr+sigreg] epoch 92/120  nt-xent=5.1527  sigreg=0.0244
  [simclr+sigreg] epoch 93/120  nt-xent=5.1504  sigreg=0.0238
  [simclr+sigreg] epoch 94/120  nt-xent=5.1486  sigreg=0.0235
  [simclr+sigreg] epoch 95/120  nt-xent=5.1488  sigreg=0.0231
  [simclr+sigreg] epoch 96/120  nt-xent=5.1470  sigreg=0.0250
  [simclr+sigreg] epoch 97/120  nt-xent=5.1483  sigreg=0.0238
  [simclr+sigreg] epoch 98/120  nt-xent=5.1450  sigreg=0.0219
  [simclr+sigreg] epoch 99/120  nt-xent=5.1454  sigreg=0.0223
  [simclr+sigreg] epoch 100/120  nt-xent=5.1457  sigreg=0.0229
  [simclr+sigreg] epoch 101/120  nt-xent=5.1436  sigreg=0.0223
  [simclr+sigreg] epoch 102/120  nt-xent=5.1427  sigreg=0.0232
  [simclr+sigreg] epoch 103/120  nt-xent=5.1448  sigreg=0.0237
  [simclr+sigreg] epoch 104/120  nt-xent=5.1436  sigreg=0.0230
  [simclr+sigreg] epoch 105/120  nt-xent=5.1407  sigreg=0.0227
  [simclr+sigreg] epoch 106/120  nt-xent=5.1399  sigreg=0.0221
  [simclr+sigreg] epoch 107/120  nt-xent=5.1433  sigreg=0.0225
  [simclr+sigreg] epoch 108/120  nt-xent=5.1424  sigreg=0.0228
  [simclr+sigreg] epoch 109/120  nt-xent=5.1392  sigreg=0.0227
  [simclr+sigreg] epoch 110/120  nt-xent=5.1389  sigreg=0.0208
  [simclr+sigreg] epoch 111/120  nt-xent=5.1398  sigreg=0.0219
  [simclr+sigreg] epoch 112/120  nt-xent=5.1416  sigreg=0.0233
  [simclr+sigreg] epoch 113/120  nt-xent=5.1398  sigreg=0.0230
  [simclr+sigreg] epoch 114/120  nt-xent=5.1407  sigreg=0.0227
  [simclr+sigreg] epoch 115/120  nt-xent=5.1365  sigreg=0.0216
  [simclr+sigreg] epoch 116/120  nt-xent=5.1419  sigreg=0.0245
  [simclr+sigreg] epoch 117/120  nt-xent=5.1388  sigreg=0.0228
  [simclr+sigreg] epoch 118/120  nt-xent=5.1409  sigreg=0.0225
  [simclr+sigreg] epoch 119/120  nt-xent=5.1361  sigreg=0.0216
  [simclr+sigreg] epoch 120/120  nt-xent=5.1336  sigreg=0.0197
  [cars/lejepa] raw probe (768d)           40.8
  [cars/lejepa] SupCon (aug)               45.3
  [cars/lejepa] ss[lam5]                   44.1
  [cars/lejepa] supcon+hybrid (concat)     27.4
  [cars/lejepa] ss+hybrid (concat)         41.9

######## cars on VISReg ViT-B/16 (paper's weights) ########
  extracted cars/visreg train: (8144, 768)
  extracted cars/visreg test: (8041, 768)
  cars/visreg aug replica 1/8
  cars/visreg aug replica 2/8
  cars/visreg aug replica 3/8
  cars/visreg aug replica 4/8
  cars/visreg aug replica 5/8
  cars/visreg aug replica 6/8
  cars/visreg aug replica 7/8
  cars/visreg aug replica 8/8
  [supcon] epoch 1/120  loss=6.0788
  [supcon] epoch 2/120  loss=5.6244
  [supcon] epoch 3/120  loss=5.3865
  [supcon] epoch 4/120  loss=5.2297
  [supcon] epoch 5/120  loss=5.1213
  [supcon] epoch 6/120  loss=5.0039
  [supcon] epoch 7/120  loss=4.9203
  [supcon] epoch 8/120  loss=4.8543
  [supcon] epoch 9/120  loss=4.7956
  [supcon] epoch 10/120  loss=4.7802
  [supcon] epoch 11/120  loss=4.7071
  [supcon] epoch 12/120  loss=4.6707
  [supcon] epoch 13/120  loss=4.6127
  [supcon] epoch 14/120  loss=4.5814
  [supcon] epoch 15/120  loss=4.5401
  [supcon] epoch 16/120  loss=4.5145
  [supcon] epoch 17/120  loss=4.5035
  [supcon] epoch 18/120  loss=4.4523
  [supcon] epoch 19/120  loss=4.4187
  [supcon] epoch 20/120  loss=4.3997
  [supcon] epoch 21/120  loss=4.3920
  [supcon] epoch 22/120  loss=4.3779
  [supcon] epoch 23/120  loss=4.3201
  [supcon] epoch 24/120  loss=4.3208
  [supcon] epoch 25/120  loss=4.2823
  [supcon] epoch 26/120  loss=4.2657
  [supcon] epoch 27/120  loss=4.2376
  [supcon] epoch 28/120  loss=4.2182
  [supcon] epoch 29/120  loss=4.1905
  [supcon] epoch 30/120  loss=4.2139
  [supcon] epoch 31/120  loss=4.1895
  [supcon] epoch 32/120  loss=4.1540
  [supcon] epoch 33/120  loss=4.1121
  [supcon] epoch 34/120  loss=4.1229
  [supcon] epoch 35/120  loss=4.1072
  [supcon] epoch 36/120  loss=4.1117
  [supcon] epoch 37/120  loss=4.0731
  [supcon] epoch 38/120  loss=4.0758
  [supcon] epoch 39/120  loss=4.0511
  [supcon] epoch 40/120  loss=4.0154
  [supcon] epoch 41/120  loss=3.9975
  [supcon] epoch 42/120  loss=3.9973
  [supcon] epoch 43/120  loss=3.9782
  [supcon] epoch 44/120  loss=3.9724
  [supcon] epoch 45/120  loss=3.9530
  [supcon] epoch 46/120  loss=3.9561
  [supcon] epoch 47/120  loss=3.9676
  [supcon] epoch 48/120  loss=3.9430
  [supcon] epoch 49/120  loss=3.9435
  [supcon] epoch 50/120  loss=3.9110
  [supcon] epoch 51/120  loss=3.8936
  [supcon] epoch 52/120  loss=3.8777
  [supcon] epoch 53/120  loss=3.8804
  [supcon] epoch 54/120  loss=3.8654
  [supcon] epoch 55/120  loss=3.8455
  [supcon] epoch 56/120  loss=3.8504
  [supcon] epoch 57/120  loss=3.8407
  [supcon] epoch 58/120  loss=3.8171
  [supcon] epoch 59/120  loss=3.8163
  [supcon] epoch 60/120  loss=3.8041
  [supcon] epoch 61/120  loss=3.7920
  [supcon] epoch 62/120  loss=3.7923
  [supcon] epoch 63/120  loss=3.7773
  [supcon] epoch 64/120  loss=3.7603
  [supcon] epoch 65/120  loss=3.7597
  [supcon] epoch 66/120  loss=3.7402
  [supcon] epoch 67/120  loss=3.7502
  [supcon] epoch 68/120  loss=3.7396
  [supcon] epoch 69/120  loss=3.7178
  [supcon] epoch 70/120  loss=3.6948
  [supcon] epoch 71/120  loss=3.7125
  [supcon] epoch 72/120  loss=3.6894
  [supcon] epoch 73/120  loss=3.6674
  [supcon] epoch 74/120  loss=3.6594
  [supcon] epoch 75/120  loss=3.6705
  [supcon] epoch 76/120  loss=3.6604
  [supcon] epoch 77/120  loss=3.6673
  [supcon] epoch 78/120  loss=3.6197
  [supcon] epoch 79/120  loss=3.6431
  [supcon] epoch 80/120  loss=3.6337
  [supcon] epoch 81/120  loss=3.6411
  [supcon] epoch 82/120  loss=3.6089
  [supcon] epoch 83/120  loss=3.6042
  [supcon] epoch 84/120  loss=3.5943
  [supcon] epoch 85/120  loss=3.5875
  [supcon] epoch 86/120  loss=3.5528
  [supcon] epoch 87/120  loss=3.5765
  [supcon] epoch 88/120  loss=3.5585
  [supcon] epoch 89/120  loss=3.6054
  [supcon] epoch 90/120  loss=3.5799
  [supcon] epoch 91/120  loss=3.4991
  [supcon] epoch 92/120  loss=3.5460
  [supcon] epoch 93/120  loss=3.5365
  [supcon] epoch 94/120  loss=3.5360
  [supcon] epoch 95/120  loss=3.5228
  [supcon] epoch 96/120  loss=3.5096
  [supcon] epoch 97/120  loss=3.4973
  [supcon] epoch 98/120  loss=3.4996
  [supcon] epoch 99/120  loss=3.5077
  [supcon] epoch 100/120  loss=3.4726
  [supcon] epoch 101/120  loss=3.4807
  [supcon] epoch 102/120  loss=3.4642
  [supcon] epoch 103/120  loss=3.4551
  [supcon] epoch 104/120  loss=3.4578
  [supcon] epoch 105/120  loss=3.4520
  [supcon] epoch 106/120  loss=3.4503
  [supcon] epoch 107/120  loss=3.4533
  [supcon] epoch 108/120  loss=3.4330
  [supcon] epoch 109/120  loss=3.4189
  [supcon] epoch 110/120  loss=3.4388
  [supcon] epoch 111/120  loss=3.4160
  [supcon] epoch 112/120  loss=3.4217
  [supcon] epoch 113/120  loss=3.4216
  [supcon] epoch 114/120  loss=3.3973
  [supcon] epoch 115/120  loss=3.4021
  [supcon] epoch 116/120  loss=3.4077
  [supcon] epoch 117/120  loss=3.4197
  [supcon] epoch 118/120  loss=3.3904
  [supcon] epoch 119/120  loss=3.3558
  [supcon] epoch 120/120  loss=3.3711
  [supcon+sigreg] epoch 1/120  supcon=6.4547  sigreg=0.4868
  [supcon+sigreg] epoch 2/120  supcon=6.3586  sigreg=0.2974
  [supcon+sigreg] epoch 3/120  supcon=6.2225  sigreg=0.2453
  [supcon+sigreg] epoch 4/120  supcon=6.1813  sigreg=0.1921
  [supcon+sigreg] epoch 5/120  supcon=6.1180  sigreg=0.1619
  [supcon+sigreg] epoch 6/120  supcon=6.0388  sigreg=0.1503
  [supcon+sigreg] epoch 7/120  supcon=5.9193  sigreg=0.1394
  [supcon+sigreg] epoch 8/120  supcon=5.7362  sigreg=0.1414
  [supcon+sigreg] epoch 9/120  supcon=5.6627  sigreg=0.1310
  [supcon+sigreg] epoch 10/120  supcon=5.6241  sigreg=0.1174
  [supcon+sigreg] epoch 11/120  supcon=5.5175  sigreg=0.1387
  [supcon+sigreg] epoch 12/120  supcon=5.4780  sigreg=0.1277
  [supcon+sigreg] epoch 13/120  supcon=5.4155  sigreg=0.1150
  [supcon+sigreg] epoch 14/120  supcon=5.4055  sigreg=0.1137
  [supcon+sigreg] epoch 15/120  supcon=5.3304  sigreg=0.1029
  [supcon+sigreg] epoch 16/120  supcon=5.3074  sigreg=0.0916
  [supcon+sigreg] epoch 17/120  supcon=5.2664  sigreg=0.0944
  [supcon+sigreg] epoch 18/120  supcon=5.2117  sigreg=0.0933
  [supcon+sigreg] epoch 19/120  supcon=5.1795  sigreg=0.0918
  [supcon+sigreg] epoch 20/120  supcon=5.1831  sigreg=0.0888
  [supcon+sigreg] epoch 21/120  supcon=5.0960  sigreg=0.0901
  [supcon+sigreg] epoch 22/120  supcon=5.1156  sigreg=0.0778
  [supcon+sigreg] epoch 23/120  supcon=5.0561  sigreg=0.0788
  [supcon+sigreg] epoch 24/120  supcon=5.0729  sigreg=0.0745
  [supcon+sigreg] epoch 25/120  supcon=4.9880  sigreg=0.0789
  [supcon+sigreg] epoch 26/120  supcon=5.0066  sigreg=0.0796
  [supcon+sigreg] epoch 27/120  supcon=4.9865  sigreg=0.0878
  [supcon+sigreg] epoch 28/120  supcon=4.9570  sigreg=0.0814
  [supcon+sigreg] epoch 29/120  supcon=4.9291  sigreg=0.0757
  [supcon+sigreg] epoch 30/120  supcon=4.8924  sigreg=0.0751
  [supcon+sigreg] epoch 31/120  supcon=4.8635  sigreg=0.0765
  [supcon+sigreg] epoch 32/120  supcon=4.9053  sigreg=0.0759
  [supcon+sigreg] epoch 33/120  supcon=4.8554  sigreg=0.0791
  [supcon+sigreg] epoch 34/120  supcon=4.8378  sigreg=0.0692
  [supcon+sigreg] epoch 35/120  supcon=4.7931  sigreg=0.0716
  [supcon+sigreg] epoch 36/120  supcon=4.8069  sigreg=0.0686
  [supcon+sigreg] epoch 37/120  supcon=4.8275  sigreg=0.0692
  [supcon+sigreg] epoch 38/120  supcon=4.7874  sigreg=0.0781
  [supcon+sigreg] epoch 39/120  supcon=4.7663  sigreg=0.0697
  [supcon+sigreg] epoch 40/120  supcon=4.7564  sigreg=0.0631
  [supcon+sigreg] epoch 41/120  supcon=4.7320  sigreg=0.0654
  [supcon+sigreg] epoch 42/120  supcon=4.7198  sigreg=0.0622
  [supcon+sigreg] epoch 43/120  supcon=4.6823  sigreg=0.0620
  [supcon+sigreg] epoch 44/120  supcon=4.7078  sigreg=0.0787
  [supcon+sigreg] epoch 45/120  supcon=4.6745  sigreg=0.0732
  [supcon+sigreg] epoch 46/120  supcon=4.6662  sigreg=0.0711
  [supcon+sigreg] epoch 47/120  supcon=4.6331  sigreg=0.0715
  [supcon+sigreg] epoch 48/120  supcon=4.6575  sigreg=0.0678
  [supcon+sigreg] epoch 49/120  supcon=4.6458  sigreg=0.0675
  [supcon+sigreg] epoch 50/120  supcon=4.6459  sigreg=0.0772
  [supcon+sigreg] epoch 51/120  supcon=4.6197  sigreg=0.0699
  [supcon+sigreg] epoch 52/120  supcon=4.5902  sigreg=0.0614
  [supcon+sigreg] epoch 53/120  supcon=4.5833  sigreg=0.0580
  [supcon+sigreg] epoch 54/120  supcon=4.5948  sigreg=0.0764
  [supcon+sigreg] epoch 55/120  supcon=4.6163  sigreg=0.0871
  [supcon+sigreg] epoch 56/120  supcon=4.5702  sigreg=0.0732
  [supcon+sigreg] epoch 57/120  supcon=4.5430  sigreg=0.0673
  [supcon+sigreg] epoch 58/120  supcon=4.5620  sigreg=0.0726
  [supcon+sigreg] epoch 59/120  supcon=4.5473  sigreg=0.0742
  [supcon+sigreg] epoch 60/120  supcon=4.5252  sigreg=0.0634
  [supcon+sigreg] epoch 61/120  supcon=4.5065  sigreg=0.0535
  [supcon+sigreg] epoch 62/120  supcon=4.5235  sigreg=0.0574
  [supcon+sigreg] epoch 63/120  supcon=4.4707  sigreg=0.0592
  [supcon+sigreg] epoch 64/120  supcon=4.4776  sigreg=0.0610
  [supcon+sigreg] epoch 65/120  supcon=4.4650  sigreg=0.0615
  [supcon+sigreg] epoch 66/120  supcon=4.4548  sigreg=0.0551
  [supcon+sigreg] epoch 67/120  supcon=4.4296  sigreg=0.0562
  [supcon+sigreg] epoch 68/120  supcon=4.4221  sigreg=0.0562
  [supcon+sigreg] epoch 69/120  supcon=4.4186  sigreg=0.0602
  [supcon+sigreg] epoch 70/120  supcon=4.4111  sigreg=0.0613
  [supcon+sigreg] epoch 71/120  supcon=4.4077  sigreg=0.0599
  [supcon+sigreg] epoch 72/120  supcon=4.4049  sigreg=0.0592
  [supcon+sigreg] epoch 73/120  supcon=4.4327  sigreg=0.0560
  [supcon+sigreg] epoch 74/120  supcon=4.3926  sigreg=0.0555
  [supcon+sigreg] epoch 75/120  supcon=4.3786  sigreg=0.0515
  [supcon+sigreg] epoch 76/120  supcon=4.3687  sigreg=0.0568
  [supcon+sigreg] epoch 77/120  supcon=4.3372  sigreg=0.0521
  [supcon+sigreg] epoch 78/120  supcon=4.3341  sigreg=0.0500
  [supcon+sigreg] epoch 79/120  supcon=4.3040  sigreg=0.0523
  [supcon+sigreg] epoch 80/120  supcon=4.3280  sigreg=0.0529
  [supcon+sigreg] epoch 81/120  supcon=4.2987  sigreg=0.0565
  [supcon+sigreg] epoch 82/120  supcon=4.3017  sigreg=0.0579
  [supcon+sigreg] epoch 83/120  supcon=4.2981  sigreg=0.0543
  [supcon+sigreg] epoch 84/120  supcon=4.2795  sigreg=0.0487
  [supcon+sigreg] epoch 85/120  supcon=4.2898  sigreg=0.0501
  [supcon+sigreg] epoch 86/120  supcon=4.2489  sigreg=0.0496
  [supcon+sigreg] epoch 87/120  supcon=4.2578  sigreg=0.0516
  [supcon+sigreg] epoch 88/120  supcon=4.2456  sigreg=0.0487
  [supcon+sigreg] epoch 89/120  supcon=4.2743  sigreg=0.0701
  [supcon+sigreg] epoch 90/120  supcon=4.2642  sigreg=0.0704
  [supcon+sigreg] epoch 91/120  supcon=4.2555  sigreg=0.0582
  [supcon+sigreg] epoch 92/120  supcon=4.2309  sigreg=0.0607
  [supcon+sigreg] epoch 93/120  supcon=4.2101  sigreg=0.0489
  [supcon+sigreg] epoch 94/120  supcon=4.1920  sigreg=0.0472
  [supcon+sigreg] epoch 95/120  supcon=4.1819  sigreg=0.0486
  [supcon+sigreg] epoch 96/120  supcon=4.2110  sigreg=0.0574
  [supcon+sigreg] epoch 97/120  supcon=4.2141  sigreg=0.0597
  [supcon+sigreg] epoch 98/120  supcon=4.1729  sigreg=0.0566
  [supcon+sigreg] epoch 99/120  supcon=4.1785  sigreg=0.0503
  [supcon+sigreg] epoch 100/120  supcon=4.1763  sigreg=0.0530
  [supcon+sigreg] epoch 101/120  supcon=4.1625  sigreg=0.0469
  [supcon+sigreg] epoch 102/120  supcon=4.1664  sigreg=0.0489
  [supcon+sigreg] epoch 103/120  supcon=4.1208  sigreg=0.0516
  [supcon+sigreg] epoch 104/120  supcon=4.1159  sigreg=0.0435
  [supcon+sigreg] epoch 105/120  supcon=4.1128  sigreg=0.0522
  [supcon+sigreg] epoch 106/120  supcon=4.1522  sigreg=0.0570
  [supcon+sigreg] epoch 107/120  supcon=4.0954  sigreg=0.0564
  [supcon+sigreg] epoch 108/120  supcon=4.1125  sigreg=0.0619
  [supcon+sigreg] epoch 109/120  supcon=4.1071  sigreg=0.0572
  [supcon+sigreg] epoch 110/120  supcon=4.0864  sigreg=0.0522
  [supcon+sigreg] epoch 111/120  supcon=4.0698  sigreg=0.0485
  [supcon+sigreg] epoch 112/120  supcon=4.0851  sigreg=0.0544
  [supcon+sigreg] epoch 113/120  supcon=4.0628  sigreg=0.0558
  [supcon+sigreg] epoch 114/120  supcon=4.0458  sigreg=0.0493
  [supcon+sigreg] epoch 115/120  supcon=4.0471  sigreg=0.0453
  [supcon+sigreg] epoch 116/120  supcon=4.0333  sigreg=0.0509
  [supcon+sigreg] epoch 117/120  supcon=4.0404  sigreg=0.0481
  [supcon+sigreg] epoch 118/120  supcon=4.0526  sigreg=0.0493
  [supcon+sigreg] epoch 119/120  supcon=4.0148  sigreg=0.0485
  [supcon+sigreg] epoch 120/120  supcon=4.0035  sigreg=0.0466
  [simclr+sigreg] epoch 1/120  nt-xent=5.6665  sigreg=0.3315
  [simclr+sigreg] epoch 2/120  nt-xent=5.3942  sigreg=0.1194
  [simclr+sigreg] epoch 3/120  nt-xent=5.3354  sigreg=0.0928
  [simclr+sigreg] epoch 4/120  nt-xent=5.3107  sigreg=0.0842
  [simclr+sigreg] epoch 5/120  nt-xent=5.2861  sigreg=0.0731
  [simclr+sigreg] epoch 6/120  nt-xent=5.2846  sigreg=0.0771
  [simclr+sigreg] epoch 7/120  nt-xent=5.2772  sigreg=0.0752
  [simclr+sigreg] epoch 8/120  nt-xent=5.2567  sigreg=0.0652
  [simclr+sigreg] epoch 9/120  nt-xent=5.2448  sigreg=0.0576
  [simclr+sigreg] epoch 10/120  nt-xent=5.2368  sigreg=0.0578
  [simclr+sigreg] epoch 11/120  nt-xent=5.2312  sigreg=0.0546
  [simclr+sigreg] epoch 12/120  nt-xent=5.2351  sigreg=0.0598
  [simclr+sigreg] epoch 13/120  nt-xent=5.2388  sigreg=0.0596
  [simclr+sigreg] epoch 14/120  nt-xent=5.2360  sigreg=0.0575
  [simclr+sigreg] epoch 15/120  nt-xent=5.2324  sigreg=0.0587
  [simclr+sigreg] epoch 16/120  nt-xent=5.2294  sigreg=0.0554
  [simclr+sigreg] epoch 17/120  nt-xent=5.2288  sigreg=0.0575
  [simclr+sigreg] epoch 18/120  nt-xent=5.2237  sigreg=0.0518
  [simclr+sigreg] epoch 19/120  nt-xent=5.2158  sigreg=0.0460
  [simclr+sigreg] epoch 20/120  nt-xent=5.2131  sigreg=0.0469
  [simclr+sigreg] epoch 21/120  nt-xent=5.2136  sigreg=0.0500
  [simclr+sigreg] epoch 22/120  nt-xent=5.2066  sigreg=0.0446
  [simclr+sigreg] epoch 23/120  nt-xent=5.2061  sigreg=0.0454
  [simclr+sigreg] epoch 24/120  nt-xent=5.2063  sigreg=0.0476
  [simclr+sigreg] epoch 25/120  nt-xent=5.2036  sigreg=0.0447
  [simclr+sigreg] epoch 26/120  nt-xent=5.2042  sigreg=0.0458
  [simclr+sigreg] epoch 27/120  nt-xent=5.1947  sigreg=0.0441
  [simclr+sigreg] epoch 28/120  nt-xent=5.1920  sigreg=0.0411
  [simclr+sigreg] epoch 29/120  nt-xent=5.1882  sigreg=0.0388
  [simclr+sigreg] epoch 30/120  nt-xent=5.1872  sigreg=0.0376
  [simclr+sigreg] epoch 31/120  nt-xent=5.1866  sigreg=0.0390
  [simclr+sigreg] epoch 32/120  nt-xent=5.1836  sigreg=0.0374
  [simclr+sigreg] epoch 33/120  nt-xent=5.1816  sigreg=0.0374
  [simclr+sigreg] epoch 34/120  nt-xent=5.1822  sigreg=0.0407
  [simclr+sigreg] epoch 35/120  nt-xent=5.1835  sigreg=0.0407
  [simclr+sigreg] epoch 36/120  nt-xent=5.1763  sigreg=0.0363
  [simclr+sigreg] epoch 37/120  nt-xent=5.1726  sigreg=0.0341
  [simclr+sigreg] epoch 38/120  nt-xent=5.1718  sigreg=0.0344
  [simclr+sigreg] epoch 39/120  nt-xent=5.1696  sigreg=0.0372
  [simclr+sigreg] epoch 40/120  nt-xent=5.1695  sigreg=0.0349
  [simclr+sigreg] epoch 41/120  nt-xent=5.1651  sigreg=0.0338
  [simclr+sigreg] epoch 42/120  nt-xent=5.1605  sigreg=0.0293
  [simclr+sigreg] epoch 43/120  nt-xent=5.1588  sigreg=0.0309
  [simclr+sigreg] epoch 44/120  nt-xent=5.1610  sigreg=0.0334
  [simclr+sigreg] epoch 45/120  nt-xent=5.1624  sigreg=0.0317
  [simclr+sigreg] epoch 46/120  nt-xent=5.1608  sigreg=0.0334
  [simclr+sigreg] epoch 47/120  nt-xent=5.1630  sigreg=0.0356
  [simclr+sigreg] epoch 48/120  nt-xent=5.1627  sigreg=0.0344
  [simclr+sigreg] epoch 49/120  nt-xent=5.1560  sigreg=0.0310
  [simclr+sigreg] epoch 50/120  nt-xent=5.1507  sigreg=0.0297
  [simclr+sigreg] epoch 51/120  nt-xent=5.1509  sigreg=0.0274
  [simclr+sigreg] epoch 52/120  nt-xent=5.1504  sigreg=0.0285
  [simclr+sigreg] epoch 53/120  nt-xent=5.1489  sigreg=0.0279
  [simclr+sigreg] epoch 54/120  nt-xent=5.1468  sigreg=0.0294
  [simclr+sigreg] epoch 55/120  nt-xent=5.1473  sigreg=0.0266
  [simclr+sigreg] epoch 56/120  nt-xent=5.1431  sigreg=0.0271
  [simclr+sigreg] epoch 57/120  nt-xent=5.1408  sigreg=0.0259
  [simclr+sigreg] epoch 58/120  nt-xent=5.1407  sigreg=0.0258
  [simclr+sigreg] epoch 59/120  nt-xent=5.1407  sigreg=0.0251
  [simclr+sigreg] epoch 60/120  nt-xent=5.1411  sigreg=0.0257
  [simclr+sigreg] epoch 61/120  nt-xent=5.1406  sigreg=0.0268
  [simclr+sigreg] epoch 62/120  nt-xent=5.1391  sigreg=0.0256
  [simclr+sigreg] epoch 63/120  nt-xent=5.1389  sigreg=0.0269
  [simclr+sigreg] epoch 64/120  nt-xent=5.1407  sigreg=0.0278
  [simclr+sigreg] epoch 65/120  nt-xent=5.1388  sigreg=0.0280
  [simclr+sigreg] epoch 66/120  nt-xent=5.1362  sigreg=0.0271
  [simclr+sigreg] epoch 67/120  nt-xent=5.1375  sigreg=0.0265
  [simclr+sigreg] epoch 68/120  nt-xent=5.1338  sigreg=0.0257
  [simclr+sigreg] epoch 69/120  nt-xent=5.1322  sigreg=0.0241
  [simclr+sigreg] epoch 70/120  nt-xent=5.1332  sigreg=0.0248
  [simclr+sigreg] epoch 71/120  nt-xent=5.1279  sigreg=0.0230
  [simclr+sigreg] epoch 72/120  nt-xent=5.1278  sigreg=0.0223
Using cache found in /home/pharris/.cache/torch/hub/facebookresearch_dino_main
  [simclr+sigreg] epoch 73/120  nt-xent=5.1290  sigreg=0.0215
  [simclr+sigreg] epoch 74/120  nt-xent=5.1263  sigreg=0.0227
  [simclr+sigreg] epoch 75/120  nt-xent=5.1287  sigreg=0.0237
  [simclr+sigreg] epoch 76/120  nt-xent=5.1249  sigreg=0.0219
  [simclr+sigreg] epoch 77/120  nt-xent=5.1230  sigreg=0.0206
  [simclr+sigreg] epoch 78/120  nt-xent=5.1223  sigreg=0.0214
  [simclr+sigreg] epoch 79/120  nt-xent=5.1225  sigreg=0.0216
  [simclr+sigreg] epoch 80/120  nt-xent=5.1245  sigreg=0.0226
  [simclr+sigreg] epoch 81/120  nt-xent=5.1232  sigreg=0.0221
  [simclr+sigreg] epoch 82/120  nt-xent=5.1210  sigreg=0.0206
  [simclr+sigreg] epoch 83/120  nt-xent=5.1184  sigreg=0.0204
  [simclr+sigreg] epoch 84/120  nt-xent=5.1183  sigreg=0.0199
  [simclr+sigreg] epoch 85/120  nt-xent=5.1197  sigreg=0.0206
  [simclr+sigreg] epoch 86/120  nt-xent=5.1193  sigreg=0.0210
  [simclr+sigreg] epoch 87/120  nt-xent=5.1223  sigreg=0.0207
  [simclr+sigreg] epoch 88/120  nt-xent=5.1220  sigreg=0.0214
  [simclr+sigreg] epoch 89/120  nt-xent=5.1187  sigreg=0.0195
  [simclr+sigreg] epoch 90/120  nt-xent=5.1164  sigreg=0.0198
  [simclr+sigreg] epoch 91/120  nt-xent=5.1196  sigreg=0.0214
  [simclr+sigreg] epoch 92/120  nt-xent=5.1190  sigreg=0.0203
  [simclr+sigreg] epoch 93/120  nt-xent=5.1148  sigreg=0.0196
  [simclr+sigreg] epoch 94/120  nt-xent=5.1132  sigreg=0.0177
  [simclr+sigreg] epoch 95/120  nt-xent=5.1137  sigreg=0.0186
  [simclr+sigreg] epoch 96/120  nt-xent=5.1148  sigreg=0.0193
  [simclr+sigreg] epoch 97/120  nt-xent=5.1133  sigreg=0.0184
  [simclr+sigreg] epoch 98/120  nt-xent=5.1132  sigreg=0.0191
  [simclr+sigreg] epoch 99/120  nt-xent=5.1124  sigreg=0.0187
  [simclr+sigreg] epoch 100/120  nt-xent=5.1123  sigreg=0.0181
  [simclr+sigreg] epoch 101/120  nt-xent=5.1117  sigreg=0.0187
  [simclr+sigreg] epoch 102/120  nt-xent=5.1087  sigreg=0.0176
  [simclr+sigreg] epoch 103/120  nt-xent=5.1127  sigreg=0.0201
  [simclr+sigreg] epoch 104/120  nt-xent=5.1129  sigreg=0.0200
  [simclr+sigreg] epoch 105/120  nt-xent=5.1105  sigreg=0.0190
  [simclr+sigreg] epoch 106/120  nt-xent=5.1092  sigreg=0.0167
  [simclr+sigreg] epoch 107/120  nt-xent=5.1140  sigreg=0.0207
  [simclr+sigreg] epoch 108/120  nt-xent=5.1129  sigreg=0.0203
  [simclr+sigreg] epoch 109/120  nt-xent=5.1097  sigreg=0.0180
  [simclr+sigreg] epoch 110/120  nt-xent=5.1087  sigreg=0.0177
  [simclr+sigreg] epoch 111/120  nt-xent=5.1058  sigreg=0.0175
  [simclr+sigreg] epoch 112/120  nt-xent=5.1058  sigreg=0.0166
  [simclr+sigreg] epoch 113/120  nt-xent=5.1046  sigreg=0.0165
  [simclr+sigreg] epoch 114/120  nt-xent=5.1046  sigreg=0.0160
  [simclr+sigreg] epoch 115/120  nt-xent=5.1057  sigreg=0.0171
  [simclr+sigreg] epoch 116/120  nt-xent=5.1091  sigreg=0.0180
  [simclr+sigreg] epoch 117/120  nt-xent=5.1031  sigreg=0.0165
  [simclr+sigreg] epoch 118/120  nt-xent=5.1039  sigreg=0.0164
  [simclr+sigreg] epoch 119/120  nt-xent=5.1056  sigreg=0.0175
  [simclr+sigreg] epoch 120/120  nt-xent=5.1040  sigreg=0.0160
  [cars/visreg] raw probe (768d)           47.5
  [cars/visreg] SupCon (aug)               53.8
  [cars/visreg] ss[lam5]                   47.1
  [cars/visreg] supcon+hybrid (concat)     40.3
  [cars/visreg] ss+hybrid (concat)         44.5

######## flowers on DINO ViT-B/16 ########
  flowers/dino aug replica 1/8
  flowers/dino aug replica 2/8
  flowers/dino aug replica 3/8
  flowers/dino aug replica 4/8
  flowers/dino aug replica 5/8
  flowers/dino aug replica 6/8
  flowers/dino aug replica 7/8
  flowers/dino aug replica 8/8
  [supcon] epoch 1/120  loss=5.2558
  [supcon] epoch 2/120  loss=4.2991
  [supcon] epoch 3/120  loss=3.9716
  [supcon] epoch 4/120  loss=3.7095
  [supcon] epoch 5/120  loss=3.5418
  [supcon] epoch 6/120  loss=3.4435
  [supcon] epoch 7/120  loss=3.3081
  [supcon] epoch 8/120  loss=3.2097
  [supcon] epoch 9/120  loss=3.1423
  [supcon] epoch 10/120  loss=3.0768
  [supcon] epoch 11/120  loss=3.0038
  [supcon] epoch 12/120  loss=2.9588
  [supcon] epoch 13/120  loss=2.9007
  [supcon] epoch 14/120  loss=2.8486
  [supcon] epoch 15/120  loss=2.8232
  [supcon] epoch 16/120  loss=2.7781
  [supcon] epoch 17/120  loss=2.7278
  [supcon] epoch 18/120  loss=2.7189
  [supcon] epoch 19/120  loss=2.6798
  [supcon] epoch 20/120  loss=2.6602
  [supcon] epoch 21/120  loss=2.6143
  [supcon] epoch 22/120  loss=2.6014
  [supcon] epoch 23/120  loss=2.5787
  [supcon] epoch 24/120  loss=2.5624
  [supcon] epoch 25/120  loss=2.5476
  [supcon] epoch 26/120  loss=2.5189
  [supcon] epoch 27/120  loss=2.5167
  [supcon] epoch 28/120  loss=2.5167
  [supcon] epoch 29/120  loss=2.5071
  [supcon] epoch 30/120  loss=2.4828
  [supcon] epoch 31/120  loss=2.4771
  [supcon] epoch 32/120  loss=2.4671
  [supcon] epoch 33/120  loss=2.4518
  [supcon] epoch 34/120  loss=2.4579
  [supcon] epoch 35/120  loss=2.4583
  [supcon] epoch 36/120  loss=2.4466
  [supcon] epoch 37/120  loss=2.4295
  [supcon] epoch 38/120  loss=2.4202
  [supcon] epoch 39/120  loss=2.4127
  [supcon] epoch 40/120  loss=2.4181
  [supcon] epoch 41/120  loss=2.4130
  [supcon] epoch 42/120  loss=2.4046
  [supcon] epoch 43/120  loss=2.4057
  [supcon] epoch 44/120  loss=2.4025
  [supcon] epoch 45/120  loss=2.3977
  [supcon] epoch 46/120  loss=2.3863
  [supcon] epoch 47/120  loss=2.4006
  [supcon] epoch 48/120  loss=2.3797
  [supcon] epoch 49/120  loss=2.3723
  [supcon] epoch 50/120  loss=2.3736
  [supcon] epoch 51/120  loss=2.3826
  [supcon] epoch 52/120  loss=2.3750
  [supcon] epoch 53/120  loss=2.3575
  [supcon] epoch 54/120  loss=2.3755
  [supcon] epoch 55/120  loss=2.3617
  [supcon] epoch 56/120  loss=2.3619
  [supcon] epoch 57/120  loss=2.3603
  [supcon] epoch 58/120  loss=2.3710
  [supcon] epoch 59/120  loss=2.3457
  [supcon] epoch 60/120  loss=2.3512
  [supcon] epoch 61/120  loss=2.3590
  [supcon] epoch 62/120  loss=2.3458
  [supcon] epoch 63/120  loss=2.3586
  [supcon] epoch 64/120  loss=2.3444
  [supcon] epoch 65/120  loss=2.3418
  [supcon] epoch 66/120  loss=2.3479
  [supcon] epoch 67/120  loss=2.3423
  [supcon] epoch 68/120  loss=2.3525
  [supcon] epoch 69/120  loss=2.3384
  [supcon] epoch 70/120  loss=2.3385
  [supcon] epoch 71/120  loss=2.3417
  [supcon] epoch 72/120  loss=2.3428
  [supcon] epoch 73/120  loss=2.3404
  [supcon] epoch 74/120  loss=2.3425
  [supcon] epoch 75/120  loss=2.3276
  [supcon] epoch 76/120  loss=2.3411
  [supcon] epoch 77/120  loss=2.3296
  [supcon] epoch 78/120  loss=2.3311
  [supcon] epoch 79/120  loss=2.3313
  [supcon] epoch 80/120  loss=2.3310
  [supcon] epoch 81/120  loss=2.3317
  [supcon] epoch 82/120  loss=2.3214
  [supcon] epoch 83/120  loss=2.3295
  [supcon] epoch 84/120  loss=2.3222
  [supcon] epoch 85/120  loss=2.3278
  [supcon] epoch 86/120  loss=2.3351
  [supcon] epoch 87/120  loss=2.3268
  [supcon] epoch 88/120  loss=2.3266
  [supcon] epoch 89/120  loss=2.3181
  [supcon] epoch 90/120  loss=2.3232
  [supcon] epoch 91/120  loss=2.3304
  [supcon] epoch 92/120  loss=2.3169
  [supcon] epoch 93/120  loss=2.3250
  [supcon] epoch 94/120  loss=2.3139
  [supcon] epoch 95/120  loss=2.3193
  [supcon] epoch 96/120  loss=2.3296
  [supcon] epoch 97/120  loss=2.3317
  [supcon] epoch 98/120  loss=2.3120
  [supcon] epoch 99/120  loss=2.3195
  [supcon] epoch 100/120  loss=2.3078
  [supcon] epoch 101/120  loss=2.3191
  [supcon] epoch 102/120  loss=2.3112
  [supcon] epoch 103/120  loss=2.3091
  [supcon] epoch 104/120  loss=2.3259
  [supcon] epoch 105/120  loss=2.3143
  [supcon] epoch 106/120  loss=2.3044
  [supcon] epoch 107/120  loss=2.3195
  [supcon] epoch 108/120  loss=2.3225
  [supcon] epoch 109/120  loss=2.3082
  [supcon] epoch 110/120  loss=2.3124
  [supcon] epoch 111/120  loss=2.3184
  [supcon] epoch 112/120  loss=2.3242
  [supcon] epoch 113/120  loss=2.3085
  [supcon] epoch 114/120  loss=2.3276
  [supcon] epoch 115/120  loss=2.3151
  [supcon] epoch 116/120  loss=2.3074
  [supcon] epoch 117/120  loss=2.3178
  [supcon] epoch 118/120  loss=2.3072
  [supcon] epoch 119/120  loss=2.3033
  [supcon] epoch 120/120  loss=2.3184
  [supcon+sigreg] epoch 1/120  supcon=5.3675  sigreg=0.4490
  [supcon+sigreg] epoch 2/120  supcon=4.6472  sigreg=0.1888
  [supcon+sigreg] epoch 3/120  supcon=4.4300  sigreg=0.1758
  [supcon+sigreg] epoch 4/120  supcon=4.1817  sigreg=0.1151
  [supcon+sigreg] epoch 5/120  supcon=4.0819  sigreg=0.1073
  [supcon+sigreg] epoch 6/120  supcon=3.9725  sigreg=0.0874
  [supcon+sigreg] epoch 7/120  supcon=3.8786  sigreg=0.0692
  [supcon+sigreg] epoch 8/120  supcon=3.7659  sigreg=0.0564
  [supcon+sigreg] epoch 9/120  supcon=3.6956  sigreg=0.0656
  [supcon+sigreg] epoch 10/120  supcon=3.5773  sigreg=0.0510
  [supcon+sigreg] epoch 11/120  supcon=3.4925  sigreg=0.0396
  [supcon+sigreg] epoch 12/120  supcon=3.4256  sigreg=0.0471
  [supcon+sigreg] epoch 13/120  supcon=3.3911  sigreg=0.0382
  [supcon+sigreg] epoch 14/120  supcon=3.3433  sigreg=0.0338
  [supcon+sigreg] epoch 15/120  supcon=3.2652  sigreg=0.0366
  [supcon+sigreg] epoch 16/120  supcon=3.2347  sigreg=0.0306
  [supcon+sigreg] epoch 17/120  supcon=3.1259  sigreg=0.0356
  [supcon+sigreg] epoch 18/120  supcon=3.1401  sigreg=0.0283
  [supcon+sigreg] epoch 19/120  supcon=3.0687  sigreg=0.0296
  [supcon+sigreg] epoch 20/120  supcon=3.0615  sigreg=0.0275
  [supcon+sigreg] epoch 21/120  supcon=3.0148  sigreg=0.0252
  [supcon+sigreg] epoch 22/120  supcon=2.9908  sigreg=0.0285
  [supcon+sigreg] epoch 23/120  supcon=2.9493  sigreg=0.0273
  [supcon+sigreg] epoch 24/120  supcon=2.9467  sigreg=0.0266
  [supcon+sigreg] epoch 25/120  supcon=2.9103  sigreg=0.0263
  [supcon+sigreg] epoch 26/120  supcon=2.8505  sigreg=0.0251
  [supcon+sigreg] epoch 27/120  supcon=2.8737  sigreg=0.0256
  [supcon+sigreg] epoch 28/120  supcon=2.8348  sigreg=0.0241
  [supcon+sigreg] epoch 29/120  supcon=2.8005  sigreg=0.0250
  [supcon+sigreg] epoch 30/120  supcon=2.8034  sigreg=0.0287
  [supcon+sigreg] epoch 31/120  supcon=2.7684  sigreg=0.0256
  [supcon+sigreg] epoch 32/120  supcon=2.7474  sigreg=0.0273
  [supcon+sigreg] epoch 33/120  supcon=2.7308  sigreg=0.0254
  [supcon+sigreg] epoch 34/120  supcon=2.7179  sigreg=0.0255
  [supcon+sigreg] epoch 35/120  supcon=2.7092  sigreg=0.0252
  [supcon+sigreg] epoch 36/120  supcon=2.6918  sigreg=0.0280
  [supcon+sigreg] epoch 37/120  supcon=2.6783  sigreg=0.0265
  [supcon+sigreg] epoch 38/120  supcon=2.6536  sigreg=0.0256
  [supcon+sigreg] epoch 39/120  supcon=2.6517  sigreg=0.0251
  [supcon+sigreg] epoch 40/120  supcon=2.6454  sigreg=0.0222
  [supcon+sigreg] epoch 41/120  supcon=2.6140  sigreg=0.0246
  [supcon+sigreg] epoch 42/120  supcon=2.6157  sigreg=0.0252
  [supcon+sigreg] epoch 43/120  supcon=2.6037  sigreg=0.0237
  [supcon+sigreg] epoch 44/120  supcon=2.5921  sigreg=0.0235
  [supcon+sigreg] epoch 45/120  supcon=2.5901  sigreg=0.0212
  [supcon+sigreg] epoch 46/120  supcon=2.5868  sigreg=0.0213
  [supcon+sigreg] epoch 47/120  supcon=2.5799  sigreg=0.0251
  [supcon+sigreg] epoch 48/120  supcon=2.5624  sigreg=0.0205
  [supcon+sigreg] epoch 49/120  supcon=2.5567  sigreg=0.0240
  [supcon+sigreg] epoch 50/120  supcon=2.5486  sigreg=0.0220
  [supcon+sigreg] epoch 51/120  supcon=2.5558  sigreg=0.0205
  [supcon+sigreg] epoch 52/120  supcon=2.5446  sigreg=0.0219
  [supcon+sigreg] epoch 53/120  supcon=2.5181  sigreg=0.0212
  [supcon+sigreg] epoch 54/120  supcon=2.5134  sigreg=0.0198
  [supcon+sigreg] epoch 55/120  supcon=2.5142  sigreg=0.0240
  [supcon+sigreg] epoch 56/120  supcon=2.5004  sigreg=0.0212
  [supcon+sigreg] epoch 57/120  supcon=2.5043  sigreg=0.0208
  [supcon+sigreg] epoch 58/120  supcon=2.5076  sigreg=0.0219
  [supcon+sigreg] epoch 59/120  supcon=2.5001  sigreg=0.0203
  [supcon+sigreg] epoch 60/120  supcon=2.4958  sigreg=0.0229
  [supcon+sigreg] epoch 61/120  supcon=2.4774  sigreg=0.0207
  [supcon+sigreg] epoch 62/120  supcon=2.4791  sigreg=0.0187
  [supcon+sigreg] epoch 63/120  supcon=2.4812  sigreg=0.0206
  [supcon+sigreg] epoch 64/120  supcon=2.4665  sigreg=0.0199
  [supcon+sigreg] epoch 65/120  supcon=2.4713  sigreg=0.0184
  [supcon+sigreg] epoch 66/120  supcon=2.4771  sigreg=0.0189
  [supcon+sigreg] epoch 67/120  supcon=2.4557  sigreg=0.0176
  [supcon+sigreg] epoch 68/120  supcon=2.4535  sigreg=0.0175
  [supcon+sigreg] epoch 69/120  supcon=2.4638  sigreg=0.0184
  [supcon+sigreg] epoch 70/120  supcon=2.4571  sigreg=0.0201
  [supcon+sigreg] epoch 71/120  supcon=2.4502  sigreg=0.0202
  [supcon+sigreg] epoch 72/120  supcon=2.4407  sigreg=0.0181
  [supcon+sigreg] epoch 73/120  supcon=2.4417  sigreg=0.0183
  [supcon+sigreg] epoch 74/120  supcon=2.4443  sigreg=0.0202
  [supcon+sigreg] epoch 75/120  supcon=2.4581  sigreg=0.0207
  [supcon+sigreg] epoch 76/120  supcon=2.4274  sigreg=0.0190
  [supcon+sigreg] epoch 77/120  supcon=2.4319  sigreg=0.0221
  [supcon+sigreg] epoch 78/120  supcon=2.4245  sigreg=0.0201
  [supcon+sigreg] epoch 79/120  supcon=2.4136  sigreg=0.0226
  [supcon+sigreg] epoch 80/120  supcon=2.4349  sigreg=0.0239
  [supcon+sigreg] epoch 81/120  supcon=2.4356  sigreg=0.0235
  [supcon+sigreg] epoch 82/120  supcon=2.4138  sigreg=0.0229
  [supcon+sigreg] epoch 83/120  supcon=2.4264  sigreg=0.0242
  [supcon+sigreg] epoch 84/120  supcon=2.4299  sigreg=0.0219
  [supcon+sigreg] epoch 85/120  supcon=2.4179  sigreg=0.0221
  [supcon+sigreg] epoch 86/120  supcon=2.4151  sigreg=0.0196
  [supcon+sigreg] epoch 87/120  supcon=2.4288  sigreg=0.0238
  [supcon+sigreg] epoch 88/120  supcon=2.4092  sigreg=0.0220
  [supcon+sigreg] epoch 89/120  supcon=2.4184  sigreg=0.0235
  [supcon+sigreg] epoch 90/120  supcon=2.4059  sigreg=0.0190
  [supcon+sigreg] epoch 91/120  supcon=2.4041  sigreg=0.0189
  [supcon+sigreg] epoch 92/120  supcon=2.3986  sigreg=0.0187
  [supcon+sigreg] epoch 93/120  supcon=2.3981  sigreg=0.0171
  [supcon+sigreg] epoch 94/120  supcon=2.4019  sigreg=0.0177
  [supcon+sigreg] epoch 95/120  supcon=2.3958  sigreg=0.0195
  [supcon+sigreg] epoch 96/120  supcon=2.3809  sigreg=0.0174
  [supcon+sigreg] epoch 97/120  supcon=2.3987  sigreg=0.0165
  [supcon+sigreg] epoch 98/120  supcon=2.3936  sigreg=0.0168
  [supcon+sigreg] epoch 99/120  supcon=2.3885  sigreg=0.0153
  [supcon+sigreg] epoch 100/120  supcon=2.3905  sigreg=0.0171
  [supcon+sigreg] epoch 101/120  supcon=2.3888  sigreg=0.0171
  [supcon+sigreg] epoch 102/120  supcon=2.3738  sigreg=0.0157
  [supcon+sigreg] epoch 103/120  supcon=2.3739  sigreg=0.0147
  [supcon+sigreg] epoch 104/120  supcon=2.3864  sigreg=0.0165
  [supcon+sigreg] epoch 105/120  supcon=2.3817  sigreg=0.0170
  [supcon+sigreg] epoch 106/120  supcon=2.3789  sigreg=0.0178
  [supcon+sigreg] epoch 107/120  supcon=2.3866  sigreg=0.0181
  [supcon+sigreg] epoch 108/120  supcon=2.3769  sigreg=0.0189
  [supcon+sigreg] epoch 109/120  supcon=2.3758  sigreg=0.0168
  [supcon+sigreg] epoch 110/120  supcon=2.3755  sigreg=0.0179
  [supcon+sigreg] epoch 111/120  supcon=2.3737  sigreg=0.0167
  [supcon+sigreg] epoch 112/120  supcon=2.3765  sigreg=0.0175
  [supcon+sigreg] epoch 113/120  supcon=2.3710  sigreg=0.0191
  [supcon+sigreg] epoch 114/120  supcon=2.3755  sigreg=0.0173
  [supcon+sigreg] epoch 115/120  supcon=2.3751  sigreg=0.0169
  [supcon+sigreg] epoch 116/120  supcon=2.3583  sigreg=0.0170
  [supcon+sigreg] epoch 117/120  supcon=2.3702  sigreg=0.0144
  [supcon+sigreg] epoch 118/120  supcon=2.3569  sigreg=0.0162
  [supcon+sigreg] epoch 119/120  supcon=2.3605  sigreg=0.0144
  [supcon+sigreg] epoch 120/120  supcon=2.3574  sigreg=0.0145
  [simclr+sigreg] epoch 1/120  nt-xent=6.1414  sigreg=0.5135
  [simclr+sigreg] epoch 2/120  nt-xent=5.6661  sigreg=0.2365
  [simclr+sigreg] epoch 3/120  nt-xent=5.5591  sigreg=0.1847
  [simclr+sigreg] epoch 4/120  nt-xent=5.4688  sigreg=0.1469
  [simclr+sigreg] epoch 5/120  nt-xent=5.4350  sigreg=0.1180
  [simclr+sigreg] epoch 6/120  nt-xent=5.3892  sigreg=0.0819
  [simclr+sigreg] epoch 7/120  nt-xent=5.3695  sigreg=0.0796
  [simclr+sigreg] epoch 8/120  nt-xent=5.3523  sigreg=0.0625
  [simclr+sigreg] epoch 9/120  nt-xent=5.3281  sigreg=0.0601
  [simclr+sigreg] epoch 10/120  nt-xent=5.3164  sigreg=0.0618
  [simclr+sigreg] epoch 11/120  nt-xent=5.3000  sigreg=0.0402
  [simclr+sigreg] epoch 12/120  nt-xent=5.3041  sigreg=0.0530
  [simclr+sigreg] epoch 13/120  nt-xent=5.2897  sigreg=0.0428
  [simclr+sigreg] epoch 14/120  nt-xent=5.2781  sigreg=0.0403
  [simclr+sigreg] epoch 15/120  nt-xent=5.2716  sigreg=0.0385
  [simclr+sigreg] epoch 16/120  nt-xent=5.2738  sigreg=0.0385
  [simclr+sigreg] epoch 17/120  nt-xent=5.2716  sigreg=0.0362
  [simclr+sigreg] epoch 18/120  nt-xent=5.2668  sigreg=0.0363
  [simclr+sigreg] epoch 19/120  nt-xent=5.2599  sigreg=0.0334
  [simclr+sigreg] epoch 20/120  nt-xent=5.2531  sigreg=0.0336
  [simclr+sigreg] epoch 21/120  nt-xent=5.2499  sigreg=0.0282
  [simclr+sigreg] epoch 22/120  nt-xent=5.2467  sigreg=0.0329
  [simclr+sigreg] epoch 23/120  nt-xent=5.2427  sigreg=0.0356
  [simclr+sigreg] epoch 24/120  nt-xent=5.2390  sigreg=0.0284
  [simclr+sigreg] epoch 25/120  nt-xent=5.2337  sigreg=0.0303
  [simclr+sigreg] epoch 26/120  nt-xent=5.2293  sigreg=0.0281
  [simclr+sigreg] epoch 27/120  nt-xent=5.2256  sigreg=0.0247
  [simclr+sigreg] epoch 28/120  nt-xent=5.2178  sigreg=0.0242
  [simclr+sigreg] epoch 29/120  nt-xent=5.2253  sigreg=0.0259
  [simclr+sigreg] epoch 30/120  nt-xent=5.2271  sigreg=0.0265
  [simclr+sigreg] epoch 31/120  nt-xent=5.2260  sigreg=0.0257
  [simclr+sigreg] epoch 32/120  nt-xent=5.2213  sigreg=0.0259
  [simclr+sigreg] epoch 33/120  nt-xent=5.2156  sigreg=0.0234
  [simclr+sigreg] epoch 34/120  nt-xent=5.2145  sigreg=0.0236
  [simclr+sigreg] epoch 35/120  nt-xent=5.2123  sigreg=0.0228
  [simclr+sigreg] epoch 36/120  nt-xent=5.2090  sigreg=0.0226
  [simclr+sigreg] epoch 37/120  nt-xent=5.2093  sigreg=0.0242
  [simclr+sigreg] epoch 38/120  nt-xent=5.2032  sigreg=0.0225
  [simclr+sigreg] epoch 39/120  nt-xent=5.2059  sigreg=0.0225
  [simclr+sigreg] epoch 40/120  nt-xent=5.2017  sigreg=0.0213
  [simclr+sigreg] epoch 41/120  nt-xent=5.2070  sigreg=0.0223
  [simclr+sigreg] epoch 42/120  nt-xent=5.2033  sigreg=0.0250
  [simclr+sigreg] epoch 43/120  nt-xent=5.1989  sigreg=0.0205
  [simclr+sigreg] epoch 44/120  nt-xent=5.2023  sigreg=0.0239
  [simclr+sigreg] epoch 45/120  nt-xent=5.1978  sigreg=0.0204
  [simclr+sigreg] epoch 46/120  nt-xent=5.1956  sigreg=0.0212
  [simclr+sigreg] epoch 47/120  nt-xent=5.1992  sigreg=0.0246
  [simclr+sigreg] epoch 48/120  nt-xent=5.1896  sigreg=0.0208
  [simclr+sigreg] epoch 49/120  nt-xent=5.1926  sigreg=0.0223
  [simclr+sigreg] epoch 50/120  nt-xent=5.1908  sigreg=0.0198
  [simclr+sigreg] epoch 51/120  nt-xent=5.1861  sigreg=0.0198
  [simclr+sigreg] epoch 52/120  nt-xent=5.1891  sigreg=0.0199
  [simclr+sigreg] epoch 53/120  nt-xent=5.1873  sigreg=0.0215
  [simclr+sigreg] epoch 54/120  nt-xent=5.1854  sigreg=0.0216
  [simclr+sigreg] epoch 55/120  nt-xent=5.1870  sigreg=0.0199
  [simclr+sigreg] epoch 56/120  nt-xent=5.1848  sigreg=0.0208
  [simclr+sigreg] epoch 57/120  nt-xent=5.1849  sigreg=0.0224
  [simclr+sigreg] epoch 58/120  nt-xent=5.1872  sigreg=0.0221
  [simclr+sigreg] epoch 59/120  nt-xent=5.1831  sigreg=0.0224
  [simclr+sigreg] epoch 60/120  nt-xent=5.1801  sigreg=0.0214
  [simclr+sigreg] epoch 61/120  nt-xent=5.1809  sigreg=0.0207
  [simclr+sigreg] epoch 62/120  nt-xent=5.1822  sigreg=0.0188
  [simclr+sigreg] epoch 63/120  nt-xent=5.1705  sigreg=0.0177
  [simclr+sigreg] epoch 64/120  nt-xent=5.1744  sigreg=0.0194
  [simclr+sigreg] epoch 65/120  nt-xent=5.1760  sigreg=0.0201
  [simclr+sigreg] epoch 66/120  nt-xent=5.1748  sigreg=0.0178
  [simclr+sigreg] epoch 67/120  nt-xent=5.1714  sigreg=0.0180
  [simclr+sigreg] epoch 68/120  nt-xent=5.1684  sigreg=0.0179
  [simclr+sigreg] epoch 69/120  nt-xent=5.1648  sigreg=0.0171
  [simclr+sigreg] epoch 70/120  nt-xent=5.1694  sigreg=0.0188
  [simclr+sigreg] epoch 71/120  nt-xent=5.1619  sigreg=0.0165
  [simclr+sigreg] epoch 72/120  nt-xent=5.1595  sigreg=0.0174
  [simclr+sigreg] epoch 73/120  nt-xent=5.1639  sigreg=0.0167
  [simclr+sigreg] epoch 74/120  nt-xent=5.1600  sigreg=0.0175
  [simclr+sigreg] epoch 75/120  nt-xent=5.1590  sigreg=0.0167
  [simclr+sigreg] epoch 76/120  nt-xent=5.1563  sigreg=0.0157
  [simclr+sigreg] epoch 77/120  nt-xent=5.1655  sigreg=0.0185
  [simclr+sigreg] epoch 78/120  nt-xent=5.1555  sigreg=0.0186
  [simclr+sigreg] epoch 79/120  nt-xent=5.1591  sigreg=0.0166
  [simclr+sigreg] epoch 80/120  nt-xent=5.1547  sigreg=0.0156
  [simclr+sigreg] epoch 81/120  nt-xent=5.1561  sigreg=0.0171
  [simclr+sigreg] epoch 82/120  nt-xent=5.1555  sigreg=0.0179
  [simclr+sigreg] epoch 83/120  nt-xent=5.1505  sigreg=0.0172
  [simclr+sigreg] epoch 84/120  nt-xent=5.1543  sigreg=0.0172
  [simclr+sigreg] epoch 85/120  nt-xent=5.1483  sigreg=0.0161
  [simclr+sigreg] epoch 86/120  nt-xent=5.1524  sigreg=0.0159
  [simclr+sigreg] epoch 87/120  nt-xent=5.1532  sigreg=0.0163
  [simclr+sigreg] epoch 88/120  nt-xent=5.1543  sigreg=0.0178
  [simclr+sigreg] epoch 89/120  nt-xent=5.1509  sigreg=0.0167
  [simclr+sigreg] epoch 90/120  nt-xent=5.1498  sigreg=0.0154
  [simclr+sigreg] epoch 91/120  nt-xent=5.1428  sigreg=0.0143
  [simclr+sigreg] epoch 92/120  nt-xent=5.1466  sigreg=0.0160
  [simclr+sigreg] epoch 93/120  nt-xent=5.1442  sigreg=0.0137
  [simclr+sigreg] epoch 94/120  nt-xent=5.1457  sigreg=0.0149
  [simclr+sigreg] epoch 95/120  nt-xent=5.1460  sigreg=0.0158
  [simclr+sigreg] epoch 96/120  nt-xent=5.1389  sigreg=0.0138
  [simclr+sigreg] epoch 97/120  nt-xent=5.1415  sigreg=0.0132
  [simclr+sigreg] epoch 98/120  nt-xent=5.1428  sigreg=0.0148
  [simclr+sigreg] epoch 99/120  nt-xent=5.1400  sigreg=0.0164
  [simclr+sigreg] epoch 100/120  nt-xent=5.1405  sigreg=0.0134
  [simclr+sigreg] epoch 101/120  nt-xent=5.1406  sigreg=0.0158
  [simclr+sigreg] epoch 102/120  nt-xent=5.1358  sigreg=0.0140
  [simclr+sigreg] epoch 103/120  nt-xent=5.1407  sigreg=0.0135
  [simclr+sigreg] epoch 104/120  nt-xent=5.1347  sigreg=0.0142
  [simclr+sigreg] epoch 105/120  nt-xent=5.1368  sigreg=0.0150
  [simclr+sigreg] epoch 106/120  nt-xent=5.1343  sigreg=0.0160
  [simclr+sigreg] epoch 107/120  nt-xent=5.1357  sigreg=0.0140
  [simclr+sigreg] epoch 108/120  nt-xent=5.1329  sigreg=0.0140
  [simclr+sigreg] epoch 109/120  nt-xent=5.1348  sigreg=0.0142
  [simclr+sigreg] epoch 110/120  nt-xent=5.1347  sigreg=0.0150
  [simclr+sigreg] epoch 111/120  nt-xent=5.1335  sigreg=0.0135
  [simclr+sigreg] epoch 112/120  nt-xent=5.1266  sigreg=0.0140
  [simclr+sigreg] epoch 113/120  nt-xent=5.1300  sigreg=0.0134
  [simclr+sigreg] epoch 114/120  nt-xent=5.1286  sigreg=0.0154
  [simclr+sigreg] epoch 115/120  nt-xent=5.1273  sigreg=0.0152
  [simclr+sigreg] epoch 116/120  nt-xent=5.1269  sigreg=0.0163
  [simclr+sigreg] epoch 117/120  nt-xent=5.1294  sigreg=0.0149
  [simclr+sigreg] epoch 118/120  nt-xent=5.1264  sigreg=0.0127
  [simclr+sigreg] epoch 119/120  nt-xent=5.1280  sigreg=0.0165
  [simclr+sigreg] epoch 120/120  nt-xent=5.1277  sigreg=0.0148
  [flowers/dino] raw probe (768d)           96.7
  [flowers/dino] SupCon (aug)               95.4
  [flowers/dino] ss[lam5]                   96.0
  [flowers/dino] supcon+hybrid (concat)     94.4
  [flowers/dino] ss+hybrid (concat)         94.9

######## flowers on LeJEPA ViT-B/16 (community repro) ########
  extracted flowers/lejepa train: (2040, 768)
  extracted flowers/lejepa test: (6149, 768)
  flowers/lejepa aug replica 1/8
  flowers/lejepa aug replica 2/8
  flowers/lejepa aug replica 3/8
  flowers/lejepa aug replica 4/8
  flowers/lejepa aug replica 5/8
  flowers/lejepa aug replica 6/8
  flowers/lejepa aug replica 7/8
  flowers/lejepa aug replica 8/8
  [supcon] epoch 1/120  loss=5.6379
  [supcon] epoch 2/120  loss=4.9695
  [supcon] epoch 3/120  loss=4.6264
  [supcon] epoch 4/120  loss=4.3046
  [supcon] epoch 5/120  loss=4.1344
  [supcon] epoch 6/120  loss=4.0615
  [supcon] epoch 7/120  loss=3.8847
  [supcon] epoch 8/120  loss=3.7383
  [supcon] epoch 9/120  loss=3.6777
  [supcon] epoch 10/120  loss=3.5567
  [supcon] epoch 11/120  loss=3.5238
  [supcon] epoch 12/120  loss=3.4127
  [supcon] epoch 13/120  loss=3.3460
  [supcon] epoch 14/120  loss=3.2468
  [supcon] epoch 15/120  loss=3.2467
  [supcon] epoch 16/120  loss=3.1616
  [supcon] epoch 17/120  loss=3.0929
  [supcon] epoch 18/120  loss=3.0904
  [supcon] epoch 19/120  loss=3.0404
  [supcon] epoch 20/120  loss=2.9911
  [supcon] epoch 21/120  loss=2.9576
  [supcon] epoch 22/120  loss=2.8901
  [supcon] epoch 23/120  loss=2.8569
  [supcon] epoch 24/120  loss=2.8416
  [supcon] epoch 25/120  loss=2.8188
  [supcon] epoch 26/120  loss=2.7672
  [supcon] epoch 27/120  loss=2.7370
  [supcon] epoch 28/120  loss=2.7430
  [supcon] epoch 29/120  loss=2.7118
  [supcon] epoch 30/120  loss=2.6868
  [supcon] epoch 31/120  loss=2.6852
  [supcon] epoch 32/120  loss=2.6499
  [supcon] epoch 33/120  loss=2.6339
  [supcon] epoch 34/120  loss=2.6284
  [supcon] epoch 35/120  loss=2.6192
  [supcon] epoch 36/120  loss=2.6034
  [supcon] epoch 37/120  loss=2.5757
  [supcon] epoch 38/120  loss=2.5651
  [supcon] epoch 39/120  loss=2.5501
  [supcon] epoch 40/120  loss=2.5448
  [supcon] epoch 41/120  loss=2.5419
  [supcon] epoch 42/120  loss=2.5267
  [supcon] epoch 43/120  loss=2.5186
  [supcon] epoch 44/120  loss=2.5144
  [supcon] epoch 45/120  loss=2.5074
  [supcon] epoch 46/120  loss=2.4993
  [supcon] epoch 47/120  loss=2.4989
  [supcon] epoch 48/120  loss=2.4841
  [supcon] epoch 49/120  loss=2.4737
  [supcon] epoch 50/120  loss=2.4664
  [supcon] epoch 51/120  loss=2.4649
  [supcon] epoch 52/120  loss=2.4592
  [supcon] epoch 53/120  loss=2.4457
  [supcon] epoch 54/120  loss=2.4556
  [supcon] epoch 55/120  loss=2.4398
  [supcon] epoch 56/120  loss=2.4418
  [supcon] epoch 57/120  loss=2.4331
  [supcon] epoch 58/120  loss=2.4427
  [supcon] epoch 59/120  loss=2.4130
  [supcon] epoch 60/120  loss=2.4199
  [supcon] epoch 61/120  loss=2.4274
  [supcon] epoch 62/120  loss=2.4150
  [supcon] epoch 63/120  loss=2.4189
  [supcon] epoch 64/120  loss=2.4050
  [supcon] epoch 65/120  loss=2.3987
  [supcon] epoch 66/120  loss=2.4047
  [supcon] epoch 67/120  loss=2.3982
  [supcon] epoch 68/120  loss=2.4107
  [supcon] epoch 69/120  loss=2.3901
  [supcon] epoch 70/120  loss=2.3921
  [supcon] epoch 71/120  loss=2.3899
  [supcon] epoch 72/120  loss=2.3895
  [supcon] epoch 73/120  loss=2.3904
  [supcon] epoch 74/120  loss=2.3910
  [supcon] epoch 75/120  loss=2.3733
  [supcon] epoch 76/120  loss=2.3834
  [supcon] epoch 77/120  loss=2.3708
  [supcon] epoch 78/120  loss=2.3721
  [supcon] epoch 79/120  loss=2.3715
  [supcon] epoch 80/120  loss=2.3736
  [supcon] epoch 81/120  loss=2.3737
  [supcon] epoch 82/120  loss=2.3618
  [supcon] epoch 83/120  loss=2.3693
  [supcon] epoch 84/120  loss=2.3577
  [supcon] epoch 85/120  loss=2.3632
  [supcon] epoch 86/120  loss=2.3696
  [supcon] epoch 87/120  loss=2.3617
  [supcon] epoch 88/120  loss=2.3602
  [supcon] epoch 89/120  loss=2.3527
  [supcon] epoch 90/120  loss=2.3574
  [supcon] epoch 91/120  loss=2.3629
  [supcon] epoch 92/120  loss=2.3482
  [supcon] epoch 93/120  loss=2.3579
  [supcon] epoch 94/120  loss=2.3451
  [supcon] epoch 95/120  loss=2.3500
  [supcon] epoch 96/120  loss=2.3608
  [supcon] epoch 97/120  loss=2.3612
  [supcon] epoch 98/120  loss=2.3427
  [supcon] epoch 99/120  loss=2.3479
  [supcon] epoch 100/120  loss=2.3384
  [supcon] epoch 101/120  loss=2.3483
  [supcon] epoch 102/120  loss=2.3402
  [supcon] epoch 103/120  loss=2.3350
  [supcon] epoch 104/120  loss=2.3520
  [supcon] epoch 105/120  loss=2.3413
  [supcon] epoch 106/120  loss=2.3312
  [supcon] epoch 107/120  loss=2.3455
  [supcon] epoch 108/120  loss=2.3467
  [supcon] epoch 109/120  loss=2.3317
  [supcon] epoch 110/120  loss=2.3369
  [supcon] epoch 111/120  loss=2.3418
  [supcon] epoch 112/120  loss=2.3486
  [supcon] epoch 113/120  loss=2.3334
  [supcon] epoch 114/120  loss=2.3512
  [supcon] epoch 115/120  loss=2.3376
  [supcon] epoch 116/120  loss=2.3303
  [supcon] epoch 117/120  loss=2.3433
  [supcon] epoch 118/120  loss=2.3302
  [supcon] epoch 119/120  loss=2.3254
  [supcon] epoch 120/120  loss=2.3402
  [supcon+sigreg] epoch 1/120  supcon=5.7003  sigreg=0.8662
  [supcon+sigreg] epoch 2/120  supcon=5.0327  sigreg=0.7659
  [supcon+sigreg] epoch 3/120  supcon=4.8935  sigreg=0.6631
  [supcon+sigreg] epoch 4/120  supcon=4.7296  sigreg=0.5611
  [supcon+sigreg] epoch 5/120  supcon=4.7140  sigreg=0.4631
  [supcon+sigreg] epoch 6/120  supcon=4.6804  sigreg=0.3874
  [supcon+sigreg] epoch 7/120  supcon=4.6645  sigreg=0.2930
  [supcon+sigreg] epoch 8/120  supcon=4.6419  sigreg=0.2433
  [supcon+sigreg] epoch 9/120  supcon=4.6589  sigreg=0.1966
  [supcon+sigreg] epoch 10/120  supcon=4.5731  sigreg=0.1875
  [supcon+sigreg] epoch 11/120  supcon=4.5302  sigreg=0.1362
  [supcon+sigreg] epoch 12/120  supcon=4.4929  sigreg=0.1354
  [supcon+sigreg] epoch 13/120  supcon=4.4404  sigreg=0.1099
  [supcon+sigreg] epoch 14/120  supcon=4.4331  sigreg=0.1002
  [supcon+sigreg] epoch 15/120  supcon=4.3819  sigreg=0.0893
  [supcon+sigreg] epoch 16/120  supcon=4.3372  sigreg=0.0991
  [supcon+sigreg] epoch 17/120  supcon=4.2409  sigreg=0.0862
  [supcon+sigreg] epoch 18/120  supcon=4.2320  sigreg=0.0777
  [supcon+sigreg] epoch 19/120  supcon=4.1786  sigreg=0.0767
  [supcon+sigreg] epoch 20/120  supcon=4.1539  sigreg=0.0694
  [supcon+sigreg] epoch 21/120  supcon=4.1697  sigreg=0.0611
  [supcon+sigreg] epoch 22/120  supcon=4.0914  sigreg=0.0713
  [supcon+sigreg] epoch 23/120  supcon=4.0903  sigreg=0.0623
  [supcon+sigreg] epoch 24/120  supcon=4.0636  sigreg=0.0712
  [supcon+sigreg] epoch 25/120  supcon=3.9938  sigreg=0.0610
  [supcon+sigreg] epoch 26/120  supcon=3.9964  sigreg=0.0602
  [supcon+sigreg] epoch 27/120  supcon=3.9851  sigreg=0.0660
  [supcon+sigreg] epoch 28/120  supcon=3.9572  sigreg=0.0645
  [supcon+sigreg] epoch 29/120  supcon=3.9180  sigreg=0.0629
  [supcon+sigreg] epoch 30/120  supcon=3.9084  sigreg=0.0673
  [supcon+sigreg] epoch 31/120  supcon=3.9143  sigreg=0.0639
  [supcon+sigreg] epoch 32/120  supcon=3.8513  sigreg=0.0585
  [supcon+sigreg] epoch 33/120  supcon=3.8335  sigreg=0.0582
  [supcon+sigreg] epoch 34/120  supcon=3.8375  sigreg=0.0580
  [supcon+sigreg] epoch 35/120  supcon=3.8056  sigreg=0.0609
  [supcon+sigreg] epoch 36/120  supcon=3.7972  sigreg=0.0552
  [supcon+sigreg] epoch 37/120  supcon=3.7432  sigreg=0.0632
  [supcon+sigreg] epoch 38/120  supcon=3.7277  sigreg=0.0503
  [supcon+sigreg] epoch 39/120  supcon=3.6920  sigreg=0.0536
  [supcon+sigreg] epoch 40/120  supcon=3.7262  sigreg=0.0534
  [supcon+sigreg] epoch 41/120  supcon=3.6765  sigreg=0.0579
  [supcon+sigreg] epoch 42/120  supcon=3.6740  sigreg=0.0596
  [supcon+sigreg] epoch 43/120  supcon=3.6585  sigreg=0.0541
  [supcon+sigreg] epoch 44/120  supcon=3.6565  sigreg=0.0525
  [supcon+sigreg] epoch 45/120  supcon=3.6268  sigreg=0.0552
  [supcon+sigreg] epoch 46/120  supcon=3.6145  sigreg=0.0481
  [supcon+sigreg] epoch 47/120  supcon=3.6206  sigreg=0.0521
  [supcon+sigreg] epoch 48/120  supcon=3.5963  sigreg=0.0486
  [supcon+sigreg] epoch 49/120  supcon=3.5452  sigreg=0.0559
  [supcon+sigreg] epoch 50/120  supcon=3.5872  sigreg=0.0470
  [supcon+sigreg] epoch 51/120  supcon=3.5223  sigreg=0.0455
  [supcon+sigreg] epoch 52/120  supcon=3.5178  sigreg=0.0468
  [supcon+sigreg] epoch 53/120  supcon=3.5132  sigreg=0.0461
  [supcon+sigreg] epoch 54/120  supcon=3.4873  sigreg=0.0483
  [supcon+sigreg] epoch 55/120  supcon=3.4901  sigreg=0.0451
  [supcon+sigreg] epoch 56/120  supcon=3.4641  sigreg=0.0522
  [supcon+sigreg] epoch 57/120  supcon=3.4413  sigreg=0.0458
  [supcon+sigreg] epoch 58/120  supcon=3.4572  sigreg=0.0422
  [supcon+sigreg] epoch 59/120  supcon=3.4174  sigreg=0.0432
  [supcon+sigreg] epoch 60/120  supcon=3.4092  sigreg=0.0470
  [supcon+sigreg] epoch 61/120  supcon=3.4148  sigreg=0.0429
  [supcon+sigreg] epoch 62/120  supcon=3.4061  sigreg=0.0470
  [supcon+sigreg] epoch 63/120  supcon=3.3782  sigreg=0.0459
  [supcon+sigreg] epoch 64/120  supcon=3.3943  sigreg=0.0450
  [supcon+sigreg] epoch 65/120  supcon=3.3747  sigreg=0.0417
  [supcon+sigreg] epoch 66/120  supcon=3.3435  sigreg=0.0415
  [supcon+sigreg] epoch 67/120  supcon=3.3310  sigreg=0.0443
  [supcon+sigreg] epoch 68/120  supcon=3.3534  sigreg=0.0434
  [supcon+sigreg] epoch 69/120  supcon=3.3325  sigreg=0.0412
  [supcon+sigreg] epoch 70/120  supcon=3.3157  sigreg=0.0426
  [supcon+sigreg] epoch 71/120  supcon=3.3014  sigreg=0.0518
  [supcon+sigreg] epoch 72/120  supcon=3.3069  sigreg=0.0437
  [supcon+sigreg] epoch 73/120  supcon=3.2935  sigreg=0.0432
  [supcon+sigreg] epoch 74/120  supcon=3.2795  sigreg=0.0387
  [supcon+sigreg] epoch 75/120  supcon=3.2655  sigreg=0.0445
  [supcon+sigreg] epoch 76/120  supcon=3.2488  sigreg=0.0442
  [supcon+sigreg] epoch 77/120  supcon=3.2484  sigreg=0.0422
  [supcon+sigreg] epoch 78/120  supcon=3.2528  sigreg=0.0389
  [supcon+sigreg] epoch 79/120  supcon=3.2273  sigreg=0.0411
  [supcon+sigreg] epoch 80/120  supcon=3.2546  sigreg=0.0400
  [supcon+sigreg] epoch 81/120  supcon=3.2277  sigreg=0.0392
  [supcon+sigreg] epoch 82/120  supcon=3.2222  sigreg=0.0358
  [supcon+sigreg] epoch 83/120  supcon=3.1937  sigreg=0.0382
  [supcon+sigreg] epoch 84/120  supcon=3.2187  sigreg=0.0395
  [supcon+sigreg] epoch 85/120  supcon=3.2188  sigreg=0.0487
  [supcon+sigreg] epoch 86/120  supcon=3.1649  sigreg=0.0360
  [supcon+sigreg] epoch 87/120  supcon=3.1807  sigreg=0.0388
  [supcon+sigreg] epoch 88/120  supcon=3.1809  sigreg=0.0377
  [supcon+sigreg] epoch 89/120  supcon=3.1782  sigreg=0.0454
  [supcon+sigreg] epoch 90/120  supcon=3.1471  sigreg=0.0414
  [supcon+sigreg] epoch 91/120  supcon=3.1527  sigreg=0.0432
  [supcon+sigreg] epoch 92/120  supcon=3.1229  sigreg=0.0424
  [supcon+sigreg] epoch 93/120  supcon=3.1389  sigreg=0.0395
  [supcon+sigreg] epoch 94/120  supcon=3.1285  sigreg=0.0384
  [supcon+sigreg] epoch 95/120  supcon=3.1131  sigreg=0.0408
  [supcon+sigreg] epoch 96/120  supcon=3.1108  sigreg=0.0398
  [supcon+sigreg] epoch 97/120  supcon=3.0946  sigreg=0.0377
  [supcon+sigreg] epoch 98/120  supcon=3.1089  sigreg=0.0388
  [supcon+sigreg] epoch 99/120  supcon=3.0978  sigreg=0.0374
  [supcon+sigreg] epoch 100/120  supcon=3.0982  sigreg=0.0371
  [supcon+sigreg] epoch 101/120  supcon=3.0815  sigreg=0.0415
  [supcon+sigreg] epoch 102/120  supcon=3.0511  sigreg=0.0392
  [supcon+sigreg] epoch 103/120  supcon=3.0433  sigreg=0.0412
  [supcon+sigreg] epoch 104/120  supcon=3.0876  sigreg=0.0322
  [supcon+sigreg] epoch 105/120  supcon=3.0452  sigreg=0.0390
  [supcon+sigreg] epoch 106/120  supcon=3.0403  sigreg=0.0379
  [supcon+sigreg] epoch 107/120  supcon=3.0397  sigreg=0.0348
  [supcon+sigreg] epoch 108/120  supcon=3.0408  sigreg=0.0396
  [supcon+sigreg] epoch 109/120  supcon=3.0251  sigreg=0.0429
  [supcon+sigreg] epoch 110/120  supcon=3.0236  sigreg=0.0371
  [supcon+sigreg] epoch 111/120  supcon=3.0247  sigreg=0.0437
  [supcon+sigreg] epoch 112/120  supcon=3.0201  sigreg=0.0381
  [supcon+sigreg] epoch 113/120  supcon=3.0179  sigreg=0.0379
  [supcon+sigreg] epoch 114/120  supcon=2.9987  sigreg=0.0398
  [supcon+sigreg] epoch 115/120  supcon=2.9947  sigreg=0.0330
  [supcon+sigreg] epoch 116/120  supcon=2.9829  sigreg=0.0389
  [supcon+sigreg] epoch 117/120  supcon=2.9806  sigreg=0.0396
  [supcon+sigreg] epoch 118/120  supcon=2.9773  sigreg=0.0345
  [supcon+sigreg] epoch 119/120  supcon=2.9746  sigreg=0.0391
  [supcon+sigreg] epoch 120/120  supcon=2.9435  sigreg=0.0375
  [simclr+sigreg] epoch 1/120  nt-xent=5.9455  sigreg=0.8664
  [simclr+sigreg] epoch 2/120  nt-xent=5.4973  sigreg=0.7365
  [simclr+sigreg] epoch 3/120  nt-xent=5.4831  sigreg=0.5722
  [simclr+sigreg] epoch 4/120  nt-xent=5.4832  sigreg=0.4683
  [simclr+sigreg] epoch 5/120  nt-xent=5.4872  sigreg=0.3208
  [simclr+sigreg] epoch 6/120  nt-xent=5.5152  sigreg=0.2464
  [simclr+sigreg] epoch 7/120  nt-xent=5.5207  sigreg=0.2079
  [simclr+sigreg] epoch 8/120  nt-xent=5.4863  sigreg=0.1721
  [simclr+sigreg] epoch 9/120  nt-xent=5.4576  sigreg=0.1364
  [simclr+sigreg] epoch 10/120  nt-xent=5.4495  sigreg=0.1255
  [simclr+sigreg] epoch 11/120  nt-xent=5.4303  sigreg=0.1173
  [simclr+sigreg] epoch 12/120  nt-xent=5.4227  sigreg=0.1073
  [simclr+sigreg] epoch 13/120  nt-xent=5.3975  sigreg=0.0880
  [simclr+sigreg] epoch 14/120  nt-xent=5.3886  sigreg=0.0916
  [simclr+sigreg] epoch 15/120  nt-xent=5.3718  sigreg=0.0860
  [simclr+sigreg] epoch 16/120  nt-xent=5.3568  sigreg=0.0763
  [simclr+sigreg] epoch 17/120  nt-xent=5.3548  sigreg=0.0706
  [simclr+sigreg] epoch 18/120  nt-xent=5.3479  sigreg=0.0710
  [simclr+sigreg] epoch 19/120  nt-xent=5.3433  sigreg=0.0835
  [simclr+sigreg] epoch 20/120  nt-xent=5.3379  sigreg=0.0735
  [simclr+sigreg] epoch 21/120  nt-xent=5.3385  sigreg=0.0797
  [simclr+sigreg] epoch 22/120  nt-xent=5.3267  sigreg=0.0733
  [simclr+sigreg] epoch 23/120  nt-xent=5.3198  sigreg=0.0688
  [simclr+sigreg] epoch 24/120  nt-xent=5.3242  sigreg=0.0708
  [simclr+sigreg] epoch 25/120  nt-xent=5.3146  sigreg=0.0654
  [simclr+sigreg] epoch 26/120  nt-xent=5.3109  sigreg=0.0664
  [simclr+sigreg] epoch 27/120  nt-xent=5.3092  sigreg=0.0681
  [simclr+sigreg] epoch 28/120  nt-xent=5.3048  sigreg=0.0678
  [simclr+sigreg] epoch 29/120  nt-xent=5.2939  sigreg=0.0582
  [simclr+sigreg] epoch 30/120  nt-xent=5.2928  sigreg=0.0584
  [simclr+sigreg] epoch 31/120  nt-xent=5.2926  sigreg=0.0581
  [simclr+sigreg] epoch 32/120  nt-xent=5.2909  sigreg=0.0635
  [simclr+sigreg] epoch 33/120  nt-xent=5.2884  sigreg=0.0536
  [simclr+sigreg] epoch 34/120  nt-xent=5.2827  sigreg=0.0550
  [simclr+sigreg] epoch 35/120  nt-xent=5.2829  sigreg=0.0611
  [simclr+sigreg] epoch 36/120  nt-xent=5.2821  sigreg=0.0518
  [simclr+sigreg] epoch 37/120  nt-xent=5.2770  sigreg=0.0555
  [simclr+sigreg] epoch 38/120  nt-xent=5.2736  sigreg=0.0474
  [simclr+sigreg] epoch 39/120  nt-xent=5.2759  sigreg=0.0458
  [simclr+sigreg] epoch 40/120  nt-xent=5.2682  sigreg=0.0583
  [simclr+sigreg] epoch 41/120  nt-xent=5.2693  sigreg=0.0511
  [simclr+sigreg] epoch 42/120  nt-xent=5.2681  sigreg=0.0580
  [simclr+sigreg] epoch 43/120  nt-xent=5.2687  sigreg=0.0604
  [simclr+sigreg] epoch 44/120  nt-xent=5.2616  sigreg=0.0488
  [simclr+sigreg] epoch 45/120  nt-xent=5.2596  sigreg=0.0508
  [simclr+sigreg] epoch 46/120  nt-xent=5.2643  sigreg=0.0446
  [simclr+sigreg] epoch 47/120  nt-xent=5.2585  sigreg=0.0515
  [simclr+sigreg] epoch 48/120  nt-xent=5.2557  sigreg=0.0471
  [simclr+sigreg] epoch 49/120  nt-xent=5.2587  sigreg=0.0484
  [simclr+sigreg] epoch 50/120  nt-xent=5.2531  sigreg=0.0520
  [simclr+sigreg] epoch 51/120  nt-xent=5.2579  sigreg=0.0510
  [simclr+sigreg] epoch 52/120  nt-xent=5.2524  sigreg=0.0461
  [simclr+sigreg] epoch 53/120  nt-xent=5.2530  sigreg=0.0495
  [simclr+sigreg] epoch 54/120  nt-xent=5.2480  sigreg=0.0457
  [simclr+sigreg] epoch 55/120  nt-xent=5.2453  sigreg=0.0485
  [simclr+sigreg] epoch 56/120  nt-xent=5.2501  sigreg=0.0463
  [simclr+sigreg] epoch 57/120  nt-xent=5.2511  sigreg=0.0492
  [simclr+sigreg] epoch 58/120  nt-xent=5.2503  sigreg=0.0485
  [simclr+sigreg] epoch 59/120  nt-xent=5.2565  sigreg=0.0550
  [simclr+sigreg] epoch 60/120  nt-xent=5.2497  sigreg=0.0473
  [simclr+sigreg] epoch 61/120  nt-xent=5.2442  sigreg=0.0453
  [simclr+sigreg] epoch 62/120  nt-xent=5.2448  sigreg=0.0461
  [simclr+sigreg] epoch 63/120  nt-xent=5.2452  sigreg=0.0445
  [simclr+sigreg] epoch 64/120  nt-xent=5.2395  sigreg=0.0402
  [simclr+sigreg] epoch 65/120  nt-xent=5.2413  sigreg=0.0459
  [simclr+sigreg] epoch 66/120  nt-xent=5.2404  sigreg=0.0434
  [simclr+sigreg] epoch 67/120  nt-xent=5.2400  sigreg=0.0394
  [simclr+sigreg] epoch 68/120  nt-xent=5.2379  sigreg=0.0455
  [simclr+sigreg] epoch 69/120  nt-xent=5.2410  sigreg=0.0429
  [simclr+sigreg] epoch 70/120  nt-xent=5.2368  sigreg=0.0491
  [simclr+sigreg] epoch 71/120  nt-xent=5.2313  sigreg=0.0441
  [simclr+sigreg] epoch 72/120  nt-xent=5.2274  sigreg=0.0422
  [simclr+sigreg] epoch 73/120  nt-xent=5.2342  sigreg=0.0448
  [simclr+sigreg] epoch 74/120  nt-xent=5.2263  sigreg=0.0462
  [simclr+sigreg] epoch 75/120  nt-xent=5.2258  sigreg=0.0401
  [simclr+sigreg] epoch 76/120  nt-xent=5.2313  sigreg=0.0435
  [simclr+sigreg] epoch 77/120  nt-xent=5.2296  sigreg=0.0461
  [simclr+sigreg] epoch 78/120  nt-xent=5.2319  sigreg=0.0478
  [simclr+sigreg] epoch 79/120  nt-xent=5.2242  sigreg=0.0410
  [simclr+sigreg] epoch 80/120  nt-xent=5.2297  sigreg=0.0481
  [simclr+sigreg] epoch 81/120  nt-xent=5.2235  sigreg=0.0411
  [simclr+sigreg] epoch 82/120  nt-xent=5.2276  sigreg=0.0431
  [simclr+sigreg] epoch 83/120  nt-xent=5.2328  sigreg=0.0446
  [simclr+sigreg] epoch 84/120  nt-xent=5.2266  sigreg=0.0464
  [simclr+sigreg] epoch 85/120  nt-xent=5.2202  sigreg=0.0397
  [simclr+sigreg] epoch 86/120  nt-xent=5.2265  sigreg=0.0371
  [simclr+sigreg] epoch 87/120  nt-xent=5.2288  sigreg=0.0451
  [simclr+sigreg] epoch 88/120  nt-xent=5.2269  sigreg=0.0372
  [simclr+sigreg] epoch 89/120  nt-xent=5.2233  sigreg=0.0421
  [simclr+sigreg] epoch 90/120  nt-xent=5.2210  sigreg=0.0427
  [simclr+sigreg] epoch 91/120  nt-xent=5.2208  sigreg=0.0366
  [simclr+sigreg] epoch 92/120  nt-xent=5.2137  sigreg=0.0404
  [simclr+sigreg] epoch 93/120  nt-xent=5.2164  sigreg=0.0389
  [simclr+sigreg] epoch 94/120  nt-xent=5.2158  sigreg=0.0389
  [simclr+sigreg] epoch 95/120  nt-xent=5.2207  sigreg=0.0395
  [simclr+sigreg] epoch 96/120  nt-xent=5.2150  sigreg=0.0366
  [simclr+sigreg] epoch 97/120  nt-xent=5.2169  sigreg=0.0351
  [simclr+sigreg] epoch 98/120  nt-xent=5.2156  sigreg=0.0372
  [simclr+sigreg] epoch 99/120  nt-xent=5.2157  sigreg=0.0404
  [simclr+sigreg] epoch 100/120  nt-xent=5.2138  sigreg=0.0402
  [simclr+sigreg] epoch 101/120  nt-xent=5.2104  sigreg=0.0397
  [simclr+sigreg] epoch 102/120  nt-xent=5.2124  sigreg=0.0324
  [simclr+sigreg] epoch 103/120  nt-xent=5.2105  sigreg=0.0351
  [simclr+sigreg] epoch 104/120  nt-xent=5.2160  sigreg=0.0341
  [simclr+sigreg] epoch 105/120  nt-xent=5.2072  sigreg=0.0353
  [simclr+sigreg] epoch 106/120  nt-xent=5.2059  sigreg=0.0370
  [simclr+sigreg] epoch 107/120  nt-xent=5.2092  sigreg=0.0349
  [simclr+sigreg] epoch 108/120  nt-xent=5.2094  sigreg=0.0324
  [simclr+sigreg] epoch 109/120  nt-xent=5.2055  sigreg=0.0399
  [simclr+sigreg] epoch 110/120  nt-xent=5.2141  sigreg=0.0354
  [simclr+sigreg] epoch 111/120  nt-xent=5.2127  sigreg=0.0419
  [simclr+sigreg] epoch 112/120  nt-xent=5.2127  sigreg=0.0415
  [simclr+sigreg] epoch 113/120  nt-xent=5.2078  sigreg=0.0369
  [simclr+sigreg] epoch 114/120  nt-xent=5.2168  sigreg=0.0454
  [simclr+sigreg] epoch 115/120  nt-xent=5.2093  sigreg=0.0319
  [simclr+sigreg] epoch 116/120  nt-xent=5.2041  sigreg=0.0360
  [simclr+sigreg] epoch 117/120  nt-xent=5.2090  sigreg=0.0321
  [simclr+sigreg] epoch 118/120  nt-xent=5.2075  sigreg=0.0341
  [simclr+sigreg] epoch 119/120  nt-xent=5.2052  sigreg=0.0343
  [simclr+sigreg] epoch 120/120  nt-xent=5.2018  sigreg=0.0400
  [flowers/lejepa] raw probe (768d)           88.7
  [flowers/lejepa] SupCon (aug)               83.6
  [flowers/lejepa] ss[lam5]                   87.7
  [flowers/lejepa] supcon+hybrid (concat)     68.4
  [flowers/lejepa] ss+hybrid (concat)         84.3

######## flowers on VISReg ViT-B/16 (paper's weights) ########
  extracted flowers/visreg train: (2040, 768)
  extracted flowers/visreg test: (6149, 768)
  flowers/visreg aug replica 1/8
  flowers/visreg aug replica 2/8
  flowers/visreg aug replica 3/8
  flowers/visreg aug replica 4/8
  flowers/visreg aug replica 5/8
  flowers/visreg aug replica 6/8
  flowers/visreg aug replica 7/8
  flowers/visreg aug replica 8/8
  [supcon] epoch 1/120  loss=5.9486
  [supcon] epoch 2/120  loss=5.2286
  [supcon] epoch 3/120  loss=4.8407
  [supcon] epoch 4/120  loss=4.5160
  [supcon] epoch 5/120  loss=4.3349
  [supcon] epoch 6/120  loss=4.2381
  [supcon] epoch 7/120  loss=4.0289
  [supcon] epoch 8/120  loss=3.8911
  [supcon] epoch 9/120  loss=3.8078
  [supcon] epoch 10/120  loss=3.7302
  [supcon] epoch 11/120  loss=3.6723
  [supcon] epoch 12/120  loss=3.5623
  [supcon] epoch 13/120  loss=3.5158
  [supcon] epoch 14/120  loss=3.4056
  [supcon] epoch 15/120  loss=3.4370
  [supcon] epoch 16/120  loss=3.3517
  [supcon] epoch 17/120  loss=3.2616
  [supcon] epoch 18/120  loss=3.2502
  [supcon] epoch 19/120  loss=3.2017
  [supcon] epoch 20/120  loss=3.1603
  [supcon] epoch 21/120  loss=3.1328
  [supcon] epoch 22/120  loss=3.0743
  [supcon] epoch 23/120  loss=3.0542
  [supcon] epoch 24/120  loss=3.0250
  [supcon] epoch 25/120  loss=3.0159
  [supcon] epoch 26/120  loss=2.9564
  [supcon] epoch 27/120  loss=2.9400
  [supcon] epoch 28/120  loss=2.9339
  [supcon] epoch 29/120  loss=2.8961
  [supcon] epoch 30/120  loss=2.8567
  [supcon] epoch 31/120  loss=2.8457
  [supcon] epoch 32/120  loss=2.8093
  [supcon] epoch 33/120  loss=2.8111
  [supcon] epoch 34/120  loss=2.7960
  [supcon] epoch 35/120  loss=2.7915
  [supcon] epoch 36/120  loss=2.7778
  [supcon] epoch 37/120  loss=2.7452
  [supcon] epoch 38/120  loss=2.7240
  [supcon] epoch 39/120  loss=2.7177
  [supcon] epoch 40/120  loss=2.7056
  [supcon] epoch 41/120  loss=2.6868
  [supcon] epoch 42/120  loss=2.6723
  [supcon] epoch 43/120  loss=2.6640
  [supcon] epoch 44/120  loss=2.6657
  [supcon] epoch 45/120  loss=2.6445
  [supcon] epoch 46/120  loss=2.6400
  [supcon] epoch 47/120  loss=2.6408
  [supcon] epoch 48/120  loss=2.6289
  [supcon] epoch 49/120  loss=2.6163
  [supcon] epoch 50/120  loss=2.6061
  [supcon] epoch 51/120  loss=2.6045
  [supcon] epoch 52/120  loss=2.5845
  [supcon] epoch 53/120  loss=2.5801
  [supcon] epoch 54/120  loss=2.5798
  [supcon] epoch 55/120  loss=2.5671
  [supcon] epoch 56/120  loss=2.5597
  [supcon] epoch 57/120  loss=2.5498
  [supcon] epoch 58/120  loss=2.5534
  [supcon] epoch 59/120  loss=2.5360
  [supcon] epoch 60/120  loss=2.5304
  [supcon] epoch 61/120  loss=2.5379
  [supcon] epoch 62/120  loss=2.5155
  [supcon] epoch 63/120  loss=2.5183
  [supcon] epoch 64/120  loss=2.5068
  [supcon] epoch 65/120  loss=2.5014
  [supcon] epoch 66/120  loss=2.5017
  [supcon] epoch 67/120  loss=2.5011
  [supcon] epoch 68/120  loss=2.4984
  [supcon] epoch 69/120  loss=2.4844
  [supcon] epoch 70/120  loss=2.4891
  [supcon] epoch 71/120  loss=2.4832
  [supcon] epoch 72/120  loss=2.4810
  [supcon] epoch 73/120  loss=2.4776
  [supcon] epoch 74/120  loss=2.4790
  [supcon] epoch 75/120  loss=2.4658
  [supcon] epoch 76/120  loss=2.4680
  [supcon] epoch 77/120  loss=2.4590
  [supcon] epoch 78/120  loss=2.4545
  [supcon] epoch 79/120  loss=2.4522
  [supcon] epoch 80/120  loss=2.4497
  [supcon] epoch 81/120  loss=2.4495
  [supcon] epoch 82/120  loss=2.4393
  [supcon] epoch 83/120  loss=2.4469
  [supcon] epoch 84/120  loss=2.4322
  [supcon] epoch 85/120  loss=2.4345
  [supcon] epoch 86/120  loss=2.4407
  [supcon] epoch 87/120  loss=2.4325
  [supcon] epoch 88/120  loss=2.4330
  [supcon] epoch 89/120  loss=2.4205
  [supcon] epoch 90/120  loss=2.4257
  [supcon] epoch 91/120  loss=2.4309
  [supcon] epoch 92/120  loss=2.4181
  [supcon] epoch 93/120  loss=2.4241
  [supcon] epoch 94/120  loss=2.4105
  [supcon] epoch 95/120  loss=2.4127
  [supcon] epoch 96/120  loss=2.4215
  [supcon] epoch 97/120  loss=2.4211
  [supcon] epoch 98/120  loss=2.4014
  [supcon] epoch 99/120  loss=2.4043
  [supcon] epoch 100/120  loss=2.3965
  [supcon] epoch 101/120  loss=2.4066
  [supcon] epoch 102/120  loss=2.3944
  [supcon] epoch 103/120  loss=2.3930
  [supcon] epoch 104/120  loss=2.4066
  [supcon] epoch 105/120  loss=2.3982
  [supcon] epoch 106/120  loss=2.3876
  [supcon] epoch 107/120  loss=2.4038
  [supcon] epoch 108/120  loss=2.4030
  [supcon] epoch 109/120  loss=2.3871
  [supcon] epoch 110/120  loss=2.3937
  [supcon] epoch 111/120  loss=2.3936
  [supcon] epoch 112/120  loss=2.4004
  [supcon] epoch 113/120  loss=2.3839
  [supcon] epoch 114/120  loss=2.4054
  [supcon] epoch 115/120  loss=2.3891
  [supcon] epoch 116/120  loss=2.3824
  [supcon] epoch 117/120  loss=2.3919
  [supcon] epoch 118/120  loss=2.3788
  [supcon] epoch 119/120  loss=2.3730
  [supcon] epoch 120/120  loss=2.3873
  [supcon+sigreg] epoch 1/120  supcon=5.7168  sigreg=0.7036
  [supcon+sigreg] epoch 2/120  supcon=5.4060  sigreg=0.4511
  [supcon+sigreg] epoch 3/120  supcon=5.3038  sigreg=0.3034
  [supcon+sigreg] epoch 4/120  supcon=5.1770  sigreg=0.2222
  [supcon+sigreg] epoch 5/120  supcon=5.0253  sigreg=0.1781
  [supcon+sigreg] epoch 6/120  supcon=4.9268  sigreg=0.1675
  [supcon+sigreg] epoch 7/120  supcon=4.8394  sigreg=0.1481
  [supcon+sigreg] epoch 8/120  supcon=4.7824  sigreg=0.1213
  [supcon+sigreg] epoch 9/120  supcon=4.6666  sigreg=0.1223
  [supcon+sigreg] epoch 10/120  supcon=4.5993  sigreg=0.1122
  [supcon+sigreg] epoch 11/120  supcon=4.4758  sigreg=0.1033
  [supcon+sigreg] epoch 12/120  supcon=4.4828  sigreg=0.1014
  [supcon+sigreg] epoch 13/120  supcon=4.4570  sigreg=0.0979
  [supcon+sigreg] epoch 14/120  supcon=4.3588  sigreg=0.1064
  [supcon+sigreg] epoch 15/120  supcon=4.2950  sigreg=0.1119
  [supcon+sigreg] epoch 16/120  supcon=4.2754  sigreg=0.0912
  [supcon+sigreg] epoch 17/120  supcon=4.1779  sigreg=0.0826
  [supcon+sigreg] epoch 18/120  supcon=4.1627  sigreg=0.0863
  [supcon+sigreg] epoch 19/120  supcon=4.1060  sigreg=0.0802
  [supcon+sigreg] epoch 20/120  supcon=4.0825  sigreg=0.0743
  [supcon+sigreg] epoch 21/120  supcon=4.0811  sigreg=0.0764
  [supcon+sigreg] epoch 22/120  supcon=4.0431  sigreg=0.0648
  [supcon+sigreg] epoch 23/120  supcon=4.0074  sigreg=0.0668
  [supcon+sigreg] epoch 24/120  supcon=3.9694  sigreg=0.0541
  [supcon+sigreg] epoch 25/120  supcon=3.9265  sigreg=0.0587
  [supcon+sigreg] epoch 26/120  supcon=3.9408  sigreg=0.0569
  [supcon+sigreg] epoch 27/120  supcon=3.9177  sigreg=0.0588
  [supcon+sigreg] epoch 28/120  supcon=3.8680  sigreg=0.0586
  [supcon+sigreg] epoch 29/120  supcon=3.8571  sigreg=0.0645
  [supcon+sigreg] epoch 30/120  supcon=3.8296  sigreg=0.0644
  [supcon+sigreg] epoch 31/120  supcon=3.8452  sigreg=0.0655
  [supcon+sigreg] epoch 32/120  supcon=3.7757  sigreg=0.0653
  [supcon+sigreg] epoch 33/120  supcon=3.7644  sigreg=0.0586
  [supcon+sigreg] epoch 34/120  supcon=3.7479  sigreg=0.0643
  [supcon+sigreg] epoch 35/120  supcon=3.7128  sigreg=0.0659
  [supcon+sigreg] epoch 36/120  supcon=3.7124  sigreg=0.0718
  [supcon+sigreg] epoch 37/120  supcon=3.6538  sigreg=0.0662
  [supcon+sigreg] epoch 38/120  supcon=3.6416  sigreg=0.0634
  [supcon+sigreg] epoch 39/120  supcon=3.6124  sigreg=0.0681
  [supcon+sigreg] epoch 40/120  supcon=3.6401  sigreg=0.0738
  [supcon+sigreg] epoch 41/120  supcon=3.5991  sigreg=0.0739
  [supcon+sigreg] epoch 42/120  supcon=3.5864  sigreg=0.0936
  [supcon+sigreg] epoch 43/120  supcon=3.5818  sigreg=0.0822
  [supcon+sigreg] epoch 44/120  supcon=3.5856  sigreg=0.0932
  [supcon+sigreg] epoch 45/120  supcon=3.5600  sigreg=0.0773
  [supcon+sigreg] epoch 46/120  supcon=3.5445  sigreg=0.0808
  [supcon+sigreg] epoch 47/120  supcon=3.5477  sigreg=0.0742
  [supcon+sigreg] epoch 48/120  supcon=3.5358  sigreg=0.0707
  [supcon+sigreg] epoch 49/120  supcon=3.4740  sigreg=0.0656
  [supcon+sigreg] epoch 50/120  supcon=3.5065  sigreg=0.0613
  [supcon+sigreg] epoch 51/120  supcon=3.4581  sigreg=0.0640
  [supcon+sigreg] epoch 52/120  supcon=3.4442  sigreg=0.0567
  [supcon+sigreg] epoch 53/120  supcon=3.4542  sigreg=0.0610
  [supcon+sigreg] epoch 54/120  supcon=3.3929  sigreg=0.0529
  [supcon+sigreg] epoch 55/120  supcon=3.4194  sigreg=0.0459
  [supcon+sigreg] epoch 56/120  supcon=3.3845  sigreg=0.0477
  [supcon+sigreg] epoch 57/120  supcon=3.3628  sigreg=0.0523
  [supcon+sigreg] epoch 58/120  supcon=3.3734  sigreg=0.0516
  [supcon+sigreg] epoch 59/120  supcon=3.3452  sigreg=0.0464
  [supcon+sigreg] epoch 60/120  supcon=3.3431  sigreg=0.0553
  [supcon+sigreg] epoch 61/120  supcon=3.3361  sigreg=0.0559
  [supcon+sigreg] epoch 62/120  supcon=3.3129  sigreg=0.0432
  [supcon+sigreg] epoch 63/120  supcon=3.3090  sigreg=0.0465
  [supcon+sigreg] epoch 64/120  supcon=3.3334  sigreg=0.0413
  [supcon+sigreg] epoch 65/120  supcon=3.2853  sigreg=0.0470
  [supcon+sigreg] epoch 66/120  supcon=3.2554  sigreg=0.0406
  [supcon+sigreg] epoch 67/120  supcon=3.2565  sigreg=0.0491
  [supcon+sigreg] epoch 68/120  supcon=3.2755  sigreg=0.0412
  [supcon+sigreg] epoch 69/120  supcon=3.2343  sigreg=0.0437
  [supcon+sigreg] epoch 70/120  supcon=3.2313  sigreg=0.0413
  [supcon+sigreg] epoch 71/120  supcon=3.2206  sigreg=0.0404
  [supcon+sigreg] epoch 72/120  supcon=3.2183  sigreg=0.0452
  [supcon+sigreg] epoch 73/120  supcon=3.1869  sigreg=0.0386
  [supcon+sigreg] epoch 74/120  supcon=3.1991  sigreg=0.0454
  [supcon+sigreg] epoch 75/120  supcon=3.1584  sigreg=0.0452
  [supcon+sigreg] epoch 76/120  supcon=3.1735  sigreg=0.0452
  [supcon+sigreg] epoch 77/120  supcon=3.1714  sigreg=0.0515
  [supcon+sigreg] epoch 78/120  supcon=3.1590  sigreg=0.0496
  [supcon+sigreg] epoch 79/120  supcon=3.1124  sigreg=0.0421
  [supcon+sigreg] epoch 80/120  supcon=3.1530  sigreg=0.0424
  [supcon+sigreg] epoch 81/120  supcon=3.1371  sigreg=0.0424
  [supcon+sigreg] epoch 82/120  supcon=3.1160  sigreg=0.0421
  [supcon+sigreg] epoch 83/120  supcon=3.1024  sigreg=0.0371
  [supcon+sigreg] epoch 84/120  supcon=3.1217  sigreg=0.0418
  [supcon+sigreg] epoch 85/120  supcon=3.1125  sigreg=0.0410
  [supcon+sigreg] epoch 86/120  supcon=3.0839  sigreg=0.0414
  [supcon+sigreg] epoch 87/120  supcon=3.0715  sigreg=0.0421
  [supcon+sigreg] epoch 88/120  supcon=3.0657  sigreg=0.0382
  [supcon+sigreg] epoch 89/120  supcon=3.0727  sigreg=0.0421
  [supcon+sigreg] epoch 90/120  supcon=3.0378  sigreg=0.0365
  [supcon+sigreg] epoch 91/120  supcon=3.0507  sigreg=0.0392
  [supcon+sigreg] epoch 92/120  supcon=3.0356  sigreg=0.0378
  [supcon+sigreg] epoch 93/120  supcon=3.0438  sigreg=0.0342
  [supcon+sigreg] epoch 94/120  supcon=3.0373  sigreg=0.0432
  [supcon+sigreg] epoch 95/120  supcon=3.0042  sigreg=0.0409
  [supcon+sigreg] epoch 96/120  supcon=3.0126  sigreg=0.0397
  [supcon+sigreg] epoch 97/120  supcon=2.9983  sigreg=0.0412
  [supcon+sigreg] epoch 98/120  supcon=3.0021  sigreg=0.0454
  [supcon+sigreg] epoch 99/120  supcon=3.0003  sigreg=0.0418
  [supcon+sigreg] epoch 100/120  supcon=3.0022  sigreg=0.0390
  [supcon+sigreg] epoch 101/120  supcon=2.9818  sigreg=0.0463
  [supcon+sigreg] epoch 102/120  supcon=2.9597  sigreg=0.0409
  [supcon+sigreg] epoch 103/120  supcon=2.9451  sigreg=0.0429
  [supcon+sigreg] epoch 104/120  supcon=2.9951  sigreg=0.0440
  [supcon+sigreg] epoch 105/120  supcon=2.9609  sigreg=0.0451
  [supcon+sigreg] epoch 106/120  supcon=2.9453  sigreg=0.0498
  [supcon+sigreg] epoch 107/120  supcon=2.9504  sigreg=0.0479
  [supcon+sigreg] epoch 108/120  supcon=2.9326  sigreg=0.0495
  [supcon+sigreg] epoch 109/120  supcon=2.9283  sigreg=0.0459
  [supcon+sigreg] epoch 110/120  supcon=2.9308  sigreg=0.0482
  [supcon+sigreg] epoch 111/120  supcon=2.9265  sigreg=0.0457
  [supcon+sigreg] epoch 112/120  supcon=2.9325  sigreg=0.0438
  [supcon+sigreg] epoch 113/120  supcon=2.9254  sigreg=0.0434
  [supcon+sigreg] epoch 114/120  supcon=2.9150  sigreg=0.0417
  [supcon+sigreg] epoch 115/120  supcon=2.9121  sigreg=0.0500
  [supcon+sigreg] epoch 116/120  supcon=2.8799  sigreg=0.0375
  [supcon+sigreg] epoch 117/120  supcon=2.8896  sigreg=0.0372
  [supcon+sigreg] epoch 118/120  supcon=2.8853  sigreg=0.0327
  [supcon+sigreg] epoch 119/120  supcon=2.8798  sigreg=0.0331
  [supcon+sigreg] epoch 120/120  supcon=2.8420  sigreg=0.0339
  [simclr+sigreg] epoch 1/120  nt-xent=6.2006  sigreg=0.7008
  [simclr+sigreg] epoch 2/120  nt-xent=5.6665  sigreg=0.3971
  [simclr+sigreg] epoch 3/120  nt-xent=5.6235  sigreg=0.2116
  [simclr+sigreg] epoch 4/120  nt-xent=5.5962  sigreg=0.1713
  [simclr+sigreg] epoch 5/120  nt-xent=5.5614  sigreg=0.1762
  [simclr+sigreg] epoch 6/120  nt-xent=5.5331  sigreg=0.1612
  [simclr+sigreg] epoch 7/120  nt-xent=5.4917  sigreg=0.1304
  [simclr+sigreg] epoch 8/120  nt-xent=5.4725  sigreg=0.1258
  [simclr+sigreg] epoch 9/120  nt-xent=5.4556  sigreg=0.1043
  [simclr+sigreg] epoch 10/120  nt-xent=5.4362  sigreg=0.1101
  [simclr+sigreg] epoch 11/120  nt-xent=5.4131  sigreg=0.0942
  [simclr+sigreg] epoch 12/120  nt-xent=5.4100  sigreg=0.0855
  [simclr+sigreg] epoch 13/120  nt-xent=5.3829  sigreg=0.0792
  [simclr+sigreg] epoch 14/120  nt-xent=5.3767  sigreg=0.0763
  [simclr+sigreg] epoch 15/120  nt-xent=5.3709  sigreg=0.0947
  [simclr+sigreg] epoch 16/120  nt-xent=5.3572  sigreg=0.0840
  [simclr+sigreg] epoch 17/120  nt-xent=5.3544  sigreg=0.0845
  [simclr+sigreg] epoch 18/120  nt-xent=5.3406  sigreg=0.0903
  [simclr+sigreg] epoch 19/120  nt-xent=5.3356  sigreg=0.0729
  [simclr+sigreg] epoch 20/120  nt-xent=5.3269  sigreg=0.0717
  [simclr+sigreg] epoch 21/120  nt-xent=5.3233  sigreg=0.0823
  [simclr+sigreg] epoch 22/120  nt-xent=5.3165  sigreg=0.0757
  [simclr+sigreg] epoch 23/120  nt-xent=5.3152  sigreg=0.0697
  [simclr+sigreg] epoch 24/120  nt-xent=5.3045  sigreg=0.0607
  [simclr+sigreg] epoch 25/120  nt-xent=5.3000  sigreg=0.0702
  [simclr+sigreg] epoch 26/120  nt-xent=5.2919  sigreg=0.0697
  [simclr+sigreg] epoch 27/120  nt-xent=5.2913  sigreg=0.0570
  [simclr+sigreg] epoch 28/120  nt-xent=5.2820  sigreg=0.0651
  [simclr+sigreg] epoch 29/120  nt-xent=5.2804  sigreg=0.0554
  [simclr+sigreg] epoch 30/120  nt-xent=5.2697  sigreg=0.0565
  [simclr+sigreg] epoch 31/120  nt-xent=5.2790  sigreg=0.0589
  [simclr+sigreg] epoch 32/120  nt-xent=5.2746  sigreg=0.0551
  [simclr+sigreg] epoch 33/120  nt-xent=5.2648  sigreg=0.0536
  [simclr+sigreg] epoch 34/120  nt-xent=5.2692  sigreg=0.0611
  [simclr+sigreg] epoch 35/120  nt-xent=5.2681  sigreg=0.0508
  [simclr+sigreg] epoch 36/120  nt-xent=5.2570  sigreg=0.0563
  [simclr+sigreg] epoch 37/120  nt-xent=5.2604  sigreg=0.0532
  [simclr+sigreg] epoch 38/120  nt-xent=5.2545  sigreg=0.0479
  [simclr+sigreg] epoch 39/120  nt-xent=5.2578  sigreg=0.0582
  [simclr+sigreg] epoch 40/120  nt-xent=5.2483  sigreg=0.0588
  [simclr+sigreg] epoch 41/120  nt-xent=5.2484  sigreg=0.0428
  [simclr+sigreg] epoch 42/120  nt-xent=5.2561  sigreg=0.0476
  [simclr+sigreg] epoch 43/120  nt-xent=5.2533  sigreg=0.0561
  [simclr+sigreg] epoch 44/120  nt-xent=5.2487  sigreg=0.0482
  [simclr+sigreg] epoch 45/120  nt-xent=5.2353  sigreg=0.0425
  [simclr+sigreg] epoch 46/120  nt-xent=5.2412  sigreg=0.0417
  [simclr+sigreg] epoch 47/120  nt-xent=5.2388  sigreg=0.0417
  [simclr+sigreg] epoch 48/120  nt-xent=5.2380  sigreg=0.0498
  [simclr+sigreg] epoch 49/120  nt-xent=5.2380  sigreg=0.0424
  [simclr+sigreg] epoch 50/120  nt-xent=5.2310  sigreg=0.0373
  [simclr+sigreg] epoch 51/120  nt-xent=5.2382  sigreg=0.0435
  [simclr+sigreg] epoch 52/120  nt-xent=5.2297  sigreg=0.0389
  [simclr+sigreg] epoch 53/120  nt-xent=5.2303  sigreg=0.0485
  [simclr+sigreg] epoch 54/120  nt-xent=5.2328  sigreg=0.0431
  [simclr+sigreg] epoch 55/120  nt-xent=5.2227  sigreg=0.0427
  [simclr+sigreg] epoch 56/120  nt-xent=5.2275  sigreg=0.0433
  [simclr+sigreg] epoch 57/120  nt-xent=5.2243  sigreg=0.0441
  [simclr+sigreg] epoch 58/120  nt-xent=5.2264  sigreg=0.0359
  [simclr+sigreg] epoch 59/120  nt-xent=5.2241  sigreg=0.0405
  [simclr+sigreg] epoch 60/120  nt-xent=5.2193  sigreg=0.0335
  [simclr+sigreg] epoch 61/120  nt-xent=5.2242  sigreg=0.0418
  [simclr+sigreg] epoch 62/120  nt-xent=5.2299  sigreg=0.0449
  [simclr+sigreg] epoch 63/120  nt-xent=5.2246  sigreg=0.0400
  [simclr+sigreg] epoch 64/120  nt-xent=5.2218  sigreg=0.0391
  [simclr+sigreg] epoch 65/120  nt-xent=5.2209  sigreg=0.0419
  [simclr+sigreg] epoch 66/120  nt-xent=5.2187  sigreg=0.0421
  [simclr+sigreg] epoch 67/120  nt-xent=5.2266  sigreg=0.0473
  [simclr+sigreg] epoch 68/120  nt-xent=5.2196  sigreg=0.0354
  [simclr+sigreg] epoch 69/120  nt-xent=5.2175  sigreg=0.0383
  [simclr+sigreg] epoch 70/120  nt-xent=5.2220  sigreg=0.0398
  [simclr+sigreg] epoch 71/120  nt-xent=5.2194  sigreg=0.0446
  [simclr+sigreg] epoch 72/120  nt-xent=5.2181  sigreg=0.0383
Using cache found in /home/pharris/.cache/torch/hub/facebookresearch_dino_main
  [simclr+sigreg] epoch 73/120  nt-xent=5.2203  sigreg=0.0439
  [simclr+sigreg] epoch 74/120  nt-xent=5.2214  sigreg=0.0411
  [simclr+sigreg] epoch 75/120  nt-xent=5.2181  sigreg=0.0392
  [simclr+sigreg] epoch 76/120  nt-xent=5.2235  sigreg=0.0448
  [simclr+sigreg] epoch 77/120  nt-xent=5.2207  sigreg=0.0480
  [simclr+sigreg] epoch 78/120  nt-xent=5.2128  sigreg=0.0434
  [simclr+sigreg] epoch 79/120  nt-xent=5.2098  sigreg=0.0363
  [simclr+sigreg] epoch 80/120  nt-xent=5.2112  sigreg=0.0474
  [simclr+sigreg] epoch 81/120  nt-xent=5.2096  sigreg=0.0354
  [simclr+sigreg] epoch 82/120  nt-xent=5.2134  sigreg=0.0464
  [simclr+sigreg] epoch 83/120  nt-xent=5.2089  sigreg=0.0397
  [simclr+sigreg] epoch 84/120  nt-xent=5.2114  sigreg=0.0421
  [simclr+sigreg] epoch 85/120  nt-xent=5.2026  sigreg=0.0384
  [simclr+sigreg] epoch 86/120  nt-xent=5.2143  sigreg=0.0442
  [simclr+sigreg] epoch 87/120  nt-xent=5.2109  sigreg=0.0371
  [simclr+sigreg] epoch 88/120  nt-xent=5.2114  sigreg=0.0332
  [simclr+sigreg] epoch 89/120  nt-xent=5.2069  sigreg=0.0417
  [simclr+sigreg] epoch 90/120  nt-xent=5.2103  sigreg=0.0406
  [simclr+sigreg] epoch 91/120  nt-xent=5.2056  sigreg=0.0359
  [simclr+sigreg] epoch 92/120  nt-xent=5.2029  sigreg=0.0362
  [simclr+sigreg] epoch 93/120  nt-xent=5.1998  sigreg=0.0380
  [simclr+sigreg] epoch 94/120  nt-xent=5.2034  sigreg=0.0362
  [simclr+sigreg] epoch 95/120  nt-xent=5.2042  sigreg=0.0367
  [simclr+sigreg] epoch 96/120  nt-xent=5.1989  sigreg=0.0356
  [simclr+sigreg] epoch 97/120  nt-xent=5.2004  sigreg=0.0360
  [simclr+sigreg] epoch 98/120  nt-xent=5.2011  sigreg=0.0375
  [simclr+sigreg] epoch 99/120  nt-xent=5.1994  sigreg=0.0361
  [simclr+sigreg] epoch 100/120  nt-xent=5.2030  sigreg=0.0398
  [simclr+sigreg] epoch 101/120  nt-xent=5.1966  sigreg=0.0320
  [simclr+sigreg] epoch 102/120  nt-xent=5.2011  sigreg=0.0352
  [simclr+sigreg] epoch 103/120  nt-xent=5.2013  sigreg=0.0376
  [simclr+sigreg] epoch 104/120  nt-xent=5.2011  sigreg=0.0363
  [simclr+sigreg] epoch 105/120  nt-xent=5.1899  sigreg=0.0334
  [simclr+sigreg] epoch 106/120  nt-xent=5.1921  sigreg=0.0337
  [simclr+sigreg] epoch 107/120  nt-xent=5.1946  sigreg=0.0319
  [simclr+sigreg] epoch 108/120  nt-xent=5.1908  sigreg=0.0334
  [simclr+sigreg] epoch 109/120  nt-xent=5.1933  sigreg=0.0349
  [simclr+sigreg] epoch 110/120  nt-xent=5.1981  sigreg=0.0357
  [simclr+sigreg] epoch 111/120  nt-xent=5.1980  sigreg=0.0346
  [simclr+sigreg] epoch 112/120  nt-xent=5.2032  sigreg=0.0394
  [simclr+sigreg] epoch 113/120  nt-xent=5.1987  sigreg=0.0400
  [simclr+sigreg] epoch 114/120  nt-xent=5.2029  sigreg=0.0403
  [simclr+sigreg] epoch 115/120  nt-xent=5.2033  sigreg=0.0386
  [simclr+sigreg] epoch 116/120  nt-xent=5.1961  sigreg=0.0375
  [simclr+sigreg] epoch 117/120  nt-xent=5.1972  sigreg=0.0395
  [simclr+sigreg] epoch 118/120  nt-xent=5.2018  sigreg=0.0406
  [simclr+sigreg] epoch 119/120  nt-xent=5.1948  sigreg=0.0335
  [simclr+sigreg] epoch 120/120  nt-xent=5.1890  sigreg=0.0314
  [flowers/visreg] raw probe (768d)           91.3
  [flowers/visreg] SupCon (aug)               89.2
  [flowers/visreg] ss[lam5]                   89.2
  [flowers/visreg] supcon+hybrid (concat)     76.9
  [flowers/visreg] ss+hybrid (concat)         86.4

######## galaxy10 on DINO ViT-B/16 ########
  galaxy10/dino aug replica 1/8
  galaxy10/dino aug replica 2/8
  galaxy10/dino aug replica 3/8
  galaxy10/dino aug replica 4/8
  galaxy10/dino aug replica 5/8
  galaxy10/dino aug replica 6/8
  galaxy10/dino aug replica 7/8
  galaxy10/dino aug replica 8/8
  [supcon] epoch 1/120  loss=6.8475
  [supcon] epoch 2/120  loss=6.6361
  [supcon] epoch 3/120  loss=6.5356
  [supcon] epoch 4/120  loss=6.4839
  [supcon] epoch 5/120  loss=6.4509
  [supcon] epoch 6/120  loss=6.4294
  [supcon] epoch 7/120  loss=6.4016
  [supcon] epoch 8/120  loss=6.3897
  [supcon] epoch 9/120  loss=6.3871
  [supcon] epoch 10/120  loss=6.3669
  [supcon] epoch 11/120  loss=6.3421
  [supcon] epoch 12/120  loss=6.3349
  [supcon] epoch 13/120  loss=6.3346
  [supcon] epoch 14/120  loss=6.3474
  [supcon] epoch 15/120  loss=6.3099
  [supcon] epoch 16/120  loss=6.3047
  [supcon] epoch 17/120  loss=6.2937
  [supcon] epoch 18/120  loss=6.2882
  [supcon] epoch 19/120  loss=6.2609
  [supcon] epoch 20/120  loss=6.2493
  [supcon] epoch 21/120  loss=6.2726
  [supcon] epoch 22/120  loss=6.2321
  [supcon] epoch 23/120  loss=6.2185
  [supcon] epoch 24/120  loss=6.1909
  [supcon] epoch 25/120  loss=6.2219
  [supcon] epoch 26/120  loss=6.1946
  [supcon] epoch 27/120  loss=6.1755
  [supcon] epoch 28/120  loss=6.1582
  [supcon] epoch 29/120  loss=6.1276
  [supcon] epoch 30/120  loss=6.1252
  [supcon] epoch 31/120  loss=6.1411
  [supcon] epoch 32/120  loss=6.1120
  [supcon] epoch 33/120  loss=6.1119
  [supcon] epoch 34/120  loss=6.0781
  [supcon] epoch 35/120  loss=6.0800
  [supcon] epoch 36/120  loss=6.0503
  [supcon] epoch 37/120  loss=6.0734
  [supcon] epoch 38/120  loss=6.0875
  [supcon] epoch 39/120  loss=6.0735
  [supcon] epoch 40/120  loss=6.0482
  [supcon] epoch 41/120  loss=6.0213
  [supcon] epoch 42/120  loss=6.0154
  [supcon] epoch 43/120  loss=6.0209
  [supcon] epoch 44/120  loss=6.0299
  [supcon] epoch 45/120  loss=6.0148
  [supcon] epoch 46/120  loss=5.9912
  [supcon] epoch 47/120  loss=5.9945
  [supcon] epoch 48/120  loss=5.9844
  [supcon] epoch 49/120  loss=5.9556
  [supcon] epoch 50/120  loss=5.9410
  [supcon] epoch 51/120  loss=5.9413
  [supcon] epoch 52/120  loss=5.9392
  [supcon] epoch 53/120  loss=5.9220
  [supcon] epoch 54/120  loss=5.9338
  [supcon] epoch 55/120  loss=5.9093
  [supcon] epoch 56/120  loss=5.9143
  [supcon] epoch 57/120  loss=5.9139
  [supcon] epoch 58/120  loss=5.8906
  [supcon] epoch 59/120  loss=5.8952
  [supcon] epoch 60/120  loss=5.8671
  [supcon] epoch 61/120  loss=5.8788
  [supcon] epoch 62/120  loss=5.8252
  [supcon] epoch 63/120  loss=5.8613
  [supcon] epoch 64/120  loss=5.8264
  [supcon] epoch 65/120  loss=5.8543
  [supcon] epoch 66/120  loss=5.8453
  [supcon] epoch 67/120  loss=5.8338
  [supcon] epoch 68/120  loss=5.8211
  [supcon] epoch 69/120  loss=5.8248
  [supcon] epoch 70/120  loss=5.8071
  [supcon] epoch 71/120  loss=5.7912
  [supcon] epoch 72/120  loss=5.7798
  [supcon] epoch 73/120  loss=5.8025
  [supcon] epoch 74/120  loss=5.7863
  [supcon] epoch 75/120  loss=5.7392
  [supcon] epoch 76/120  loss=5.7269
  [supcon] epoch 77/120  loss=5.7333
  [supcon] epoch 78/120  loss=5.7476
  [supcon] epoch 79/120  loss=5.7070
  [supcon] epoch 80/120  loss=5.7030
  [supcon] epoch 81/120  loss=5.7441
  [supcon] epoch 82/120  loss=5.7068
  [supcon] epoch 83/120  loss=5.6930
  [supcon] epoch 84/120  loss=5.7172
  [supcon] epoch 85/120  loss=5.7026
  [supcon] epoch 86/120  loss=5.7025
  [supcon] epoch 87/120  loss=5.6783
  [supcon] epoch 88/120  loss=5.6547
  [supcon] epoch 89/120  loss=5.6358
  [supcon] epoch 90/120  loss=5.6457
  [supcon] epoch 91/120  loss=5.6436
  [supcon] epoch 92/120  loss=5.6692
  [supcon] epoch 93/120  loss=5.5899
  [supcon] epoch 94/120  loss=5.6165
  [supcon] epoch 95/120  loss=5.6272
  [supcon] epoch 96/120  loss=5.5882
  [supcon] epoch 97/120  loss=5.5915
  [supcon] epoch 98/120  loss=5.5785
  [supcon] epoch 99/120  loss=5.5696
  [supcon] epoch 100/120  loss=5.5609
  [supcon] epoch 101/120  loss=5.5751
  [supcon] epoch 102/120  loss=5.5877
  [supcon] epoch 103/120  loss=5.5617
  [supcon] epoch 104/120  loss=5.5858
  [supcon] epoch 105/120  loss=5.5680
  [supcon] epoch 106/120  loss=5.5666
  [supcon] epoch 107/120  loss=5.5707
  [supcon] epoch 108/120  loss=5.5655
  [supcon] epoch 109/120  loss=5.5322
  [supcon] epoch 110/120  loss=5.5492
  [supcon] epoch 111/120  loss=5.5504
  [supcon] epoch 112/120  loss=5.5128
  [supcon] epoch 113/120  loss=5.5273
  [supcon] epoch 114/120  loss=5.5279
  [supcon] epoch 115/120  loss=5.5405
  [supcon] epoch 116/120  loss=5.5395
  [supcon] epoch 117/120  loss=5.5506
  [supcon] epoch 118/120  loss=5.5337
  [supcon] epoch 119/120  loss=5.4868
  [supcon] epoch 120/120  loss=5.4799
  [supcon+sigreg] epoch 1/120  supcon=6.9039  sigreg=0.9360
  [supcon+sigreg] epoch 2/120  supcon=6.8530  sigreg=0.8121
  [supcon+sigreg] epoch 3/120  supcon=7.1847  sigreg=0.5194
  [supcon+sigreg] epoch 4/120  supcon=7.2130  sigreg=0.4903
  [supcon+sigreg] epoch 5/120  supcon=7.1330  sigreg=0.4975
  [supcon+sigreg] epoch 6/120  supcon=7.2196  sigreg=0.4477
  [supcon+sigreg] epoch 7/120  supcon=7.3890  sigreg=0.3953
  [supcon+sigreg] epoch 8/120  supcon=7.4438  sigreg=0.3493
  [supcon+sigreg] epoch 9/120  supcon=7.3198  sigreg=0.3662
  [supcon+sigreg] epoch 10/120  supcon=7.3575  sigreg=0.3342
  [supcon+sigreg] epoch 11/120  supcon=7.1829  sigreg=0.3883
  [supcon+sigreg] epoch 12/120  supcon=7.3493  sigreg=0.3485
  [supcon+sigreg] epoch 13/120  supcon=7.4529  sigreg=0.3249
  [supcon+sigreg] epoch 14/120  supcon=7.2032  sigreg=0.3257
  [supcon+sigreg] epoch 15/120  supcon=7.2031  sigreg=0.3418
  [supcon+sigreg] epoch 16/120  supcon=7.2286  sigreg=0.3348
  [supcon+sigreg] epoch 17/120  supcon=7.2462  sigreg=0.3072
  [supcon+sigreg] epoch 18/120  supcon=7.3073  sigreg=0.2855
  [supcon+sigreg] epoch 19/120  supcon=7.2287  sigreg=0.2868
  [supcon+sigreg] epoch 20/120  supcon=7.2713  sigreg=0.2631
  [supcon+sigreg] epoch 21/120  supcon=7.1847  sigreg=0.2973
  [supcon+sigreg] epoch 22/120  supcon=7.2788  sigreg=0.2785
  [supcon+sigreg] epoch 23/120  supcon=7.2453  sigreg=0.2431
  [supcon+sigreg] epoch 24/120  supcon=7.0796  sigreg=0.2894
  [supcon+sigreg] epoch 25/120  supcon=7.1950  sigreg=0.2553
  [supcon+sigreg] epoch 26/120  supcon=7.2646  sigreg=0.2322
  [supcon+sigreg] epoch 27/120  supcon=7.0721  sigreg=0.3062
  [supcon+sigreg] epoch 28/120  supcon=7.1928  sigreg=0.2669
  [supcon+sigreg] epoch 29/120  supcon=7.3073  sigreg=0.2302
  [supcon+sigreg] epoch 30/120  supcon=7.0545  sigreg=0.2821
  [supcon+sigreg] epoch 31/120  supcon=7.1160  sigreg=0.2458
  [supcon+sigreg] epoch 32/120  supcon=7.0684  sigreg=0.2467
  [supcon+sigreg] epoch 33/120  supcon=6.9986  sigreg=0.2756
  [supcon+sigreg] epoch 34/120  supcon=7.1973  sigreg=0.2011
  [supcon+sigreg] epoch 35/120  supcon=7.1530  sigreg=0.2291
  [supcon+sigreg] epoch 36/120  supcon=7.0268  sigreg=0.2506
  [supcon+sigreg] epoch 37/120  supcon=7.0818  sigreg=0.2376
  [supcon+sigreg] epoch 38/120  supcon=7.1195  sigreg=0.2206
  [supcon+sigreg] epoch 39/120  supcon=7.0420  sigreg=0.2435
  [supcon+sigreg] epoch 40/120  supcon=7.0097  sigreg=0.2455
  [supcon+sigreg] epoch 41/120  supcon=7.2005  sigreg=0.1941
  [supcon+sigreg] epoch 42/120  supcon=7.0145  sigreg=0.1959
  [supcon+sigreg] epoch 43/120  supcon=7.0241  sigreg=0.2451
  [supcon+sigreg] epoch 44/120  supcon=7.2829  sigreg=0.1651
  [supcon+sigreg] epoch 45/120  supcon=7.0086  sigreg=0.2150
  [supcon+sigreg] epoch 46/120  supcon=7.0191  sigreg=0.2119
  [supcon+sigreg] epoch 47/120  supcon=7.1401  sigreg=0.1962
  [supcon+sigreg] epoch 48/120  supcon=6.9938  sigreg=0.2075
  [supcon+sigreg] epoch 49/120  supcon=6.9334  sigreg=0.2325
  [supcon+sigreg] epoch 50/120  supcon=7.0732  sigreg=0.2076
  [supcon+sigreg] epoch 51/120  supcon=7.1461  sigreg=0.1686
  [supcon+sigreg] epoch 52/120  supcon=7.0004  sigreg=0.1857
  [supcon+sigreg] epoch 53/120  supcon=7.0830  sigreg=0.1630
  [supcon+sigreg] epoch 54/120  supcon=6.9836  sigreg=0.1962
  [supcon+sigreg] epoch 55/120  supcon=7.0043  sigreg=0.1799
  [supcon+sigreg] epoch 56/120  supcon=7.0378  sigreg=0.1831
  [supcon+sigreg] epoch 57/120  supcon=7.1201  sigreg=0.1641
  [supcon+sigreg] epoch 58/120  supcon=6.9067  sigreg=0.2076
  [supcon+sigreg] epoch 59/120  supcon=7.0971  sigreg=0.1439
  [supcon+sigreg] epoch 60/120  supcon=7.0444  sigreg=0.1479
  [supcon+sigreg] epoch 61/120  supcon=6.9098  sigreg=0.1798
  [supcon+sigreg] epoch 62/120  supcon=6.8575  sigreg=0.1827
  [supcon+sigreg] epoch 63/120  supcon=7.0302  sigreg=0.1598
  [supcon+sigreg] epoch 64/120  supcon=6.9134  sigreg=0.1711
  [supcon+sigreg] epoch 65/120  supcon=6.9375  sigreg=0.1832
  [supcon+sigreg] epoch 66/120  supcon=6.9039  sigreg=0.1765
  [supcon+sigreg] epoch 67/120  supcon=6.9338  sigreg=0.1698
  [supcon+sigreg] epoch 68/120  supcon=6.9883  sigreg=0.1365
  [supcon+sigreg] epoch 69/120  supcon=6.9769  sigreg=0.1466
  [supcon+sigreg] epoch 70/120  supcon=6.8987  sigreg=0.1683
  [supcon+sigreg] epoch 71/120  supcon=6.9735  sigreg=0.1590
  [supcon+sigreg] epoch 72/120  supcon=6.8430  sigreg=0.1790
  [supcon+sigreg] epoch 73/120  supcon=7.0000  sigreg=0.1401
  [supcon+sigreg] epoch 74/120  supcon=6.8890  sigreg=0.1755
  [supcon+sigreg] epoch 75/120  supcon=6.8429  sigreg=0.1884
  [supcon+sigreg] epoch 76/120  supcon=6.9542  sigreg=0.1564
  [supcon+sigreg] epoch 77/120  supcon=6.8305  sigreg=0.1552
  [supcon+sigreg] epoch 78/120  supcon=6.9283  sigreg=0.1486
  [supcon+sigreg] epoch 79/120  supcon=6.8957  sigreg=0.1675
  [supcon+sigreg] epoch 80/120  supcon=6.8784  sigreg=0.1548
  [supcon+sigreg] epoch 81/120  supcon=6.8878  sigreg=0.1540
  [supcon+sigreg] epoch 82/120  supcon=6.9019  sigreg=0.1368
  [supcon+sigreg] epoch 83/120  supcon=6.8703  sigreg=0.1438
  [supcon+sigreg] epoch 84/120  supcon=6.8639  sigreg=0.1385
  [supcon+sigreg] epoch 85/120  supcon=6.9107  sigreg=0.1402
  [supcon+sigreg] epoch 86/120  supcon=6.8647  sigreg=0.1572
  [supcon+sigreg] epoch 87/120  supcon=6.9523  sigreg=0.1217
  [supcon+sigreg] epoch 88/120  supcon=6.8266  sigreg=0.1420
  [supcon+sigreg] epoch 89/120  supcon=6.7908  sigreg=0.1572
  [supcon+sigreg] epoch 90/120  supcon=6.9085  sigreg=0.1356
  [supcon+sigreg] epoch 91/120  supcon=6.8069  sigreg=0.1705
  [supcon+sigreg] epoch 92/120  supcon=6.8844  sigreg=0.1348
  [supcon+sigreg] epoch 93/120  supcon=6.8621  sigreg=0.1371
  [supcon+sigreg] epoch 94/120  supcon=6.8203  sigreg=0.1509
  [supcon+sigreg] epoch 95/120  supcon=6.7549  sigreg=0.1520
  [supcon+sigreg] epoch 96/120  supcon=6.8263  sigreg=0.1467
  [supcon+sigreg] epoch 97/120  supcon=6.8118  sigreg=0.1208
  [supcon+sigreg] epoch 98/120  supcon=6.7837  sigreg=0.1432
  [supcon+sigreg] epoch 99/120  supcon=6.8077  sigreg=0.1455
  [supcon+sigreg] epoch 100/120  supcon=6.7690  sigreg=0.1362
  [supcon+sigreg] epoch 101/120  supcon=6.7899  sigreg=0.1334
  [supcon+sigreg] epoch 102/120  supcon=6.7426  sigreg=0.1543
  [supcon+sigreg] epoch 103/120  supcon=6.6867  sigreg=0.1532
  [supcon+sigreg] epoch 104/120  supcon=6.7285  sigreg=0.1616
  [supcon+sigreg] epoch 105/120  supcon=6.8283  sigreg=0.1525
  [supcon+sigreg] epoch 106/120  supcon=6.7603  sigreg=0.1291
  [supcon+sigreg] epoch 107/120  supcon=6.7731  sigreg=0.1223
  [supcon+sigreg] epoch 108/120  supcon=6.8323  sigreg=0.1118
  [supcon+sigreg] epoch 109/120  supcon=6.7330  sigreg=0.1269
  [supcon+sigreg] epoch 110/120  supcon=6.7626  sigreg=0.1337
  [supcon+sigreg] epoch 111/120  supcon=6.7128  sigreg=0.1257
  [supcon+sigreg] epoch 112/120  supcon=6.6963  sigreg=0.1433
  [supcon+sigreg] epoch 113/120  supcon=6.7640  sigreg=0.1380
  [supcon+sigreg] epoch 114/120  supcon=6.6812  sigreg=0.1448
  [supcon+sigreg] epoch 115/120  supcon=6.6770  sigreg=0.1403
  [supcon+sigreg] epoch 116/120  supcon=6.6865  sigreg=0.1259
  [supcon+sigreg] epoch 117/120  supcon=6.7003  sigreg=0.1309
  [supcon+sigreg] epoch 118/120  supcon=6.6364  sigreg=0.1415
  [supcon+sigreg] epoch 119/120  supcon=6.6884  sigreg=0.1309
  [supcon+sigreg] epoch 120/120  supcon=6.6934  sigreg=0.1095
  [simclr+sigreg] epoch 1/120  nt-xent=6.6807  sigreg=0.8256
  [simclr+sigreg] epoch 2/120  nt-xent=6.4433  sigreg=0.5444
  [simclr+sigreg] epoch 3/120  nt-xent=6.3244  sigreg=0.3483
  [simclr+sigreg] epoch 4/120  nt-xent=6.2575  sigreg=0.2520
  [simclr+sigreg] epoch 5/120  nt-xent=6.2010  sigreg=0.1981
  [simclr+sigreg] epoch 6/120  nt-xent=6.0666  sigreg=0.1510
  [simclr+sigreg] epoch 7/120  nt-xent=6.0181  sigreg=0.1674
  [simclr+sigreg] epoch 8/120  nt-xent=5.9399  sigreg=0.1589
  [simclr+sigreg] epoch 9/120  nt-xent=5.8765  sigreg=0.1359
  [simclr+sigreg] epoch 10/120  nt-xent=5.8494  sigreg=0.1333
  [simclr+sigreg] epoch 11/120  nt-xent=5.8157  sigreg=0.1311
  [simclr+sigreg] epoch 12/120  nt-xent=5.8101  sigreg=0.1315
  [simclr+sigreg] epoch 13/120  nt-xent=5.7819  sigreg=0.1138
  [simclr+sigreg] epoch 14/120  nt-xent=5.7942  sigreg=0.1073
  [simclr+sigreg] epoch 15/120  nt-xent=5.7680  sigreg=0.0991
  [simclr+sigreg] epoch 16/120  nt-xent=5.7793  sigreg=0.1083
  [simclr+sigreg] epoch 17/120  nt-xent=5.7565  sigreg=0.1056
  [simclr+sigreg] epoch 18/120  nt-xent=5.7308  sigreg=0.0815
  [simclr+sigreg] epoch 19/120  nt-xent=5.7140  sigreg=0.0928
  [simclr+sigreg] epoch 20/120  nt-xent=5.7179  sigreg=0.0811
  [simclr+sigreg] epoch 21/120  nt-xent=5.7048  sigreg=0.0856
  [simclr+sigreg] epoch 22/120  nt-xent=5.6814  sigreg=0.0782
  [simclr+sigreg] epoch 23/120  nt-xent=5.6795  sigreg=0.0748
  [simclr+sigreg] epoch 24/120  nt-xent=5.6760  sigreg=0.0809
  [simclr+sigreg] epoch 25/120  nt-xent=5.6608  sigreg=0.0799
  [simclr+sigreg] epoch 26/120  nt-xent=5.6598  sigreg=0.0763
  [simclr+sigreg] epoch 27/120  nt-xent=5.6442  sigreg=0.0894
  [simclr+sigreg] epoch 28/120  nt-xent=5.6466  sigreg=0.0678
  [simclr+sigreg] epoch 29/120  nt-xent=5.6421  sigreg=0.0783
  [simclr+sigreg] epoch 30/120  nt-xent=5.6263  sigreg=0.0779
  [simclr+sigreg] epoch 31/120  nt-xent=5.6280  sigreg=0.0701
  [simclr+sigreg] epoch 32/120  nt-xent=5.6046  sigreg=0.0700
  [simclr+sigreg] epoch 33/120  nt-xent=5.5927  sigreg=0.0743
  [simclr+sigreg] epoch 34/120  nt-xent=5.5766  sigreg=0.0668
  [simclr+sigreg] epoch 35/120  nt-xent=5.5752  sigreg=0.0838
  [simclr+sigreg] epoch 36/120  nt-xent=5.5776  sigreg=0.0699
  [simclr+sigreg] epoch 37/120  nt-xent=5.5729  sigreg=0.0609
  [simclr+sigreg] epoch 38/120  nt-xent=5.5726  sigreg=0.0633
  [simclr+sigreg] epoch 39/120  nt-xent=5.5475  sigreg=0.0637
  [simclr+sigreg] epoch 40/120  nt-xent=5.5567  sigreg=0.0703
  [simclr+sigreg] epoch 41/120  nt-xent=5.5656  sigreg=0.0654
  [simclr+sigreg] epoch 42/120  nt-xent=5.5433  sigreg=0.0586
  [simclr+sigreg] epoch 43/120  nt-xent=5.5494  sigreg=0.0653
  [simclr+sigreg] epoch 44/120  nt-xent=5.5473  sigreg=0.0655
  [simclr+sigreg] epoch 45/120  nt-xent=5.5520  sigreg=0.0689
  [simclr+sigreg] epoch 46/120  nt-xent=5.5348  sigreg=0.0652
  [simclr+sigreg] epoch 47/120  nt-xent=5.5250  sigreg=0.0616
  [simclr+sigreg] epoch 48/120  nt-xent=5.5264  sigreg=0.0619
  [simclr+sigreg] epoch 49/120  nt-xent=5.5304  sigreg=0.0646
  [simclr+sigreg] epoch 50/120  nt-xent=5.5253  sigreg=0.0644
  [simclr+sigreg] epoch 51/120  nt-xent=5.5113  sigreg=0.0551
  [simclr+sigreg] epoch 52/120  nt-xent=5.5106  sigreg=0.0596
  [simclr+sigreg] epoch 53/120  nt-xent=5.5054  sigreg=0.0610
  [simclr+sigreg] epoch 54/120  nt-xent=5.5027  sigreg=0.0550
  [simclr+sigreg] epoch 55/120  nt-xent=5.5025  sigreg=0.0542
  [simclr+sigreg] epoch 56/120  nt-xent=5.4919  sigreg=0.0607
  [simclr+sigreg] epoch 57/120  nt-xent=5.4997  sigreg=0.0654
  [simclr+sigreg] epoch 58/120  nt-xent=5.4864  sigreg=0.0531
  [simclr+sigreg] epoch 59/120  nt-xent=5.4837  sigreg=0.0597
  [simclr+sigreg] epoch 60/120  nt-xent=5.4870  sigreg=0.0566
  [simclr+sigreg] epoch 61/120  nt-xent=5.4810  sigreg=0.0498
  [simclr+sigreg] epoch 62/120  nt-xent=5.4828  sigreg=0.0564
  [simclr+sigreg] epoch 63/120  nt-xent=5.4878  sigreg=0.0488
  [simclr+sigreg] epoch 64/120  nt-xent=5.4861  sigreg=0.0603
  [simclr+sigreg] epoch 65/120  nt-xent=5.4824  sigreg=0.0599
  [simclr+sigreg] epoch 66/120  nt-xent=5.4847  sigreg=0.0578
  [simclr+sigreg] epoch 67/120  nt-xent=5.4687  sigreg=0.0540
  [simclr+sigreg] epoch 68/120  nt-xent=5.4738  sigreg=0.0599
  [simclr+sigreg] epoch 69/120  nt-xent=5.4682  sigreg=0.0574
  [simclr+sigreg] epoch 70/120  nt-xent=5.4613  sigreg=0.0497
  [simclr+sigreg] epoch 71/120  nt-xent=5.4739  sigreg=0.0555
  [simclr+sigreg] epoch 72/120  nt-xent=5.4605  sigreg=0.0587
  [simclr+sigreg] epoch 73/120  nt-xent=5.4559  sigreg=0.0475
  [simclr+sigreg] epoch 74/120  nt-xent=5.4501  sigreg=0.0486
  [simclr+sigreg] epoch 75/120  nt-xent=5.4538  sigreg=0.0519
  [simclr+sigreg] epoch 76/120  nt-xent=5.4450  sigreg=0.0538
  [simclr+sigreg] epoch 77/120  nt-xent=5.4475  sigreg=0.0503
  [simclr+sigreg] epoch 78/120  nt-xent=5.4429  sigreg=0.0502
  [simclr+sigreg] epoch 79/120  nt-xent=5.4422  sigreg=0.0537
  [simclr+sigreg] epoch 80/120  nt-xent=5.4348  sigreg=0.0543
  [simclr+sigreg] epoch 81/120  nt-xent=5.4412  sigreg=0.0546
  [simclr+sigreg] epoch 82/120  nt-xent=5.4365  sigreg=0.0510
  [simclr+sigreg] epoch 83/120  nt-xent=5.4438  sigreg=0.0498
  [simclr+sigreg] epoch 84/120  nt-xent=5.4324  sigreg=0.0500
  [simclr+sigreg] epoch 85/120  nt-xent=5.4359  sigreg=0.0481
  [simclr+sigreg] epoch 86/120  nt-xent=5.4304  sigreg=0.0539
  [simclr+sigreg] epoch 87/120  nt-xent=5.4321  sigreg=0.0543
  [simclr+sigreg] epoch 88/120  nt-xent=5.4305  sigreg=0.0505
  [simclr+sigreg] epoch 89/120  nt-xent=5.4296  sigreg=0.0526
  [simclr+sigreg] epoch 90/120  nt-xent=5.4244  sigreg=0.0531
  [simclr+sigreg] epoch 91/120  nt-xent=5.4238  sigreg=0.0462
  [simclr+sigreg] epoch 92/120  nt-xent=5.4212  sigreg=0.0413
  [simclr+sigreg] epoch 93/120  nt-xent=5.4161  sigreg=0.0439
  [simclr+sigreg] epoch 94/120  nt-xent=5.4169  sigreg=0.0506
  [simclr+sigreg] epoch 95/120  nt-xent=5.4117  sigreg=0.0487
  [simclr+sigreg] epoch 96/120  nt-xent=5.4148  sigreg=0.0475
  [simclr+sigreg] epoch 97/120  nt-xent=5.4167  sigreg=0.0438
  [simclr+sigreg] epoch 98/120  nt-xent=5.4143  sigreg=0.0511
  [simclr+sigreg] epoch 99/120  nt-xent=5.4172  sigreg=0.0506
  [simclr+sigreg] epoch 100/120  nt-xent=5.4162  sigreg=0.0455
  [simclr+sigreg] epoch 101/120  nt-xent=5.4119  sigreg=0.0468
  [simclr+sigreg] epoch 102/120  nt-xent=5.4062  sigreg=0.0443
  [simclr+sigreg] epoch 103/120  nt-xent=5.4145  sigreg=0.0460
  [simclr+sigreg] epoch 104/120  nt-xent=5.4115  sigreg=0.0449
  [simclr+sigreg] epoch 105/120  nt-xent=5.4154  sigreg=0.0513
  [simclr+sigreg] epoch 106/120  nt-xent=5.4126  sigreg=0.0495
  [simclr+sigreg] epoch 107/120  nt-xent=5.4031  sigreg=0.0481
  [simclr+sigreg] epoch 108/120  nt-xent=5.4041  sigreg=0.0514
  [simclr+sigreg] epoch 109/120  nt-xent=5.4018  sigreg=0.0429
  [simclr+sigreg] epoch 110/120  nt-xent=5.4002  sigreg=0.0419
  [simclr+sigreg] epoch 111/120  nt-xent=5.3987  sigreg=0.0492
  [simclr+sigreg] epoch 112/120  nt-xent=5.4099  sigreg=0.0448
  [simclr+sigreg] epoch 113/120  nt-xent=5.4086  sigreg=0.0510
  [simclr+sigreg] epoch 114/120  nt-xent=5.4135  sigreg=0.0526
  [simclr+sigreg] epoch 115/120  nt-xent=5.3996  sigreg=0.0433
  [simclr+sigreg] epoch 116/120  nt-xent=5.3968  sigreg=0.0468
  [simclr+sigreg] epoch 117/120  nt-xent=5.3954  sigreg=0.0424
  [simclr+sigreg] epoch 118/120  nt-xent=5.3911  sigreg=0.0359
  [simclr+sigreg] epoch 119/120  nt-xent=5.3836  sigreg=0.0410
  [simclr+sigreg] epoch 120/120  nt-xent=5.3958  sigreg=0.0460
  [galaxy10/dino] raw probe (768d)           63.0
  [galaxy10/dino] SupCon (aug)               63.6
  [galaxy10/dino] ss[lam5]                   61.3
  [galaxy10/dino] supcon+hybrid (concat)     64.4
  [galaxy10/dino] ss+hybrid (concat)         61.4

######## galaxy10 on LeJEPA ViT-B/16 (community repro) ########
  extracted galaxy10/lejepa train: (1772, 768)
  extracted galaxy10/lejepa test: (15964, 768)
  galaxy10/lejepa aug replica 1/8
  galaxy10/lejepa aug replica 2/8
  galaxy10/lejepa aug replica 3/8
  galaxy10/lejepa aug replica 4/8
  galaxy10/lejepa aug replica 5/8
  galaxy10/lejepa aug replica 6/8
  galaxy10/lejepa aug replica 7/8
  galaxy10/lejepa aug replica 8/8
  [supcon] epoch 1/120  loss=6.7616
  [supcon] epoch 2/120  loss=6.5300
  [supcon] epoch 3/120  loss=6.4849
  [supcon] epoch 4/120  loss=6.4416
  [supcon] epoch 5/120  loss=6.4066
  [supcon] epoch 6/120  loss=6.3770
  [supcon] epoch 7/120  loss=6.3680
  [supcon] epoch 8/120  loss=6.3579
  [supcon] epoch 9/120  loss=6.3429
  [supcon] epoch 10/120  loss=6.3236
  [supcon] epoch 11/120  loss=6.2874
  [supcon] epoch 12/120  loss=6.2949
  [supcon] epoch 13/120  loss=6.2634
  [supcon] epoch 14/120  loss=6.2739
  [supcon] epoch 15/120  loss=6.2557
  [supcon] epoch 16/120  loss=6.2313
  [supcon] epoch 17/120  loss=6.2445
  [supcon] epoch 18/120  loss=6.2276
  [supcon] epoch 19/120  loss=6.1832
  [supcon] epoch 20/120  loss=6.1501
  [supcon] epoch 21/120  loss=6.1544
  [supcon] epoch 22/120  loss=6.1634
  [supcon] epoch 23/120  loss=6.1361
  [supcon] epoch 24/120  loss=6.1078
  [supcon] epoch 25/120  loss=6.1144
  [supcon] epoch 26/120  loss=6.1145
  [supcon] epoch 27/120  loss=6.0762
  [supcon] epoch 28/120  loss=6.0654
  [supcon] epoch 29/120  loss=6.0531
  [supcon] epoch 30/120  loss=6.0482
  [supcon] epoch 31/120  loss=6.0500
  [supcon] epoch 32/120  loss=5.9997
  [supcon] epoch 33/120  loss=6.0156
  [supcon] epoch 34/120  loss=6.0065
  [supcon] epoch 35/120  loss=5.9769
  [supcon] epoch 36/120  loss=5.9585
  [supcon] epoch 37/120  loss=5.9649
  [supcon] epoch 38/120  loss=5.9902
  [supcon] epoch 39/120  loss=5.9584
  [supcon] epoch 40/120  loss=5.9670
  [supcon] epoch 41/120  loss=5.9485
  [supcon] epoch 42/120  loss=5.9516
  [supcon] epoch 43/120  loss=5.9226
  [supcon] epoch 44/120  loss=5.9329
  [supcon] epoch 45/120  loss=5.8925
  [supcon] epoch 46/120  loss=5.8879
  [supcon] epoch 47/120  loss=5.8842
  [supcon] epoch 48/120  loss=5.8729
  [supcon] epoch 49/120  loss=5.8726
  [supcon] epoch 50/120  loss=5.8323
  [supcon] epoch 51/120  loss=5.8406
  [supcon] epoch 52/120  loss=5.8292
  [supcon] epoch 53/120  loss=5.7770
  [supcon] epoch 54/120  loss=5.8648
  [supcon] epoch 55/120  loss=5.8183
  [supcon] epoch 56/120  loss=5.8071
  [supcon] epoch 57/120  loss=5.8156
  [supcon] epoch 58/120  loss=5.7857
  [supcon] epoch 59/120  loss=5.7581
  [supcon] epoch 60/120  loss=5.7727
  [supcon] epoch 61/120  loss=5.7618
  [supcon] epoch 62/120  loss=5.7231
  [supcon] epoch 63/120  loss=5.7595
  [supcon] epoch 64/120  loss=5.7293
  [supcon] epoch 65/120  loss=5.7566
  [supcon] epoch 66/120  loss=5.7035
  [supcon] epoch 67/120  loss=5.6960
  [supcon] epoch 68/120  loss=5.7155
  [supcon] epoch 69/120  loss=5.6989
  [supcon] epoch 70/120  loss=5.6974
  [supcon] epoch 71/120  loss=5.6817
  [supcon] epoch 72/120  loss=5.6510
  [supcon] epoch 73/120  loss=5.6577
  [supcon] epoch 74/120  loss=5.6531
  [supcon] epoch 75/120  loss=5.6415
  [supcon] epoch 76/120  loss=5.6317
  [supcon] epoch 77/120  loss=5.6395
  [supcon] epoch 78/120  loss=5.6384
  [supcon] epoch 79/120  loss=5.6321
  [supcon] epoch 80/120  loss=5.6079
  [supcon] epoch 81/120  loss=5.6073
  [supcon] epoch 82/120  loss=5.6055
  [supcon] epoch 83/120  loss=5.5600
  [supcon] epoch 84/120  loss=5.5842
  [supcon] epoch 85/120  loss=5.5844
  [supcon] epoch 86/120  loss=5.5651
  [supcon] epoch 87/120  loss=5.5855
  [supcon] epoch 88/120  loss=5.5590
  [supcon] epoch 89/120  loss=5.5863
  [supcon] epoch 90/120  loss=5.5426
  [supcon] epoch 91/120  loss=5.5516
  [supcon] epoch 92/120  loss=5.5301
  [supcon] epoch 93/120  loss=5.5110
  [supcon] epoch 94/120  loss=5.4861
  [supcon] epoch 95/120  loss=5.5166
  [supcon] epoch 96/120  loss=5.4976
  [supcon] epoch 97/120  loss=5.5201
  [supcon] epoch 98/120  loss=5.4896
  [supcon] epoch 99/120  loss=5.4823
  [supcon] epoch 100/120  loss=5.4594
  [supcon] epoch 101/120  loss=5.4766
  [supcon] epoch 102/120  loss=5.4450
  [supcon] epoch 103/120  loss=5.4526
  [supcon] epoch 104/120  loss=5.4715
  [supcon] epoch 105/120  loss=5.4359
  [supcon] epoch 106/120  loss=5.4637
  [supcon] epoch 107/120  loss=5.4525
  [supcon] epoch 108/120  loss=5.4344
  [supcon] epoch 109/120  loss=5.4322
  [supcon] epoch 110/120  loss=5.4339
  [supcon] epoch 111/120  loss=5.4261
  [supcon] epoch 112/120  loss=5.4213
  [supcon] epoch 113/120  loss=5.3970
  [supcon] epoch 114/120  loss=5.4368
  [supcon] epoch 115/120  loss=5.4048
  [supcon] epoch 116/120  loss=5.4107
  [supcon] epoch 117/120  loss=5.4105
  [supcon] epoch 118/120  loss=5.3891
  [supcon] epoch 119/120  loss=5.3911
  [supcon] epoch 120/120  loss=5.3669
  [supcon+sigreg] epoch 1/120  supcon=6.8065  sigreg=0.9206
  [supcon+sigreg] epoch 2/120  supcon=6.6425  sigreg=0.8844
  [supcon+sigreg] epoch 3/120  supcon=6.6792  sigreg=0.7903
  [supcon+sigreg] epoch 4/120  supcon=6.5971  sigreg=0.7496
  [supcon+sigreg] epoch 5/120  supcon=6.6547  sigreg=0.6937
  [supcon+sigreg] epoch 6/120  supcon=6.7145  sigreg=0.6454
  [supcon+sigreg] epoch 7/120  supcon=6.7802  sigreg=0.5777
  [supcon+sigreg] epoch 8/120  supcon=6.8603  sigreg=0.5802
  [supcon+sigreg] epoch 9/120  supcon=6.9185  sigreg=0.5174
  [supcon+sigreg] epoch 10/120  supcon=6.9841  sigreg=0.5131
  [supcon+sigreg] epoch 11/120  supcon=7.1264  sigreg=0.4725
  [supcon+sigreg] epoch 12/120  supcon=7.0705  sigreg=0.4590
  [supcon+sigreg] epoch 13/120  supcon=7.2532  sigreg=0.4008
  [supcon+sigreg] epoch 14/120  supcon=7.3568  sigreg=0.3876
  [supcon+sigreg] epoch 15/120  supcon=7.1132  sigreg=0.4240
  [supcon+sigreg] epoch 16/120  supcon=7.1630  sigreg=0.3762
  [supcon+sigreg] epoch 17/120  supcon=7.4775  sigreg=0.3269
  [supcon+sigreg] epoch 18/120  supcon=7.3104  sigreg=0.3748
  [supcon+sigreg] epoch 19/120  supcon=7.2116  sigreg=0.3506
  [supcon+sigreg] epoch 20/120  supcon=7.3100  sigreg=0.3389
  [supcon+sigreg] epoch 21/120  supcon=7.2178  sigreg=0.3648
  [supcon+sigreg] epoch 22/120  supcon=7.2213  sigreg=0.3792
  [supcon+sigreg] epoch 23/120  supcon=7.2425  sigreg=0.3626
  [supcon+sigreg] epoch 24/120  supcon=7.2849  sigreg=0.3471
  [supcon+sigreg] epoch 25/120  supcon=7.2981  sigreg=0.3139
  [supcon+sigreg] epoch 26/120  supcon=7.1588  sigreg=0.3631
  [supcon+sigreg] epoch 27/120  supcon=7.2202  sigreg=0.3643
  [supcon+sigreg] epoch 28/120  supcon=7.3857  sigreg=0.3006
  [supcon+sigreg] epoch 29/120  supcon=7.2929  sigreg=0.3213
  [supcon+sigreg] epoch 30/120  supcon=7.2886  sigreg=0.3409
  [supcon+sigreg] epoch 31/120  supcon=7.1546  sigreg=0.3637
  [supcon+sigreg] epoch 32/120  supcon=7.1018  sigreg=0.3325
  [supcon+sigreg] epoch 33/120  supcon=7.2422  sigreg=0.3218
  [supcon+sigreg] epoch 34/120  supcon=7.2014  sigreg=0.3058
  [supcon+sigreg] epoch 35/120  supcon=7.1193  sigreg=0.3189
  [supcon+sigreg] epoch 36/120  supcon=7.0740  sigreg=0.3350
  [supcon+sigreg] epoch 37/120  supcon=7.2203  sigreg=0.2958
  [supcon+sigreg] epoch 38/120  supcon=7.1717  sigreg=0.3197
  [supcon+sigreg] epoch 39/120  supcon=7.1289  sigreg=0.2882
  [supcon+sigreg] epoch 40/120  supcon=7.1921  sigreg=0.3063
  [supcon+sigreg] epoch 41/120  supcon=7.1294  sigreg=0.3151
  [supcon+sigreg] epoch 42/120  supcon=7.1588  sigreg=0.2557
  [supcon+sigreg] epoch 43/120  supcon=7.0597  sigreg=0.3212
  [supcon+sigreg] epoch 44/120  supcon=7.1900  sigreg=0.2935
  [supcon+sigreg] epoch 45/120  supcon=7.0441  sigreg=0.3281
  [supcon+sigreg] epoch 46/120  supcon=7.0803  sigreg=0.3078
  [supcon+sigreg] epoch 47/120  supcon=7.2463  sigreg=0.2703
  [supcon+sigreg] epoch 48/120  supcon=7.1523  sigreg=0.3033
  [supcon+sigreg] epoch 49/120  supcon=7.1238  sigreg=0.2794
  [supcon+sigreg] epoch 50/120  supcon=7.0501  sigreg=0.2922
  [supcon+sigreg] epoch 51/120  supcon=7.0431  sigreg=0.2899
  [supcon+sigreg] epoch 52/120  supcon=7.1491  sigreg=0.2610
  [supcon+sigreg] epoch 53/120  supcon=7.1345  sigreg=0.2557
  [supcon+sigreg] epoch 54/120  supcon=7.1723  sigreg=0.2562
  [supcon+sigreg] epoch 55/120  supcon=7.0602  sigreg=0.2986
  [supcon+sigreg] epoch 56/120  supcon=7.0402  sigreg=0.2695
  [supcon+sigreg] epoch 57/120  supcon=7.0936  sigreg=0.2528
  [supcon+sigreg] epoch 58/120  supcon=7.2756  sigreg=0.2377
  [supcon+sigreg] epoch 59/120  supcon=7.1765  sigreg=0.2670
  [supcon+sigreg] epoch 60/120  supcon=7.1338  sigreg=0.2432
  [supcon+sigreg] epoch 61/120  supcon=7.1205  sigreg=0.2327
  [supcon+sigreg] epoch 62/120  supcon=6.9809  sigreg=0.2600
  [supcon+sigreg] epoch 63/120  supcon=6.9209  sigreg=0.2663
  [supcon+sigreg] epoch 64/120  supcon=7.0703  sigreg=0.2588
  [supcon+sigreg] epoch 65/120  supcon=7.1173  sigreg=0.2660
  [supcon+sigreg] epoch 66/120  supcon=6.9945  sigreg=0.2713
  [supcon+sigreg] epoch 67/120  supcon=7.0986  sigreg=0.2529
  [supcon+sigreg] epoch 68/120  supcon=7.0584  sigreg=0.2468
  [supcon+sigreg] epoch 69/120  supcon=7.0193  sigreg=0.2417
  [supcon+sigreg] epoch 70/120  supcon=6.9703  sigreg=0.2108
  [supcon+sigreg] epoch 71/120  supcon=6.9299  sigreg=0.2756
  [supcon+sigreg] epoch 72/120  supcon=7.0596  sigreg=0.2349
  [supcon+sigreg] epoch 73/120  supcon=7.1419  sigreg=0.2157
  [supcon+sigreg] epoch 74/120  supcon=6.9873  sigreg=0.2551
  [supcon+sigreg] epoch 75/120  supcon=6.9935  sigreg=0.2645
  [supcon+sigreg] epoch 76/120  supcon=7.2306  sigreg=0.1899
  [supcon+sigreg] epoch 77/120  supcon=7.1229  sigreg=0.2068
  [supcon+sigreg] epoch 78/120  supcon=7.0684  sigreg=0.2484
  [supcon+sigreg] epoch 79/120  supcon=7.0787  sigreg=0.2042
  [supcon+sigreg] epoch 80/120  supcon=6.9294  sigreg=0.2558
  [supcon+sigreg] epoch 81/120  supcon=7.1335  sigreg=0.2095
  [supcon+sigreg] epoch 82/120  supcon=7.1546  sigreg=0.1829
  [supcon+sigreg] epoch 83/120  supcon=6.9241  sigreg=0.2483
  [supcon+sigreg] epoch 84/120  supcon=7.0076  sigreg=0.2169
  [supcon+sigreg] epoch 85/120  supcon=7.0038  sigreg=0.2293
  [supcon+sigreg] epoch 86/120  supcon=6.9727  sigreg=0.2345
  [supcon+sigreg] epoch 87/120  supcon=7.1040  sigreg=0.1878
  [supcon+sigreg] epoch 88/120  supcon=7.0747  sigreg=0.2036
  [supcon+sigreg] epoch 89/120  supcon=6.9267  sigreg=0.2153
  [supcon+sigreg] epoch 90/120  supcon=7.0983  sigreg=0.1882
  [supcon+sigreg] epoch 91/120  supcon=7.0822  sigreg=0.1827
  [supcon+sigreg] epoch 92/120  supcon=7.0659  sigreg=0.1844
  [supcon+sigreg] epoch 93/120  supcon=6.9409  sigreg=0.1906
  [supcon+sigreg] epoch 94/120  supcon=7.0180  sigreg=0.1861
  [supcon+sigreg] epoch 95/120  supcon=7.0366  sigreg=0.1654
  [supcon+sigreg] epoch 96/120  supcon=7.0252  sigreg=0.1830
  [supcon+sigreg] epoch 97/120  supcon=7.0323  sigreg=0.1913
  [supcon+sigreg] epoch 98/120  supcon=7.0808  sigreg=0.1730
  [supcon+sigreg] epoch 99/120  supcon=6.9214  sigreg=0.2160
  [supcon+sigreg] epoch 100/120  supcon=7.0106  sigreg=0.1859
  [supcon+sigreg] epoch 101/120  supcon=6.9826  sigreg=0.1733
  [supcon+sigreg] epoch 102/120  supcon=6.9089  sigreg=0.1949
  [supcon+sigreg] epoch 103/120  supcon=6.9559  sigreg=0.1723
  [supcon+sigreg] epoch 104/120  supcon=6.9889  sigreg=0.1822
  [supcon+sigreg] epoch 105/120  supcon=6.9633  sigreg=0.1710
  [supcon+sigreg] epoch 106/120  supcon=6.9608  sigreg=0.1434
  [supcon+sigreg] epoch 107/120  supcon=6.9159  sigreg=0.1886
  [supcon+sigreg] epoch 108/120  supcon=6.9116  sigreg=0.1824
  [supcon+sigreg] epoch 109/120  supcon=6.9526  sigreg=0.1897
  [supcon+sigreg] epoch 110/120  supcon=6.8823  sigreg=0.1808
  [supcon+sigreg] epoch 111/120  supcon=6.8314  sigreg=0.1936
  [supcon+sigreg] epoch 112/120  supcon=6.9374  sigreg=0.1758
  [supcon+sigreg] epoch 113/120  supcon=6.9111  sigreg=0.1644
  [supcon+sigreg] epoch 114/120  supcon=6.8525  sigreg=0.1837
  [supcon+sigreg] epoch 115/120  supcon=6.9763  sigreg=0.1607
  [supcon+sigreg] epoch 116/120  supcon=6.9997  sigreg=0.1546
  [supcon+sigreg] epoch 117/120  supcon=6.7989  sigreg=0.1863
  [supcon+sigreg] epoch 118/120  supcon=6.8235  sigreg=0.1736
  [supcon+sigreg] epoch 119/120  supcon=7.0092  sigreg=0.1562
  [supcon+sigreg] epoch 120/120  supcon=6.9622  sigreg=0.1593
  [simclr+sigreg] epoch 1/120  nt-xent=6.4661  sigreg=0.8947
  [simclr+sigreg] epoch 2/120  nt-xent=6.0347  sigreg=0.7804
  [simclr+sigreg] epoch 3/120  nt-xent=5.8928  sigreg=0.6748
  [simclr+sigreg] epoch 4/120  nt-xent=5.8667  sigreg=0.5405
  [simclr+sigreg] epoch 5/120  nt-xent=5.8615  sigreg=0.4143
  [simclr+sigreg] epoch 6/120  nt-xent=5.8636  sigreg=0.3054
  [simclr+sigreg] epoch 7/120  nt-xent=5.8382  sigreg=0.2389
  [simclr+sigreg] epoch 8/120  nt-xent=5.8666  sigreg=0.1722
  [simclr+sigreg] epoch 9/120  nt-xent=5.8839  sigreg=0.1505
  [simclr+sigreg] epoch 10/120  nt-xent=5.8513  sigreg=0.1769
  [simclr+sigreg] epoch 11/120  nt-xent=5.8380  sigreg=0.1653
  [simclr+sigreg] epoch 12/120  nt-xent=5.8298  sigreg=0.1896
  [simclr+sigreg] epoch 13/120  nt-xent=5.7944  sigreg=0.1566
  [simclr+sigreg] epoch 14/120  nt-xent=5.7854  sigreg=0.1640
  [simclr+sigreg] epoch 15/120  nt-xent=5.7627  sigreg=0.1471
  [simclr+sigreg] epoch 16/120  nt-xent=5.7347  sigreg=0.1392
  [simclr+sigreg] epoch 17/120  nt-xent=5.7192  sigreg=0.1363
  [simclr+sigreg] epoch 18/120  nt-xent=5.6973  sigreg=0.1285
  [simclr+sigreg] epoch 19/120  nt-xent=5.7039  sigreg=0.1354
  [simclr+sigreg] epoch 20/120  nt-xent=5.6894  sigreg=0.1123
  [simclr+sigreg] epoch 21/120  nt-xent=5.6920  sigreg=0.1060
  [simclr+sigreg] epoch 22/120  nt-xent=5.6756  sigreg=0.1068
  [simclr+sigreg] epoch 23/120  nt-xent=5.6733  sigreg=0.1268
  [simclr+sigreg] epoch 24/120  nt-xent=5.6560  sigreg=0.0943
  [simclr+sigreg] epoch 25/120  nt-xent=5.6599  sigreg=0.1004
  [simclr+sigreg] epoch 26/120  nt-xent=5.6615  sigreg=0.1035
  [simclr+sigreg] epoch 27/120  nt-xent=5.6595  sigreg=0.1077
  [simclr+sigreg] epoch 28/120  nt-xent=5.6468  sigreg=0.1022
  [simclr+sigreg] epoch 29/120  nt-xent=5.6350  sigreg=0.0874
  [simclr+sigreg] epoch 30/120  nt-xent=5.6296  sigreg=0.0994
  [simclr+sigreg] epoch 31/120  nt-xent=5.6338  sigreg=0.0998
  [simclr+sigreg] epoch 32/120  nt-xent=5.6071  sigreg=0.0970
  [simclr+sigreg] epoch 33/120  nt-xent=5.6231  sigreg=0.0966
  [simclr+sigreg] epoch 34/120  nt-xent=5.6090  sigreg=0.0908
  [simclr+sigreg] epoch 35/120  nt-xent=5.6134  sigreg=0.0923
  [simclr+sigreg] epoch 36/120  nt-xent=5.6138  sigreg=0.0739
  [simclr+sigreg] epoch 37/120  nt-xent=5.5995  sigreg=0.0852
  [simclr+sigreg] epoch 38/120  nt-xent=5.5928  sigreg=0.0830
  [simclr+sigreg] epoch 39/120  nt-xent=5.5846  sigreg=0.0803
  [simclr+sigreg] epoch 40/120  nt-xent=5.5869  sigreg=0.0908
  [simclr+sigreg] epoch 41/120  nt-xent=5.5881  sigreg=0.0869
  [simclr+sigreg] epoch 42/120  nt-xent=5.6015  sigreg=0.0855
  [simclr+sigreg] epoch 43/120  nt-xent=5.5854  sigreg=0.0794
  [simclr+sigreg] epoch 44/120  nt-xent=5.5816  sigreg=0.0989
  [simclr+sigreg] epoch 45/120  nt-xent=5.5930  sigreg=0.0858
  [simclr+sigreg] epoch 46/120  nt-xent=5.5766  sigreg=0.0969
  [simclr+sigreg] epoch 47/120  nt-xent=5.5788  sigreg=0.0855
  [simclr+sigreg] epoch 48/120  nt-xent=5.5608  sigreg=0.0897
  [simclr+sigreg] epoch 49/120  nt-xent=5.5753  sigreg=0.0821
  [simclr+sigreg] epoch 50/120  nt-xent=5.5573  sigreg=0.0742
  [simclr+sigreg] epoch 51/120  nt-xent=5.5635  sigreg=0.0827
  [simclr+sigreg] epoch 52/120  nt-xent=5.5682  sigreg=0.0797
  [simclr+sigreg] epoch 53/120  nt-xent=5.5499  sigreg=0.0876
  [simclr+sigreg] epoch 54/120  nt-xent=5.5542  sigreg=0.0802
  [simclr+sigreg] epoch 55/120  nt-xent=5.5409  sigreg=0.0708
  [simclr+sigreg] epoch 56/120  nt-xent=5.5444  sigreg=0.0714
  [simclr+sigreg] epoch 57/120  nt-xent=5.5445  sigreg=0.0803
  [simclr+sigreg] epoch 58/120  nt-xent=5.5446  sigreg=0.0696
  [simclr+sigreg] epoch 59/120  nt-xent=5.5390  sigreg=0.0705
  [simclr+sigreg] epoch 60/120  nt-xent=5.5376  sigreg=0.0708
  [simclr+sigreg] epoch 61/120  nt-xent=5.5345  sigreg=0.0756
  [simclr+sigreg] epoch 62/120  nt-xent=5.5271  sigreg=0.0699
  [simclr+sigreg] epoch 63/120  nt-xent=5.5469  sigreg=0.0739
  [simclr+sigreg] epoch 64/120  nt-xent=5.5280  sigreg=0.0751
  [simclr+sigreg] epoch 65/120  nt-xent=5.5320  sigreg=0.0731
  [simclr+sigreg] epoch 66/120  nt-xent=5.5271  sigreg=0.0704
  [simclr+sigreg] epoch 67/120  nt-xent=5.5143  sigreg=0.0709
  [simclr+sigreg] epoch 68/120  nt-xent=5.5146  sigreg=0.0679
  [simclr+sigreg] epoch 69/120  nt-xent=5.5090  sigreg=0.0676
  [simclr+sigreg] epoch 70/120  nt-xent=5.5041  sigreg=0.0733
  [simclr+sigreg] epoch 71/120  nt-xent=5.5081  sigreg=0.0636
  [simclr+sigreg] epoch 72/120  nt-xent=5.5258  sigreg=0.0601
  [simclr+sigreg] epoch 73/120  nt-xent=5.5086  sigreg=0.0614
  [simclr+sigreg] epoch 74/120  nt-xent=5.5012  sigreg=0.0664
  [simclr+sigreg] epoch 75/120  nt-xent=5.4937  sigreg=0.0656
  [simclr+sigreg] epoch 76/120  nt-xent=5.4939  sigreg=0.0663
  [simclr+sigreg] epoch 77/120  nt-xent=5.5053  sigreg=0.0627
  [simclr+sigreg] epoch 78/120  nt-xent=5.4921  sigreg=0.0626
  [simclr+sigreg] epoch 79/120  nt-xent=5.4937  sigreg=0.0587
  [simclr+sigreg] epoch 80/120  nt-xent=5.4953  sigreg=0.0689
  [simclr+sigreg] epoch 81/120  nt-xent=5.4876  sigreg=0.0629
  [simclr+sigreg] epoch 82/120  nt-xent=5.4940  sigreg=0.0734
  [simclr+sigreg] epoch 83/120  nt-xent=5.4834  sigreg=0.0540
  [simclr+sigreg] epoch 84/120  nt-xent=5.4861  sigreg=0.0628
  [simclr+sigreg] epoch 85/120  nt-xent=5.4852  sigreg=0.0617
  [simclr+sigreg] epoch 86/120  nt-xent=5.4802  sigreg=0.0586
  [simclr+sigreg] epoch 87/120  nt-xent=5.4800  sigreg=0.0616
  [simclr+sigreg] epoch 88/120  nt-xent=5.4789  sigreg=0.0693
  [simclr+sigreg] epoch 89/120  nt-xent=5.4802  sigreg=0.0570
  [simclr+sigreg] epoch 90/120  nt-xent=5.4813  sigreg=0.0666
  [simclr+sigreg] epoch 91/120  nt-xent=5.4761  sigreg=0.0588
  [simclr+sigreg] epoch 92/120  nt-xent=5.4759  sigreg=0.0722
  [simclr+sigreg] epoch 93/120  nt-xent=5.4728  sigreg=0.0603
  [simclr+sigreg] epoch 94/120  nt-xent=5.4822  sigreg=0.0607
  [simclr+sigreg] epoch 95/120  nt-xent=5.4766  sigreg=0.0803
  [simclr+sigreg] epoch 96/120  nt-xent=5.4637  sigreg=0.0539
  [simclr+sigreg] epoch 97/120  nt-xent=5.4725  sigreg=0.0619
  [simclr+sigreg] epoch 98/120  nt-xent=5.4714  sigreg=0.0625
  [simclr+sigreg] epoch 99/120  nt-xent=5.4673  sigreg=0.0718
  [simclr+sigreg] epoch 100/120  nt-xent=5.4630  sigreg=0.0699
  [simclr+sigreg] epoch 101/120  nt-xent=5.4675  sigreg=0.0603
  [simclr+sigreg] epoch 102/120  nt-xent=5.4706  sigreg=0.0714
  [simclr+sigreg] epoch 103/120  nt-xent=5.4572  sigreg=0.0654
  [simclr+sigreg] epoch 104/120  nt-xent=5.4670  sigreg=0.0697
  [simclr+sigreg] epoch 105/120  nt-xent=5.4687  sigreg=0.0696
  [simclr+sigreg] epoch 106/120  nt-xent=5.4587  sigreg=0.0708
  [simclr+sigreg] epoch 107/120  nt-xent=5.4581  sigreg=0.0656
  [simclr+sigreg] epoch 108/120  nt-xent=5.4576  sigreg=0.0637
  [simclr+sigreg] epoch 109/120  nt-xent=5.4536  sigreg=0.0574
  [simclr+sigreg] epoch 110/120  nt-xent=5.4521  sigreg=0.0641
  [simclr+sigreg] epoch 111/120  nt-xent=5.4533  sigreg=0.0599
  [simclr+sigreg] epoch 112/120  nt-xent=5.4625  sigreg=0.0633
  [simclr+sigreg] epoch 113/120  nt-xent=5.4581  sigreg=0.0641
  [simclr+sigreg] epoch 114/120  nt-xent=5.4569  sigreg=0.0681
  [simclr+sigreg] epoch 115/120  nt-xent=5.4600  sigreg=0.0602
  [simclr+sigreg] epoch 116/120  nt-xent=5.4523  sigreg=0.0637
  [simclr+sigreg] epoch 117/120  nt-xent=5.4540  sigreg=0.0641
  [simclr+sigreg] epoch 118/120  nt-xent=5.4450  sigreg=0.0637
  [simclr+sigreg] epoch 119/120  nt-xent=5.4494  sigreg=0.0548
  [simclr+sigreg] epoch 120/120  nt-xent=5.4474  sigreg=0.0596
  [galaxy10/lejepa] raw probe (768d)           59.5
  [galaxy10/lejepa] SupCon (aug)               49.0
  [galaxy10/lejepa] ss[lam5]                   60.7
  [galaxy10/lejepa] supcon+hybrid (concat)     55.3
  [galaxy10/lejepa] ss+hybrid (concat)         60.0

######## galaxy10 on VISReg ViT-B/16 (paper's weights) ########
  extracted galaxy10/visreg train: (1772, 768)
  extracted galaxy10/visreg test: (15964, 768)
  galaxy10/visreg aug replica 1/8
  galaxy10/visreg aug replica 2/8
  galaxy10/visreg aug replica 3/8
  galaxy10/visreg aug replica 4/8
  galaxy10/visreg aug replica 5/8
  galaxy10/visreg aug replica 6/8
  galaxy10/visreg aug replica 7/8
  galaxy10/visreg aug replica 8/8
  [supcon] epoch 1/120  loss=6.8778
  [supcon] epoch 2/120  loss=6.7642
  [supcon] epoch 3/120  loss=6.6895
  [supcon] epoch 4/120  loss=6.6084
  [supcon] epoch 5/120  loss=6.5357
  [supcon] epoch 6/120  loss=6.5032
  [supcon] epoch 7/120  loss=6.4674
  [supcon] epoch 8/120  loss=6.4575
  [supcon] epoch 9/120  loss=6.4444
  [supcon] epoch 10/120  loss=6.4358
  [supcon] epoch 11/120  loss=6.4143
  [supcon] epoch 12/120  loss=6.4200
  [supcon] epoch 13/120  loss=6.4005
  [supcon] epoch 14/120  loss=6.4147
  [supcon] epoch 15/120  loss=6.3871
  [supcon] epoch 16/120  loss=6.3868
  [supcon] epoch 17/120  loss=6.3792
  [supcon] epoch 18/120  loss=6.3900
  [supcon] epoch 19/120  loss=6.3638
  [supcon] epoch 20/120  loss=6.3318
  [supcon] epoch 21/120  loss=6.3472
  [supcon] epoch 22/120  loss=6.3373
  [supcon] epoch 23/120  loss=6.3169
  [supcon] epoch 24/120  loss=6.2994
  [supcon] epoch 25/120  loss=6.3142
  [supcon] epoch 26/120  loss=6.3148
  [supcon] epoch 27/120  loss=6.2817
  [supcon] epoch 28/120  loss=6.2916
  [supcon] epoch 29/120  loss=6.2581
  [supcon] epoch 30/120  loss=6.2676
  [supcon] epoch 31/120  loss=6.2745
  [supcon] epoch 32/120  loss=6.2505
  [supcon] epoch 33/120  loss=6.2510
  [supcon] epoch 34/120  loss=6.2369
  [supcon] epoch 35/120  loss=6.2106
  [supcon] epoch 36/120  loss=6.2185
  [supcon] epoch 37/120  loss=6.2253
  [supcon] epoch 38/120  loss=6.1944
  [supcon] epoch 39/120  loss=6.2015
  [supcon] epoch 40/120  loss=6.1931
  [supcon] epoch 41/120  loss=6.1924
  [supcon] epoch 42/120  loss=6.1839
  [supcon] epoch 43/120  loss=6.1724
  [supcon] epoch 44/120  loss=6.1915
  [supcon] epoch 45/120  loss=6.1670
  [supcon] epoch 46/120  loss=6.1793
  [supcon] epoch 47/120  loss=6.1488
  [supcon] epoch 48/120  loss=6.1615
  [supcon] epoch 49/120  loss=6.1367
  [supcon] epoch 50/120  loss=6.1203
  [supcon] epoch 51/120  loss=6.1278
  [supcon] epoch 52/120  loss=6.1458
  [supcon] epoch 53/120  loss=6.1176
  [supcon] epoch 54/120  loss=6.1769
  [supcon] epoch 55/120  loss=6.1370
  [supcon] epoch 56/120  loss=6.1239
  [supcon] epoch 57/120  loss=6.1124
  [supcon] epoch 58/120  loss=6.1067
  [supcon] epoch 59/120  loss=6.1013
  [supcon] epoch 60/120  loss=6.1127
  [supcon] epoch 61/120  loss=6.1105
  [supcon] epoch 62/120  loss=6.0491
  [supcon] epoch 63/120  loss=6.1042
  [supcon] epoch 64/120  loss=6.0713
  [supcon] epoch 65/120  loss=6.0646
  [supcon] epoch 66/120  loss=6.0504
  [supcon] epoch 67/120  loss=6.0401
  [supcon] epoch 68/120  loss=6.0721
  [supcon] epoch 69/120  loss=6.0609
  [supcon] epoch 70/120  loss=6.0861
  [supcon] epoch 71/120  loss=6.0754
  [supcon] epoch 72/120  loss=6.0703
  [supcon] epoch 73/120  loss=6.0750
  [supcon] epoch 74/120  loss=6.0731
  [supcon] epoch 75/120  loss=6.0554
  [supcon] epoch 76/120  loss=6.0541
  [supcon] epoch 77/120  loss=6.0551
  [supcon] epoch 78/120  loss=6.0267
  [supcon] epoch 79/120  loss=6.0193
  [supcon] epoch 80/120  loss=5.9868
  [supcon] epoch 81/120  loss=6.0118
  [supcon] epoch 82/120  loss=6.0063
  [supcon] epoch 83/120  loss=5.9841
  [supcon] epoch 84/120  loss=6.0120
  [supcon] epoch 85/120  loss=6.0200
  [supcon] epoch 86/120  loss=6.0080
  [supcon] epoch 87/120  loss=5.9935
  [supcon] epoch 88/120  loss=5.9952
  [supcon] epoch 89/120  loss=5.9915
  [supcon] epoch 90/120  loss=5.9926
  [supcon] epoch 91/120  loss=5.9853
  [supcon] epoch 92/120  loss=5.9856
  [supcon] epoch 93/120  loss=5.9595
  [supcon] epoch 94/120  loss=5.9723
  [supcon] epoch 95/120  loss=5.9893
  [supcon] epoch 96/120  loss=5.9554
  [supcon] epoch 97/120  loss=5.9305
  [supcon] epoch 98/120  loss=5.9571
  [supcon] epoch 99/120  loss=5.9353
  [supcon] epoch 100/120  loss=5.9440
  [supcon] epoch 101/120  loss=5.9315
  [supcon] epoch 102/120  loss=5.9221
  [supcon] epoch 103/120  loss=5.9187
  [supcon] epoch 104/120  loss=5.9286
  [supcon] epoch 105/120  loss=5.9177
  [supcon] epoch 106/120  loss=5.9332
  [supcon] epoch 107/120  loss=5.9038
  [supcon] epoch 108/120  loss=5.8897
  [supcon] epoch 109/120  loss=5.9068
  [supcon] epoch 110/120  loss=5.9052
  [supcon] epoch 111/120  loss=5.8803
  [supcon] epoch 112/120  loss=5.8727
  [supcon] epoch 113/120  loss=5.9078
  [supcon] epoch 114/120  loss=5.8955
  [supcon] epoch 115/120  loss=5.8945
  [supcon] epoch 116/120  loss=5.8790
  [supcon] epoch 117/120  loss=5.9060
  [supcon] epoch 118/120  loss=5.9098
  [supcon] epoch 119/120  loss=5.9105
  [supcon] epoch 120/120  loss=5.8709
  [supcon+sigreg] epoch 1/120  supcon=6.9113  sigreg=0.8739
  [supcon+sigreg] epoch 2/120  supcon=6.9684  sigreg=0.7590
  [supcon+sigreg] epoch 3/120  supcon=7.0643  sigreg=0.7008
  [supcon+sigreg] epoch 4/120  supcon=7.0477  sigreg=0.6457
  [supcon+sigreg] epoch 5/120  supcon=7.0685  sigreg=0.6330
  [supcon+sigreg] epoch 6/120  supcon=7.3738  sigreg=0.5340
  [supcon+sigreg] epoch 7/120  supcon=7.2684  sigreg=0.5842
  [supcon+sigreg] epoch 8/120  supcon=7.3205  sigreg=0.5332
  [supcon+sigreg] epoch 9/120  supcon=7.4699  sigreg=0.4822
  [supcon+sigreg] epoch 10/120  supcon=7.5385  sigreg=0.4635
  [supcon+sigreg] epoch 11/120  supcon=7.3231  sigreg=0.4771
  [supcon+sigreg] epoch 12/120  supcon=7.3351  sigreg=0.4576
  [supcon+sigreg] epoch 13/120  supcon=7.4079  sigreg=0.4332
  [supcon+sigreg] epoch 14/120  supcon=7.3937  sigreg=0.4552
  [supcon+sigreg] epoch 15/120  supcon=7.3693  sigreg=0.4021
  [supcon+sigreg] epoch 16/120  supcon=7.2391  sigreg=0.4068
  [supcon+sigreg] epoch 17/120  supcon=7.2333  sigreg=0.3846
  [supcon+sigreg] epoch 18/120  supcon=7.2873  sigreg=0.4255
  [supcon+sigreg] epoch 19/120  supcon=7.2393  sigreg=0.3941
  [supcon+sigreg] epoch 20/120  supcon=7.3837  sigreg=0.3748
  [supcon+sigreg] epoch 21/120  supcon=7.3209  sigreg=0.4237
  [supcon+sigreg] epoch 22/120  supcon=7.1010  sigreg=0.4428
  [supcon+sigreg] epoch 23/120  supcon=7.1879  sigreg=0.4101
  [supcon+sigreg] epoch 24/120  supcon=7.3226  sigreg=0.3703
  [supcon+sigreg] epoch 25/120  supcon=7.0781  sigreg=0.4563
  [supcon+sigreg] epoch 26/120  supcon=7.3724  sigreg=0.3647
  [supcon+sigreg] epoch 27/120  supcon=7.4531  sigreg=0.3337
  [supcon+sigreg] epoch 28/120  supcon=7.0811  sigreg=0.4269
  [supcon+sigreg] epoch 29/120  supcon=7.0836  sigreg=0.3948
  [supcon+sigreg] epoch 30/120  supcon=7.3183  sigreg=0.3999
  [supcon+sigreg] epoch 31/120  supcon=7.3509  sigreg=0.3183
  [supcon+sigreg] epoch 32/120  supcon=7.1898  sigreg=0.3774
  [supcon+sigreg] epoch 33/120  supcon=7.3412  sigreg=0.3236
  [supcon+sigreg] epoch 34/120  supcon=7.1407  sigreg=0.3565
  [supcon+sigreg] epoch 35/120  supcon=7.0952  sigreg=0.3776
  [supcon+sigreg] epoch 36/120  supcon=7.2839  sigreg=0.3423
  [supcon+sigreg] epoch 37/120  supcon=7.3735  sigreg=0.2939
  [supcon+sigreg] epoch 38/120  supcon=7.0685  sigreg=0.3612
  [supcon+sigreg] epoch 39/120  supcon=7.1403  sigreg=0.3279
  [supcon+sigreg] epoch 40/120  supcon=7.3186  sigreg=0.3249
  [supcon+sigreg] epoch 41/120  supcon=7.0477  sigreg=0.3400
  [supcon+sigreg] epoch 42/120  supcon=7.0688  sigreg=0.3518
  [supcon+sigreg] epoch 43/120  supcon=7.3930  sigreg=0.2835
  [supcon+sigreg] epoch 44/120  supcon=7.3052  sigreg=0.3004
  [supcon+sigreg] epoch 45/120  supcon=7.0489  sigreg=0.3454
  [supcon+sigreg] epoch 46/120  supcon=7.1849  sigreg=0.3387
  [supcon+sigreg] epoch 47/120  supcon=7.4383  sigreg=0.2938
  [supcon+sigreg] epoch 48/120  supcon=7.1764  sigreg=0.3067
  [supcon+sigreg] epoch 49/120  supcon=7.2357  sigreg=0.3098
  [supcon+sigreg] epoch 50/120  supcon=7.2133  sigreg=0.3045
  [supcon+sigreg] epoch 51/120  supcon=7.0776  sigreg=0.3511
  [supcon+sigreg] epoch 52/120  supcon=7.2021  sigreg=0.2769
  [supcon+sigreg] epoch 53/120  supcon=7.2459  sigreg=0.2941
  [supcon+sigreg] epoch 54/120  supcon=7.0881  sigreg=0.2909
  [supcon+sigreg] epoch 55/120  supcon=7.1500  sigreg=0.3128
  [supcon+sigreg] epoch 56/120  supcon=7.2060  sigreg=0.2710
  [supcon+sigreg] epoch 57/120  supcon=7.0906  sigreg=0.2968
  [supcon+sigreg] epoch 58/120  supcon=7.1778  sigreg=0.2806
  [supcon+sigreg] epoch 59/120  supcon=7.1542  sigreg=0.2747
  [supcon+sigreg] epoch 60/120  supcon=7.1232  sigreg=0.2690
  [supcon+sigreg] epoch 61/120  supcon=7.1558  sigreg=0.2868
  [supcon+sigreg] epoch 62/120  supcon=7.1294  sigreg=0.2417
  [supcon+sigreg] epoch 63/120  supcon=6.9435  sigreg=0.3008
  [supcon+sigreg] epoch 64/120  supcon=7.0118  sigreg=0.2934
  [supcon+sigreg] epoch 65/120  supcon=7.2086  sigreg=0.2586
  [supcon+sigreg] epoch 66/120  supcon=6.9996  sigreg=0.2795
  [supcon+sigreg] epoch 67/120  supcon=7.0155  sigreg=0.2867
  [supcon+sigreg] epoch 68/120  supcon=7.1207  sigreg=0.2488
  [supcon+sigreg] epoch 69/120  supcon=7.0820  sigreg=0.2632
  [supcon+sigreg] epoch 70/120  supcon=7.0123  sigreg=0.2554
  [supcon+sigreg] epoch 71/120  supcon=7.0559  sigreg=0.2679
  [supcon+sigreg] epoch 72/120  supcon=6.9527  sigreg=0.2594
  [supcon+sigreg] epoch 73/120  supcon=7.0101  sigreg=0.2793
  [supcon+sigreg] epoch 74/120  supcon=7.0152  sigreg=0.2783
  [supcon+sigreg] epoch 75/120  supcon=6.9616  sigreg=0.2729
  [supcon+sigreg] epoch 76/120  supcon=7.0386  sigreg=0.2659
  [supcon+sigreg] epoch 77/120  supcon=7.0420  sigreg=0.2529
  [supcon+sigreg] epoch 78/120  supcon=6.9875  sigreg=0.2677
  [supcon+sigreg] epoch 79/120  supcon=6.9738  sigreg=0.2420
  [supcon+sigreg] epoch 80/120  supcon=6.9452  sigreg=0.2633
  [supcon+sigreg] epoch 81/120  supcon=7.0012  sigreg=0.2297
  [supcon+sigreg] epoch 82/120  supcon=6.9775  sigreg=0.2451
  [supcon+sigreg] epoch 83/120  supcon=7.0015  sigreg=0.2484
  [supcon+sigreg] epoch 84/120  supcon=7.0181  sigreg=0.2585
  [supcon+sigreg] epoch 85/120  supcon=7.0553  sigreg=0.2568
  [supcon+sigreg] epoch 86/120  supcon=6.9737  sigreg=0.2696
  [supcon+sigreg] epoch 87/120  supcon=7.0644  sigreg=0.2392
  [supcon+sigreg] epoch 88/120  supcon=6.8841  sigreg=0.3011
  [supcon+sigreg] epoch 89/120  supcon=6.9194  sigreg=0.2689
  [supcon+sigreg] epoch 90/120  supcon=7.1739  sigreg=0.2186
  [supcon+sigreg] epoch 91/120  supcon=6.9142  sigreg=0.2578
  [supcon+sigreg] epoch 92/120  supcon=6.8868  sigreg=0.2669
  [supcon+sigreg] epoch 93/120  supcon=7.0524  sigreg=0.2202
  [supcon+sigreg] epoch 94/120  supcon=7.0065  sigreg=0.2334
  [supcon+sigreg] epoch 95/120  supcon=6.9516  sigreg=0.2383
  [supcon+sigreg] epoch 96/120  supcon=7.0971  sigreg=0.2271
  [supcon+sigreg] epoch 97/120  supcon=7.0471  sigreg=0.2073
  [supcon+sigreg] epoch 98/120  supcon=6.9677  sigreg=0.2418
  [supcon+sigreg] epoch 99/120  supcon=7.0711  sigreg=0.2088
  [supcon+sigreg] epoch 100/120  supcon=7.0130  sigreg=0.2300
  [supcon+sigreg] epoch 101/120  supcon=7.0747  sigreg=0.2024
  [supcon+sigreg] epoch 102/120  supcon=6.9787  sigreg=0.2090
  [supcon+sigreg] epoch 103/120  supcon=6.9055  sigreg=0.2510
  [supcon+sigreg] epoch 104/120  supcon=6.9438  sigreg=0.2379
  [supcon+sigreg] epoch 105/120  supcon=6.8880  sigreg=0.2623
  [supcon+sigreg] epoch 106/120  supcon=7.0204  sigreg=0.2144
  [supcon+sigreg] epoch 107/120  supcon=6.9107  sigreg=0.2096
  [supcon+sigreg] epoch 108/120  supcon=6.8927  sigreg=0.2678
  [supcon+sigreg] epoch 109/120  supcon=7.1062  sigreg=0.1762
  [supcon+sigreg] epoch 110/120  supcon=6.9380  sigreg=0.2318
  [supcon+sigreg] epoch 111/120  supcon=6.8764  sigreg=0.2147
  [supcon+sigreg] epoch 112/120  supcon=7.0164  sigreg=0.2116
  [supcon+sigreg] epoch 113/120  supcon=6.9521  sigreg=0.2132
  [supcon+sigreg] epoch 114/120  supcon=6.9263  sigreg=0.2351
  [supcon+sigreg] epoch 115/120  supcon=6.9953  sigreg=0.1986
  [supcon+sigreg] epoch 116/120  supcon=6.8462  sigreg=0.2247
  [supcon+sigreg] epoch 117/120  supcon=6.9792  sigreg=0.1938
  [supcon+sigreg] epoch 118/120  supcon=6.9375  sigreg=0.2202
  [supcon+sigreg] epoch 119/120  supcon=6.8181  sigreg=0.2215
  [supcon+sigreg] epoch 120/120  supcon=6.9399  sigreg=0.2178
  [simclr+sigreg] epoch 1/120  nt-xent=6.6448  sigreg=0.7814
  [simclr+sigreg] epoch 2/120  nt-xent=6.4614  sigreg=0.4525
  [simclr+sigreg] epoch 3/120  nt-xent=6.4786  sigreg=0.2976
  [simclr+sigreg] epoch 4/120  nt-xent=6.4356  sigreg=0.2726
  [simclr+sigreg] epoch 5/120  nt-xent=6.3892  sigreg=0.2703
  [simclr+sigreg] epoch 6/120  nt-xent=6.3157  sigreg=0.2257
  [simclr+sigreg] epoch 7/120  nt-xent=6.1948  sigreg=0.1753
  [simclr+sigreg] epoch 8/120  nt-xent=6.1998  sigreg=0.1712
  [simclr+sigreg] epoch 9/120  nt-xent=6.1601  sigreg=0.1517
  [simclr+sigreg] epoch 10/120  nt-xent=6.1236  sigreg=0.1700
  [simclr+sigreg] epoch 11/120  nt-xent=6.0818  sigreg=0.1678
  [simclr+sigreg] epoch 12/120  nt-xent=6.0469  sigreg=0.1301
  [simclr+sigreg] epoch 13/120  nt-xent=6.0132  sigreg=0.1591
  [simclr+sigreg] epoch 14/120  nt-xent=5.9680  sigreg=0.1330
  [simclr+sigreg] epoch 15/120  nt-xent=5.9518  sigreg=0.1386
  [simclr+sigreg] epoch 16/120  nt-xent=5.9152  sigreg=0.1421
  [simclr+sigreg] epoch 17/120  nt-xent=5.9043  sigreg=0.1293
  [simclr+sigreg] epoch 18/120  nt-xent=5.8824  sigreg=0.1444
  [simclr+sigreg] epoch 19/120  nt-xent=5.8745  sigreg=0.1246
  [simclr+sigreg] epoch 20/120  nt-xent=5.8597  sigreg=0.1462
  [simclr+sigreg] epoch 21/120  nt-xent=5.8678  sigreg=0.1279
  [simclr+sigreg] epoch 22/120  nt-xent=5.8420  sigreg=0.1414
  [simclr+sigreg] epoch 23/120  nt-xent=5.8501  sigreg=0.1369
  [simclr+sigreg] epoch 24/120  nt-xent=5.8194  sigreg=0.1295
  [simclr+sigreg] epoch 25/120  nt-xent=5.8447  sigreg=0.1281
  [simclr+sigreg] epoch 26/120  nt-xent=5.8347  sigreg=0.1353
  [simclr+sigreg] epoch 27/120  nt-xent=5.8412  sigreg=0.1209
  [simclr+sigreg] epoch 28/120  nt-xent=5.8142  sigreg=0.1402
  [simclr+sigreg] epoch 29/120  nt-xent=5.7950  sigreg=0.1187
  [simclr+sigreg] epoch 30/120  nt-xent=5.8045  sigreg=0.1028
  [simclr+sigreg] epoch 31/120  nt-xent=5.7851  sigreg=0.1170
  [simclr+sigreg] epoch 32/120  nt-xent=5.7753  sigreg=0.1100
  [simclr+sigreg] epoch 33/120  nt-xent=5.7561  sigreg=0.1281
  [simclr+sigreg] epoch 34/120  nt-xent=5.7497  sigreg=0.1158
  [simclr+sigreg] epoch 35/120  nt-xent=5.7333  sigreg=0.1056
  [simclr+sigreg] epoch 36/120  nt-xent=5.7368  sigreg=0.1038
  [simclr+sigreg] epoch 37/120  nt-xent=5.7254  sigreg=0.1169
  [simclr+sigreg] epoch 38/120  nt-xent=5.7160  sigreg=0.1007
  [simclr+sigreg] epoch 39/120  nt-xent=5.6999  sigreg=0.0940
  [simclr+sigreg] epoch 40/120  nt-xent=5.7109  sigreg=0.1056
  [simclr+sigreg] epoch 41/120  nt-xent=5.6886  sigreg=0.1164
  [simclr+sigreg] epoch 42/120  nt-xent=5.6933  sigreg=0.0882
  [simclr+sigreg] epoch 43/120  nt-xent=5.6877  sigreg=0.0936
  [simclr+sigreg] epoch 44/120  nt-xent=5.6901  sigreg=0.0960
  [simclr+sigreg] epoch 45/120  nt-xent=5.6980  sigreg=0.1008
  [simclr+sigreg] epoch 46/120  nt-xent=5.6965  sigreg=0.0929
  [simclr+sigreg] epoch 47/120  nt-xent=5.7001  sigreg=0.1058
  [simclr+sigreg] epoch 48/120  nt-xent=5.6768  sigreg=0.0901
  [simclr+sigreg] epoch 49/120  nt-xent=5.6885  sigreg=0.0971
  [simclr+sigreg] epoch 50/120  nt-xent=5.6851  sigreg=0.0944
  [simclr+sigreg] epoch 51/120  nt-xent=5.6748  sigreg=0.0973
  [simclr+sigreg] epoch 52/120  nt-xent=5.6848  sigreg=0.0895
  [simclr+sigreg] epoch 53/120  nt-xent=5.6680  sigreg=0.0882
  [simclr+sigreg] epoch 54/120  nt-xent=5.6738  sigreg=0.0932
  [simclr+sigreg] epoch 55/120  nt-xent=5.6638  sigreg=0.0918
  [simclr+sigreg] epoch 56/120  nt-xent=5.6609  sigreg=0.0897
  [simclr+sigreg] epoch 57/120  nt-xent=5.6636  sigreg=0.0837
  [simclr+sigreg] epoch 58/120  nt-xent=5.6484  sigreg=0.0875
  [simclr+sigreg] epoch 59/120  nt-xent=5.6554  sigreg=0.0903
  [simclr+sigreg] epoch 60/120  nt-xent=5.6636  sigreg=0.0949
  [simclr+sigreg] epoch 61/120  nt-xent=5.6516  sigreg=0.0823
  [simclr+sigreg] epoch 62/120  nt-xent=5.6495  sigreg=0.0833
  [simclr+sigreg] epoch 63/120  nt-xent=5.6698  sigreg=0.0765
  [simclr+sigreg] epoch 64/120  nt-xent=5.6598  sigreg=0.0960
  [simclr+sigreg] epoch 65/120  nt-xent=5.6588  sigreg=0.0897
  [simclr+sigreg] epoch 66/120  nt-xent=5.6512  sigreg=0.0732
  [simclr+sigreg] epoch 67/120  nt-xent=5.6363  sigreg=0.0845
  [simclr+sigreg] epoch 68/120  nt-xent=5.6461  sigreg=0.0736
  [simclr+sigreg] epoch 69/120  nt-xent=5.6379  sigreg=0.0695
  [simclr+sigreg] epoch 70/120  nt-xent=5.6355  sigreg=0.0831
  [simclr+sigreg] epoch 71/120  nt-xent=5.6387  sigreg=0.0751
  [simclr+sigreg] epoch 72/120  nt-xent=5.6373  sigreg=0.0763
  [simclr+sigreg] epoch 73/120  nt-xent=5.6348  sigreg=0.0678
  [simclr+sigreg] epoch 74/120  nt-xent=5.6382  sigreg=0.0866
  [simclr+sigreg] epoch 75/120  nt-xent=5.6246  sigreg=0.0803
  [simclr+sigreg] epoch 76/120  nt-xent=5.6162  sigreg=0.0845
  [simclr+sigreg] epoch 77/120  nt-xent=5.6239  sigreg=0.0841
  [simclr+sigreg] epoch 78/120  nt-xent=5.6163  sigreg=0.0875
  [simclr+sigreg] epoch 79/120  nt-xent=5.6192  sigreg=0.0862
  [simclr+sigreg] epoch 80/120  nt-xent=5.6154  sigreg=0.0933
  [simclr+sigreg] epoch 81/120  nt-xent=5.6042  sigreg=0.0888
  [simclr+sigreg] epoch 82/120  nt-xent=5.6253  sigreg=0.0955
  [simclr+sigreg] epoch 83/120  nt-xent=5.6359  sigreg=0.1006
  [simclr+sigreg] epoch 84/120  nt-xent=5.6271  sigreg=0.0904
  [simclr+sigreg] epoch 85/120  nt-xent=5.6229  sigreg=0.0878
  [simclr+sigreg] epoch 86/120  nt-xent=5.6129  sigreg=0.0899
  [simclr+sigreg] epoch 87/120  nt-xent=5.6126  sigreg=0.0873
  [simclr+sigreg] epoch 88/120  nt-xent=5.6108  sigreg=0.0994
  [simclr+sigreg] epoch 89/120  nt-xent=5.6022  sigreg=0.0814
  [simclr+sigreg] epoch 90/120  nt-xent=5.5997  sigreg=0.0900
  [simclr+sigreg] epoch 91/120  nt-xent=5.6011  sigreg=0.0797
  [simclr+sigreg] epoch 92/120  nt-xent=5.6007  sigreg=0.0861
  [simclr+sigreg] epoch 93/120  nt-xent=5.5898  sigreg=0.0751
  [simclr+sigreg] epoch 94/120  nt-xent=5.6049  sigreg=0.0856
  [simclr+sigreg] epoch 95/120  nt-xent=5.5899  sigreg=0.0802
  [simclr+sigreg] epoch 96/120  nt-xent=5.5873  sigreg=0.0767
  [simclr+sigreg] epoch 97/120  nt-xent=5.5884  sigreg=0.0726
  [simclr+sigreg] epoch 98/120  nt-xent=5.5969  sigreg=0.0838
  [simclr+sigreg] epoch 99/120  nt-xent=5.5995  sigreg=0.0756
  [simclr+sigreg] epoch 100/120  nt-xent=5.5773  sigreg=0.0697
  [simclr+sigreg] epoch 101/120  nt-xent=5.5837  sigreg=0.0910
  [simclr+sigreg] epoch 102/120  nt-xent=5.5774  sigreg=0.0832
  [simclr+sigreg] epoch 103/120  nt-xent=5.5777  sigreg=0.0773
  [simclr+sigreg] epoch 104/120  nt-xent=5.5682  sigreg=0.0782
  [simclr+sigreg] epoch 105/120  nt-xent=5.5762  sigreg=0.0826
  [simclr+sigreg] epoch 106/120  nt-xent=5.5670  sigreg=0.0846
  [simclr+sigreg] epoch 107/120  nt-xent=5.5763  sigreg=0.0807
  [simclr+sigreg] epoch 108/120  nt-xent=5.5710  sigreg=0.0735
  [simclr+sigreg] epoch 109/120  nt-xent=5.5582  sigreg=0.0761
  [simclr+sigreg] epoch 110/120  nt-xent=5.5589  sigreg=0.0766
  [simclr+sigreg] epoch 111/120  nt-xent=5.5533  sigreg=0.0708
  [simclr+sigreg] epoch 112/120  nt-xent=5.5574  sigreg=0.0658
  [simclr+sigreg] epoch 113/120  nt-xent=5.5540  sigreg=0.0774
  [simclr+sigreg] epoch 114/120  nt-xent=5.5465  sigreg=0.0678
  [simclr+sigreg] epoch 115/120  nt-xent=5.5529  sigreg=0.0647
  [simclr+sigreg] epoch 116/120  nt-xent=5.5514  sigreg=0.0604
  [simclr+sigreg] epoch 117/120  nt-xent=5.5463  sigreg=0.0716
  [simclr+sigreg] epoch 118/120  nt-xent=5.5505  sigreg=0.0750
  [simclr+sigreg] epoch 119/120  nt-xent=5.5474  sigreg=0.0697
  [simclr+sigreg] epoch 120/120  nt-xent=5.5458  sigreg=0.0803
  [galaxy10/visreg] raw probe (768d)           59.2
  [galaxy10/visreg] SupCon (aug)               61.6
  [galaxy10/visreg] ss[lam5]                   54.7
  [galaxy10/visreg] supcon+hybrid (concat)     59.8
  [galaxy10/visreg] ss+hybrid (concat)         55.2

===== TRANSFER TOP-1, 32-d heads on frozen ViT-B/16 =====

  --- aircraft (paper: MoCoV3 57.9  DINO 63.6  VISReg-B 57.1) ---
  method                            dino    lejepa    visreg
  raw probe (768d)                  65.2      34.4      36.7
  SupCon (aug)                      61.7      45.5      47.7
  ss[lam5]                          62.9      39.1      36.4
  supcon+hybrid (concat)            57.8      26.4      34.3
  ss+hybrid (concat)                62.1      35.6      34.4

  --- cars (paper: MoCoV3 67.5  DINO 73.9  VISReg-B 64.8) ---
  method                            dino    lejepa    visreg
  raw probe (768d)                  70.4      40.8      47.5
  SupCon (aug)                      65.3      45.3      53.8
  ss[lam5]                          67.6      44.1      47.1
  supcon+hybrid (concat)            61.3      27.4      40.3
  ss+hybrid (concat)                65.4      41.9      44.5

  --- flowers (paper: MoCoV3 91.5  DINO 94.6  VISReg-B 90.4) ---
  method                            dino    lejepa    visreg
  raw probe (768d)                  96.7      88.7      91.3
  SupCon (aug)                      95.4      83.6      89.2
  ss[lam5]                          96.0      87.7      89.2
  supcon+hybrid (concat)            94.4      68.4      76.9
  ss+hybrid (concat)                94.9      84.3      86.4

  --- galaxy10 (paper: MoCoV3 73.1  DINO 72.8  VISReg-B 74.0) ---
  method                            dino    lejepa    visreg
  raw probe (768d)                  63.0      59.5      59.2
  SupCon (aug)                      63.6      49.0      61.6
  ss[lam5]                          61.3      60.7      54.7
  supcon+hybrid (concat)            64.4      55.3      59.8
  ss+hybrid (concat)                61.4      60.0      55.2

  saved /home/pharris/sigreg/SuperSig/plots/transfer32d_accuracy_d32.png
Done.
