device=cuda  emb_dim=100  datasets=['aircraft', 'cars', 'flowers', 'galaxy10']  bases=['dino', 'lejepa', 'visreg']

######## aircraft on DINO ViT-B/16 ########
  [simclr+sigreg] epoch 1/120  nt-xent=6.1482  sigreg=0.5111
  [simclr+sigreg] epoch 2/120  nt-xent=5.7884  sigreg=0.2714
  [simclr+sigreg] epoch 3/120  nt-xent=5.6264  sigreg=0.1706
  [simclr+sigreg] epoch 4/120  nt-xent=5.5281  sigreg=0.1231
  [simclr+sigreg] epoch 5/120  nt-xent=5.4784  sigreg=0.1055
  [simclr+sigreg] epoch 6/120  nt-xent=5.4460  sigreg=0.0875
  [simclr+sigreg] epoch 7/120  nt-xent=5.4193  sigreg=0.0832
  [simclr+sigreg] epoch 8/120  nt-xent=5.4040  sigreg=0.0754
  [simclr+sigreg] epoch 9/120  nt-xent=5.3905  sigreg=0.0775
  [simclr+sigreg] epoch 10/120  nt-xent=5.3872  sigreg=0.0772
  [simclr+sigreg] epoch 11/120  nt-xent=5.3644  sigreg=0.0674
  [simclr+sigreg] epoch 12/120  nt-xent=5.3507  sigreg=0.0680
  [simclr+sigreg] epoch 13/120  nt-xent=5.3444  sigreg=0.0646
  [simclr+sigreg] epoch 14/120  nt-xent=5.3386  sigreg=0.0606
  [simclr+sigreg] epoch 15/120  nt-xent=5.3316  sigreg=0.0634
  [simclr+sigreg] epoch 16/120  nt-xent=5.3207  sigreg=0.0608
  [simclr+sigreg] epoch 17/120  nt-xent=5.3190  sigreg=0.0589
  [simclr+sigreg] epoch 18/120  nt-xent=5.3051  sigreg=0.0532
  [simclr+sigreg] epoch 19/120  nt-xent=5.2944  sigreg=0.0506
  [simclr+sigreg] epoch 20/120  nt-xent=5.2868  sigreg=0.0456
  [simclr+sigreg] epoch 21/120  nt-xent=5.2862  sigreg=0.0469
  [simclr+sigreg] epoch 22/120  nt-xent=5.2834  sigreg=0.0490
  [simclr+sigreg] epoch 23/120  nt-xent=5.2789  sigreg=0.0482
  [simclr+sigreg] epoch 24/120  nt-xent=5.2716  sigreg=0.0457
  [simclr+sigreg] epoch 25/120  nt-xent=5.2673  sigreg=0.0421
  [simclr+sigreg] epoch 26/120  nt-xent=5.2638  sigreg=0.0442
  [simclr+sigreg] epoch 27/120  nt-xent=5.2529  sigreg=0.0394
  [simclr+sigreg] epoch 28/120  nt-xent=5.2517  sigreg=0.0386
  [simclr+sigreg] epoch 29/120  nt-xent=5.2543  sigreg=0.0430
  [simclr+sigreg] epoch 30/120  nt-xent=5.2518  sigreg=0.0413
  [simclr+sigreg] epoch 31/120  nt-xent=5.2457  sigreg=0.0403
  [simclr+sigreg] epoch 32/120  nt-xent=5.2468  sigreg=0.0392
  [simclr+sigreg] epoch 33/120  nt-xent=5.2439  sigreg=0.0413
  [simclr+sigreg] epoch 34/120  nt-xent=5.2392  sigreg=0.0393
  [simclr+sigreg] epoch 35/120  nt-xent=5.2359  sigreg=0.0379
  [simclr+sigreg] epoch 36/120  nt-xent=5.2327  sigreg=0.0362
  [simclr+sigreg] epoch 37/120  nt-xent=5.2299  sigreg=0.0383
  [simclr+sigreg] epoch 38/120  nt-xent=5.2315  sigreg=0.0382
  [simclr+sigreg] epoch 39/120  nt-xent=5.2305  sigreg=0.0366
  [simclr+sigreg] epoch 40/120  nt-xent=5.2225  sigreg=0.0358
  [simclr+sigreg] epoch 41/120  nt-xent=5.2202  sigreg=0.0352
  [simclr+sigreg] epoch 42/120  nt-xent=5.2180  sigreg=0.0347
  [simclr+sigreg] epoch 43/120  nt-xent=5.2168  sigreg=0.0341
  [simclr+sigreg] epoch 44/120  nt-xent=5.2152  sigreg=0.0324
  [simclr+sigreg] epoch 45/120  nt-xent=5.2170  sigreg=0.0343
  [simclr+sigreg] epoch 46/120  nt-xent=5.2193  sigreg=0.0377
  [simclr+sigreg] epoch 47/120  nt-xent=5.2111  sigreg=0.0341
  [simclr+sigreg] epoch 48/120  nt-xent=5.2127  sigreg=0.0347
  [simclr+sigreg] epoch 49/120  nt-xent=5.2087  sigreg=0.0345
  [simclr+sigreg] epoch 50/120  nt-xent=5.2068  sigreg=0.0319
  [simclr+sigreg] epoch 51/120  nt-xent=5.2050  sigreg=0.0319
  [simclr+sigreg] epoch 52/120  nt-xent=5.2001  sigreg=0.0321
  [simclr+sigreg] epoch 53/120  nt-xent=5.1989  sigreg=0.0323
  [simclr+sigreg] epoch 54/120  nt-xent=5.2008  sigreg=0.0322
  [simclr+sigreg] epoch 55/120  nt-xent=5.2039  sigreg=0.0346
  [simclr+sigreg] epoch 56/120  nt-xent=5.2027  sigreg=0.0331
  [simclr+sigreg] epoch 57/120  nt-xent=5.2013  sigreg=0.0339
  [simclr+sigreg] epoch 58/120  nt-xent=5.1993  sigreg=0.0306
  [simclr+sigreg] epoch 59/120  nt-xent=5.1977  sigreg=0.0331
  [simclr+sigreg] epoch 60/120  nt-xent=5.1996  sigreg=0.0341
  [simclr+sigreg] epoch 61/120  nt-xent=5.1985  sigreg=0.0345
  [simclr+sigreg] epoch 62/120  nt-xent=5.1942  sigreg=0.0328
  [simclr+sigreg] epoch 63/120  nt-xent=5.1895  sigreg=0.0319
  [simclr+sigreg] epoch 64/120  nt-xent=5.1874  sigreg=0.0298
  [simclr+sigreg] epoch 65/120  nt-xent=5.1863  sigreg=0.0306
  [simclr+sigreg] epoch 66/120  nt-xent=5.1836  sigreg=0.0295
  [simclr+sigreg] epoch 67/120  nt-xent=5.1867  sigreg=0.0307
  [simclr+sigreg] epoch 68/120  nt-xent=5.1840  sigreg=0.0282
  [simclr+sigreg] epoch 69/120  nt-xent=5.1841  sigreg=0.0283
  [simclr+sigreg] epoch 70/120  nt-xent=5.1821  sigreg=0.0307
  [simclr+sigreg] epoch 71/120  nt-xent=5.1853  sigreg=0.0302
  [simclr+sigreg] epoch 72/120  nt-xent=5.1801  sigreg=0.0292
  [simclr+sigreg] epoch 73/120  nt-xent=5.1814  sigreg=0.0301
  [simclr+sigreg] epoch 74/120  nt-xent=5.1811  sigreg=0.0293
  [simclr+sigreg] epoch 75/120  nt-xent=5.1799  sigreg=0.0304
  [simclr+sigreg] epoch 76/120  nt-xent=5.1791  sigreg=0.0301
  [simclr+sigreg] epoch 77/120  nt-xent=5.1782  sigreg=0.0302
  [simclr+sigreg] epoch 78/120  nt-xent=5.1772  sigreg=0.0284
  [simclr+sigreg] epoch 79/120  nt-xent=5.1730  sigreg=0.0283
  [simclr+sigreg] epoch 80/120  nt-xent=5.1725  sigreg=0.0289
  [simclr+sigreg] epoch 81/120  nt-xent=5.1719  sigreg=0.0269
  [simclr+sigreg] epoch 82/120  nt-xent=5.1745  sigreg=0.0296
  [simclr+sigreg] epoch 83/120  nt-xent=5.1785  sigreg=0.0317
  [simclr+sigreg] epoch 84/120  nt-xent=5.1735  sigreg=0.0301
  [simclr+sigreg] epoch 85/120  nt-xent=5.1715  sigreg=0.0296
  [simclr+sigreg] epoch 86/120  nt-xent=5.1707  sigreg=0.0269
  [simclr+sigreg] epoch 87/120  nt-xent=5.1687  sigreg=0.0292
  [simclr+sigreg] epoch 88/120  nt-xent=5.1689  sigreg=0.0284
  [simclr+sigreg] epoch 89/120  nt-xent=5.1679  sigreg=0.0280
  [simclr+sigreg] epoch 90/120  nt-xent=5.1633  sigreg=0.0246
  [simclr+sigreg] epoch 91/120  nt-xent=5.1658  sigreg=0.0260
  [simclr+sigreg] epoch 92/120  nt-xent=5.1629  sigreg=0.0259
  [simclr+sigreg] epoch 93/120  nt-xent=5.1646  sigreg=0.0279
  [simclr+sigreg] epoch 94/120  nt-xent=5.1608  sigreg=0.0278
  [simclr+sigreg] epoch 95/120  nt-xent=5.1661  sigreg=0.0282
  [simclr+sigreg] epoch 96/120  nt-xent=5.1632  sigreg=0.0280
  [simclr+sigreg] epoch 97/120  nt-xent=5.1634  sigreg=0.0279
  [simclr+sigreg] epoch 98/120  nt-xent=5.1587  sigreg=0.0275
  [simclr+sigreg] epoch 99/120  nt-xent=5.1611  sigreg=0.0271
  [simclr+sigreg] epoch 100/120  nt-xent=5.1611  sigreg=0.0278
  [simclr+sigreg] epoch 101/120  nt-xent=5.1573  sigreg=0.0280
  [simclr+sigreg] epoch 102/120  nt-xent=5.1589  sigreg=0.0266
  [simclr+sigreg] epoch 103/120  nt-xent=5.1569  sigreg=0.0271
  [simclr+sigreg] epoch 104/120  nt-xent=5.1559  sigreg=0.0259
  [simclr+sigreg] epoch 105/120  nt-xent=5.1564  sigreg=0.0248
  [simclr+sigreg] epoch 106/120  nt-xent=5.1541  sigreg=0.0254
  [simclr+sigreg] epoch 107/120  nt-xent=5.1524  sigreg=0.0249
  [simclr+sigreg] epoch 108/120  nt-xent=5.1540  sigreg=0.0249
  [simclr+sigreg] epoch 109/120  nt-xent=5.1527  sigreg=0.0273
  [simclr+sigreg] epoch 110/120  nt-xent=5.1528  sigreg=0.0261
  [simclr+sigreg] epoch 111/120  nt-xent=5.1494  sigreg=0.0254
  [simclr+sigreg] epoch 112/120  nt-xent=5.1499  sigreg=0.0255
  [simclr+sigreg] epoch 113/120  nt-xent=5.1492  sigreg=0.0260
  [simclr+sigreg] epoch 114/120  nt-xent=5.1489  sigreg=0.0264
  [simclr+sigreg] epoch 115/120  nt-xent=5.1520  sigreg=0.0264
  [simclr+sigreg] epoch 116/120  nt-xent=5.1466  sigreg=0.0241
  [simclr+sigreg] epoch 117/120  nt-xent=5.1469  sigreg=0.0253
  [simclr+sigreg] epoch 118/120  nt-xent=5.1463  sigreg=0.0254
  [simclr+sigreg] epoch 119/120  nt-xent=5.1459  sigreg=0.0241
  [simclr+sigreg] epoch 120/120  nt-xent=5.1431  sigreg=0.0231
--- [aircraft/dino] sup-SIGReg (proto) ---
  seed anchors (orthogonal): min pairwise distance=5.00 sigma
  balanced loader: 6667 samples, 11 batches of 24x24
  [sigreg+proto] epoch 1/120  sigreg=0.8991  proto=5.3484  min_dist=5.01  mean_dist=5.02
  [sigreg+proto] epoch 2/120  sigreg=0.8805  proto=4.4048  min_dist=5.02  mean_dist=5.04
  [sigreg+proto] epoch 3/120  sigreg=0.8527  proto=4.2222  min_dist=5.03  mean_dist=5.07
  [sigreg+proto] epoch 4/120  sigreg=0.8396  proto=4.0922  min_dist=5.05  mean_dist=5.09
  [sigreg+proto] epoch 5/120  sigreg=0.8150  proto=3.8631  min_dist=5.06  mean_dist=5.11
  [sigreg+proto] epoch 6/120  sigreg=0.7895  proto=3.6663  min_dist=5.08  mean_dist=5.13
  [sigreg+proto] epoch 7/120  sigreg=0.7713  proto=3.4836  min_dist=5.09  mean_dist=5.16
  [sigreg+proto] epoch 8/120  sigreg=0.7560  proto=3.4256  min_dist=5.09  mean_dist=5.18
  [sigreg+proto] epoch 9/120  sigreg=0.7606  proto=3.1403  min_dist=5.10  mean_dist=5.20
  [sigreg+proto] epoch 10/120  sigreg=0.7272  proto=2.9292  min_dist=5.11  mean_dist=5.22
  [sigreg+proto] epoch 11/120  sigreg=0.7271  proto=2.8094  min_dist=5.12  mean_dist=5.25
  [sigreg+proto] epoch 12/120  sigreg=0.7073  proto=2.5934  min_dist=5.13  mean_dist=5.27
  [sigreg+proto] epoch 13/120  sigreg=0.6800  proto=2.4247  min_dist=5.13  mean_dist=5.30
  [sigreg+proto] epoch 14/120  sigreg=0.6846  proto=2.3627  min_dist=5.14  mean_dist=5.32
  [sigreg+proto] epoch 15/120  sigreg=0.6563  proto=2.1457  min_dist=5.15  mean_dist=5.34
  [sigreg+proto] epoch 16/120  sigreg=0.6459  proto=2.0247  min_dist=5.16  mean_dist=5.37
  [sigreg+proto] epoch 17/120  sigreg=0.6403  proto=1.8660  min_dist=5.16  mean_dist=5.40
  [sigreg+proto] epoch 18/120  sigreg=0.6235  proto=1.9285  min_dist=5.17  mean_dist=5.42
  [sigreg+proto] epoch 19/120  sigreg=0.6270  proto=1.6599  min_dist=5.18  mean_dist=5.45
  [sigreg+proto] epoch 20/120  sigreg=0.6111  proto=1.7461  min_dist=5.19  mean_dist=5.48
  [sigreg+proto] epoch 21/120  sigreg=0.5977  proto=1.6849  min_dist=5.20  mean_dist=5.51
  [sigreg+proto] epoch 22/120  sigreg=0.5739  proto=1.5323  min_dist=5.22  mean_dist=5.55
  [sigreg+proto] epoch 23/120  sigreg=0.5814  proto=1.4640  min_dist=5.23  mean_dist=5.58
  [sigreg+proto] epoch 24/120  sigreg=0.5703  proto=1.3695  min_dist=5.25  mean_dist=5.61
  [sigreg+proto] epoch 25/120  sigreg=0.5611  proto=1.3338  min_dist=5.26  mean_dist=5.65
  [sigreg+proto] epoch 26/120  sigreg=0.5595  proto=1.3934  min_dist=5.28  mean_dist=5.69
  [sigreg+proto] epoch 27/120  sigreg=0.5460  proto=1.1639  min_dist=5.29  mean_dist=5.73
  [sigreg+proto] epoch 28/120  sigreg=0.5324  proto=1.1636  min_dist=5.31  mean_dist=5.77
  [sigreg+proto] epoch 29/120  sigreg=0.5225  proto=1.1521  min_dist=5.32  mean_dist=5.81
  [sigreg+proto] epoch 30/120  sigreg=0.5073  proto=1.0151  min_dist=5.33  mean_dist=5.86
  [sigreg+proto] epoch 31/120  sigreg=0.5015  proto=0.9875  min_dist=5.34  mean_dist=5.91
  [sigreg+proto] epoch 32/120  sigreg=0.4992  proto=1.0750  min_dist=5.35  mean_dist=5.95
  [sigreg+proto] epoch 33/120  sigreg=0.5124  proto=1.1180  min_dist=5.37  mean_dist=6.00
  [sigreg+proto] epoch 34/120  sigreg=0.5034  proto=1.0218  min_dist=5.38  mean_dist=6.05
  [sigreg+proto] epoch 35/120  sigreg=0.4947  proto=0.9577  min_dist=5.39  mean_dist=6.11
  [sigreg+proto] epoch 36/120  sigreg=0.4865  proto=0.9378  min_dist=5.41  mean_dist=6.16
  [sigreg+proto] epoch 37/120  sigreg=0.4778  proto=0.8842  min_dist=5.42  mean_dist=6.22
  [sigreg+proto] epoch 38/120  sigreg=0.4798  proto=0.8242  min_dist=5.43  mean_dist=6.27
  [sigreg+proto] epoch 39/120  sigreg=0.4758  proto=0.8211  min_dist=5.45  mean_dist=6.33
  [sigreg+proto] epoch 40/120  sigreg=0.4773  proto=0.8299  min_dist=5.46  mean_dist=6.39
  [sigreg+proto] epoch 41/120  sigreg=0.4636  proto=0.8252  min_dist=5.48  mean_dist=6.45
  [sigreg+proto] epoch 42/120  sigreg=0.4607  proto=0.7823  min_dist=5.49  mean_dist=6.51
  [sigreg+proto] epoch 43/120  sigreg=0.4567  proto=0.7034  min_dist=5.51  mean_dist=6.57
  [sigreg+proto] epoch 44/120  sigreg=0.4508  proto=0.6901  min_dist=5.52  mean_dist=6.63
  [sigreg+proto] epoch 45/120  sigreg=0.4448  proto=0.6464  min_dist=5.54  mean_dist=6.69
  [sigreg+proto] epoch 46/120  sigreg=0.4355  proto=0.6680  min_dist=5.55  mean_dist=6.75
  [sigreg+proto] epoch 47/120  sigreg=0.4432  proto=0.6310  min_dist=5.57  mean_dist=6.81
  [sigreg+proto] epoch 48/120  sigreg=0.4430  proto=0.5951  min_dist=5.59  mean_dist=6.88
  [sigreg+proto] epoch 49/120  sigreg=0.4407  proto=0.5940  min_dist=5.61  mean_dist=6.94
  [sigreg+proto] epoch 50/120  sigreg=0.4355  proto=0.5432  min_dist=5.62  mean_dist=7.00
  [sigreg+proto] epoch 51/120  sigreg=0.4348  proto=0.5649  min_dist=5.64  mean_dist=7.07
  [sigreg+proto] epoch 52/120  sigreg=0.4337  proto=0.5149  min_dist=5.66  mean_dist=7.13
  [sigreg+proto] epoch 53/120  sigreg=0.4345  proto=0.5282  min_dist=5.68  mean_dist=7.19
  [sigreg+proto] epoch 54/120  sigreg=0.4325  proto=0.5235  min_dist=5.70  mean_dist=7.26
  [sigreg+proto] epoch 55/120  sigreg=0.4342  proto=0.5530  min_dist=5.72  mean_dist=7.32
  [sigreg+proto] epoch 56/120  sigreg=0.4331  proto=0.5052  min_dist=5.74  mean_dist=7.38
  [sigreg+proto] epoch 57/120  sigreg=0.4231  proto=0.4687  min_dist=5.76  mean_dist=7.45
  [sigreg+proto] epoch 58/120  sigreg=0.4230  proto=0.4352  min_dist=5.78  mean_dist=7.51
  [sigreg+proto] epoch 59/120  sigreg=0.4152  proto=0.4270  min_dist=5.80  mean_dist=7.57
  [sigreg+proto] epoch 60/120  sigreg=0.4160  proto=0.4013  min_dist=5.82  mean_dist=7.64
  [sigreg+proto] epoch 61/120  sigreg=0.4106  proto=0.3678  min_dist=5.84  mean_dist=7.70
  [sigreg+proto] epoch 62/120  sigreg=0.4174  proto=0.3494  min_dist=5.86  mean_dist=7.76
  [sigreg+proto] epoch 63/120  sigreg=0.4005  proto=0.3184  min_dist=5.88  mean_dist=7.82
  [sigreg+proto] epoch 64/120  sigreg=0.4186  proto=0.3817  min_dist=5.90  mean_dist=7.88
  [sigreg+proto] epoch 65/120  sigreg=0.4090  proto=0.3397  min_dist=5.92  mean_dist=7.94
  [sigreg+proto] epoch 66/120  sigreg=0.4130  proto=0.2962  min_dist=5.94  mean_dist=8.00
  [sigreg+proto] epoch 67/120  sigreg=0.4041  proto=0.3027  min_dist=5.96  mean_dist=8.07
  [sigreg+proto] epoch 68/120  sigreg=0.4032  proto=0.2915  min_dist=5.98  mean_dist=8.13
  [sigreg+proto] epoch 69/120  sigreg=0.3956  proto=0.2354  min_dist=6.00  mean_dist=8.19
  [sigreg+proto] epoch 70/120  sigreg=0.3950  proto=0.2439  min_dist=6.02  mean_dist=8.25
  [sigreg+proto] epoch 71/120  sigreg=0.4036  proto=0.2549  min_dist=6.04  mean_dist=8.30
  [sigreg+proto] epoch 72/120  sigreg=0.3989  proto=0.2264  min_dist=6.07  mean_dist=8.36
  [sigreg+proto] epoch 73/120  sigreg=0.3990  proto=0.2514  min_dist=6.09  mean_dist=8.42
  [sigreg+proto] epoch 74/120  sigreg=0.4011  proto=0.2462  min_dist=6.10  mean_dist=8.48
  [sigreg+proto] epoch 75/120  sigreg=0.3958  proto=0.2283  min_dist=6.11  mean_dist=8.54
  [sigreg+proto] epoch 76/120  sigreg=0.3917  proto=0.2149  min_dist=6.12  mean_dist=8.60
  [sigreg+proto] epoch 77/120  sigreg=0.3852  proto=0.1901  min_dist=6.14  mean_dist=8.65
  [sigreg+proto] epoch 78/120  sigreg=0.4044  proto=0.2081  min_dist=6.15  mean_dist=8.71
  [sigreg+proto] epoch 79/120  sigreg=0.3946  proto=0.2015  min_dist=6.17  mean_dist=8.77
  [sigreg+proto] epoch 80/120  sigreg=0.3974  proto=0.1770  min_dist=6.18  mean_dist=8.82
  [sigreg+proto] epoch 81/120  sigreg=0.3933  proto=0.1367  min_dist=6.19  mean_dist=8.88
  [sigreg+proto] epoch 82/120  sigreg=0.3826  proto=0.1267  min_dist=6.21  mean_dist=8.93
  [sigreg+proto] epoch 83/120  sigreg=0.3895  proto=0.1361  min_dist=6.22  mean_dist=8.99
  [sigreg+proto] epoch 84/120  sigreg=0.3797  proto=0.1214  min_dist=6.23  mean_dist=9.04
  [sigreg+proto] epoch 85/120  sigreg=0.3871  proto=0.1152  min_dist=6.25  mean_dist=9.10
  [sigreg+proto] epoch 86/120  sigreg=0.3822  proto=0.1128  min_dist=6.26  mean_dist=9.15
  [sigreg+proto] epoch 87/120  sigreg=0.3813  proto=0.1162  min_dist=6.28  mean_dist=9.21
  [sigreg+proto] epoch 88/120  sigreg=0.3763  proto=0.1006  min_dist=6.29  mean_dist=9.26
  [sigreg+proto] epoch 89/120  sigreg=0.3790  proto=0.0995  min_dist=6.30  mean_dist=9.31
  [sigreg+proto] epoch 90/120  sigreg=0.3832  proto=0.0989  min_dist=6.32  mean_dist=9.36
  [sigreg+proto] epoch 91/120  sigreg=0.3900  proto=0.1070  min_dist=6.33  mean_dist=9.42
  [sigreg+proto] epoch 92/120  sigreg=0.3886  proto=0.1049  min_dist=6.35  mean_dist=9.47
  [sigreg+proto] epoch 93/120  sigreg=0.3856  proto=0.0956  min_dist=6.36  mean_dist=9.52
  [sigreg+proto] epoch 94/120  sigreg=0.3906  proto=0.0837  min_dist=6.37  mean_dist=9.57
  [sigreg+proto] epoch 95/120  sigreg=0.3833  proto=0.0730  min_dist=6.39  mean_dist=9.62
  [sigreg+proto] epoch 96/120  sigreg=0.3718  proto=0.0650  min_dist=6.40  mean_dist=9.67
  [sigreg+proto] epoch 97/120  sigreg=0.3782  proto=0.0756  min_dist=6.42  mean_dist=9.72
  [sigreg+proto] epoch 98/120  sigreg=0.3843  proto=0.0649  min_dist=6.43  mean_dist=9.77
  [sigreg+proto] epoch 99/120  sigreg=0.3811  proto=0.0533  min_dist=6.45  mean_dist=9.82
  [sigreg+proto] epoch 100/120  sigreg=0.3816  proto=0.0555  min_dist=6.46  mean_dist=9.87
  [sigreg+proto] epoch 101/120  sigreg=0.3845  proto=0.0617  min_dist=6.48  mean_dist=9.92
  [sigreg+proto] epoch 102/120  sigreg=0.3791  proto=0.0548  min_dist=6.49  mean_dist=9.97
  [sigreg+proto] epoch 103/120  sigreg=0.3795  proto=0.0435  min_dist=6.51  mean_dist=10.02
  [sigreg+proto] epoch 104/120  sigreg=0.3703  proto=0.0442  min_dist=6.52  mean_dist=10.07
  [sigreg+proto] epoch 105/120  sigreg=0.3734  proto=0.0413  min_dist=6.54  mean_dist=10.12
  [sigreg+proto] epoch 106/120  sigreg=0.3688  proto=0.0399  min_dist=6.55  mean_dist=10.16
  [sigreg+proto] epoch 107/120  sigreg=0.3750  proto=0.0424  min_dist=6.57  mean_dist=10.21
  [sigreg+proto] epoch 108/120  sigreg=0.3864  proto=0.0403  min_dist=6.58  mean_dist=10.26
  [sigreg+proto] epoch 109/120  sigreg=0.3644  proto=0.0359  min_dist=6.60  mean_dist=10.31
  [sigreg+proto] epoch 110/120  sigreg=0.3700  proto=0.0320  min_dist=6.61  mean_dist=10.35
  [sigreg+proto] epoch 111/120  sigreg=0.3815  proto=0.0375  min_dist=6.63  mean_dist=10.40
  [sigreg+proto] epoch 112/120  sigreg=0.3765  proto=0.0369  min_dist=6.64  mean_dist=10.44
  [sigreg+proto] epoch 113/120  sigreg=0.3755  proto=0.0319  min_dist=6.66  mean_dist=10.49
  [sigreg+proto] epoch 114/120  sigreg=0.3811  proto=0.0334  min_dist=6.68  mean_dist=10.54
  [sigreg+proto] epoch 115/120  sigreg=0.3752  proto=0.0332  min_dist=6.69  mean_dist=10.58
  [sigreg+proto] epoch 116/120  sigreg=0.3882  proto=0.0322  min_dist=6.71  mean_dist=10.63
  [sigreg+proto] epoch 117/120  sigreg=0.3717  proto=0.0335  min_dist=6.72  mean_dist=10.67
  [sigreg+proto] epoch 118/120  sigreg=0.3754  proto=0.0311  min_dist=6.74  mean_dist=10.71
  [sigreg+proto] epoch 119/120  sigreg=0.3727  proto=0.0274  min_dist=6.75  mean_dist=10.76
  [sigreg+proto] epoch 120/120  sigreg=0.3787  proto=0.0299  min_dist=6.77  mean_dist=10.80
--- [aircraft/dino] sup-SIGReg (ce) ---
  seed anchors (orthogonal): min pairwise distance=5.00 sigma
  balanced loader: 6667 samples, 11 batches of 24x24
  [sigreg+ce] epoch 1/120  sigreg=0.7611  ce=4.5944  min_dist=5.03  mean_dist=5.03
  [sigreg+ce] epoch 2/120  sigreg=0.6322  ce=4.4342  min_dist=5.06  mean_dist=5.06
  [sigreg+ce] epoch 3/120  sigreg=0.6102  ce=4.2872  min_dist=5.09  mean_dist=5.09
  [sigreg+ce] epoch 4/120  sigreg=0.6267  ce=4.0938  min_dist=5.12  mean_dist=5.12
  [sigreg+ce] epoch 5/120  sigreg=0.6145  ce=3.9299  min_dist=5.14  mean_dist=5.15
  [sigreg+ce] epoch 6/120  sigreg=0.6031  ce=3.8085  min_dist=5.17  mean_dist=5.18
  [sigreg+ce] epoch 7/120  sigreg=0.6538  ce=3.5667  min_dist=5.19  mean_dist=5.21
  [sigreg+ce] epoch 8/120  sigreg=0.6607  ce=3.4139  min_dist=5.22  mean_dist=5.24
  [sigreg+ce] epoch 9/120  sigreg=0.6780  ce=3.3145  min_dist=5.24  mean_dist=5.27
  [sigreg+ce] epoch 10/120  sigreg=0.7322  ce=3.0138  min_dist=5.26  mean_dist=5.30
  [sigreg+ce] epoch 11/120  sigreg=0.7175  ce=2.8850  min_dist=5.27  mean_dist=5.33
  [sigreg+ce] epoch 12/120  sigreg=0.7212  ce=2.7745  min_dist=5.29  mean_dist=5.36
  [sigreg+ce] epoch 13/120  sigreg=0.7275  ce=2.7227  min_dist=5.30  mean_dist=5.38
  [sigreg+ce] epoch 14/120  sigreg=0.7430  ce=2.5510  min_dist=5.31  mean_dist=5.41
  [sigreg+ce] epoch 15/120  sigreg=0.7409  ce=2.3514  min_dist=5.32  mean_dist=5.44
  [sigreg+ce] epoch 16/120  sigreg=0.7956  ce=2.2739  min_dist=5.33  mean_dist=5.47
  [sigreg+ce] epoch 17/120  sigreg=0.7475  ce=2.1497  min_dist=5.34  mean_dist=5.50
  [sigreg+ce] epoch 18/120  sigreg=0.7610  ce=2.1532  min_dist=5.33  mean_dist=5.52
  [sigreg+ce] epoch 19/120  sigreg=0.7790  ce=1.9914  min_dist=5.33  mean_dist=5.55
  [sigreg+ce] epoch 20/120  sigreg=0.7922  ce=1.9560  min_dist=5.32  mean_dist=5.58
  [sigreg+ce] epoch 21/120  sigreg=0.7678  ce=1.8345  min_dist=5.31  mean_dist=5.62
  [sigreg+ce] epoch 22/120  sigreg=0.7520  ce=1.8465  min_dist=5.31  mean_dist=5.65
  [sigreg+ce] epoch 23/120  sigreg=0.7457  ce=1.7820  min_dist=5.31  mean_dist=5.69
  [sigreg+ce] epoch 24/120  sigreg=0.7482  ce=1.6861  min_dist=5.31  mean_dist=5.73
  [sigreg+ce] epoch 25/120  sigreg=0.7738  ce=1.5419  min_dist=5.31  mean_dist=5.78
  [sigreg+ce] epoch 26/120  sigreg=0.7326  ce=1.5269  min_dist=5.32  mean_dist=5.83
  [sigreg+ce] epoch 27/120  sigreg=0.7284  ce=1.5350  min_dist=5.31  mean_dist=5.88
  [sigreg+ce] epoch 28/120  sigreg=0.7258  ce=1.5227  min_dist=5.30  mean_dist=5.94
  [sigreg+ce] epoch 29/120  sigreg=0.7186  ce=1.4812  min_dist=5.30  mean_dist=6.01
  [sigreg+ce] epoch 30/120  sigreg=0.7023  ce=1.3469  min_dist=5.30  mean_dist=6.08
  [sigreg+ce] epoch 31/120  sigreg=0.7024  ce=1.3654  min_dist=5.30  mean_dist=6.16
  [sigreg+ce] epoch 32/120  sigreg=0.7046  ce=1.2830  min_dist=5.31  mean_dist=6.24
  [sigreg+ce] epoch 33/120  sigreg=0.6688  ce=1.2027  min_dist=5.32  mean_dist=6.32
  [sigreg+ce] epoch 34/120  sigreg=0.6575  ce=1.2131  min_dist=5.33  mean_dist=6.41
  [sigreg+ce] epoch 35/120  sigreg=0.6464  ce=1.2461  min_dist=5.35  mean_dist=6.51
  [sigreg+ce] epoch 36/120  sigreg=0.6511  ce=1.1434  min_dist=5.36  mean_dist=6.61
  [sigreg+ce] epoch 37/120  sigreg=0.6526  ce=1.1134  min_dist=5.37  mean_dist=6.71
  [sigreg+ce] epoch 38/120  sigreg=0.6461  ce=1.0876  min_dist=5.38  mean_dist=6.81
  [sigreg+ce] epoch 39/120  sigreg=0.6233  ce=1.0685  min_dist=5.40  mean_dist=6.91
  [sigreg+ce] epoch 40/120  sigreg=0.6295  ce=1.0486  min_dist=5.42  mean_dist=7.02
  [sigreg+ce] epoch 41/120  sigreg=0.6141  ce=0.9709  min_dist=5.45  mean_dist=7.12
  [sigreg+ce] epoch 42/120  sigreg=0.5931  ce=0.8980  min_dist=5.48  mean_dist=7.23
  [sigreg+ce] epoch 43/120  sigreg=0.5884  ce=0.8811  min_dist=5.51  mean_dist=7.34
  [sigreg+ce] epoch 44/120  sigreg=0.6255  ce=0.9407  min_dist=5.54  mean_dist=7.44
  [sigreg+ce] epoch 45/120  sigreg=0.5937  ce=0.9108  min_dist=5.57  mean_dist=7.55
  [sigreg+ce] epoch 46/120  sigreg=0.6001  ce=0.8809  min_dist=5.61  mean_dist=7.65
  [sigreg+ce] epoch 47/120  sigreg=0.5689  ce=0.8282  min_dist=5.65  mean_dist=7.76
  [sigreg+ce] epoch 48/120  sigreg=0.5981  ce=0.8318  min_dist=5.69  mean_dist=7.86
  [sigreg+ce] epoch 49/120  sigreg=0.5583  ce=0.7654  min_dist=5.73  mean_dist=7.96
  [sigreg+ce] epoch 50/120  sigreg=0.5631  ce=0.7049  min_dist=5.77  mean_dist=8.07
  [sigreg+ce] epoch 51/120  sigreg=0.5650  ce=0.6992  min_dist=5.82  mean_dist=8.17
  [sigreg+ce] epoch 52/120  sigreg=0.5512  ce=0.7079  min_dist=5.86  mean_dist=8.27
  [sigreg+ce] epoch 53/120  sigreg=0.5745  ce=0.6951  min_dist=5.91  mean_dist=8.36
  [sigreg+ce] epoch 54/120  sigreg=0.5610  ce=0.6827  min_dist=5.96  mean_dist=8.46
  [sigreg+ce] epoch 55/120  sigreg=0.5658  ce=0.6451  min_dist=6.01  mean_dist=8.56
  [sigreg+ce] epoch 56/120  sigreg=0.5583  ce=0.6569  min_dist=6.06  mean_dist=8.65
  [sigreg+ce] epoch 57/120  sigreg=0.5645  ce=0.6247  min_dist=6.11  mean_dist=8.74
  [sigreg+ce] epoch 58/120  sigreg=0.5489  ce=0.6038  min_dist=6.16  mean_dist=8.83
  [sigreg+ce] epoch 59/120  sigreg=0.5397  ce=0.5965  min_dist=6.21  mean_dist=8.92
  [sigreg+ce] epoch 60/120  sigreg=0.5516  ce=0.5884  min_dist=6.26  mean_dist=9.01
  [sigreg+ce] epoch 61/120  sigreg=0.5469  ce=0.5429  min_dist=6.31  mean_dist=9.10
  [sigreg+ce] epoch 62/120  sigreg=0.5298  ce=0.5096  min_dist=6.36  mean_dist=9.19
  [sigreg+ce] epoch 63/120  sigreg=0.5366  ce=0.4899  min_dist=6.41  mean_dist=9.27
  [sigreg+ce] epoch 64/120  sigreg=0.5160  ce=0.4947  min_dist=6.47  mean_dist=9.36
  [sigreg+ce] epoch 65/120  sigreg=0.5158  ce=0.4390  min_dist=6.52  mean_dist=9.44
  [sigreg+ce] epoch 66/120  sigreg=0.5395  ce=0.4677  min_dist=6.57  mean_dist=9.53
  [sigreg+ce] epoch 67/120  sigreg=0.5372  ce=0.4941  min_dist=6.62  mean_dist=9.61
  [sigreg+ce] epoch 68/120  sigreg=0.5337  ce=0.4675  min_dist=6.67  mean_dist=9.69
  [sigreg+ce] epoch 69/120  sigreg=0.5285  ce=0.4327  min_dist=6.72  mean_dist=9.77
  [sigreg+ce] epoch 70/120  sigreg=0.5072  ce=0.4148  min_dist=6.78  mean_dist=9.85
  [sigreg+ce] epoch 71/120  sigreg=0.5130  ce=0.3999  min_dist=6.83  mean_dist=9.92
  [sigreg+ce] epoch 72/120  sigreg=0.5218  ce=0.3760  min_dist=6.88  mean_dist=10.00
  [sigreg+ce] epoch 73/120  sigreg=0.5081  ce=0.3949  min_dist=6.93  mean_dist=10.07
  [sigreg+ce] epoch 74/120  sigreg=0.5289  ce=0.4020  min_dist=6.98  mean_dist=10.15
  [sigreg+ce] epoch 75/120  sigreg=0.5023  ce=0.3126  min_dist=7.03  mean_dist=10.22
  [sigreg+ce] epoch 76/120  sigreg=0.4982  ce=0.3526  min_dist=7.08  mean_dist=10.29
  [sigreg+ce] epoch 77/120  sigreg=0.5082  ce=0.3251  min_dist=7.13  mean_dist=10.37
  [sigreg+ce] epoch 78/120  sigreg=0.4995  ce=0.3167  min_dist=7.17  mean_dist=10.44
  [sigreg+ce] epoch 79/120  sigreg=0.4960  ce=0.2877  min_dist=7.21  mean_dist=10.51
  [sigreg+ce] epoch 80/120  sigreg=0.5087  ce=0.3240  min_dist=7.26  mean_dist=10.58
  [sigreg+ce] epoch 81/120  sigreg=0.5089  ce=0.3190  min_dist=7.30  mean_dist=10.64
  [sigreg+ce] epoch 82/120  sigreg=0.4992  ce=0.2956  min_dist=7.35  mean_dist=10.71
  [sigreg+ce] epoch 83/120  sigreg=0.5003  ce=0.2866  min_dist=7.39  mean_dist=10.78
  [sigreg+ce] epoch 84/120  sigreg=0.4998  ce=0.2835  min_dist=7.43  mean_dist=10.85
  [sigreg+ce] epoch 85/120  sigreg=0.4894  ce=0.2588  min_dist=7.48  mean_dist=10.91
  [sigreg+ce] epoch 86/120  sigreg=0.4947  ce=0.2642  min_dist=7.52  mean_dist=10.97
  [sigreg+ce] epoch 87/120  sigreg=0.4943  ce=0.2642  min_dist=7.56  mean_dist=11.04
  [sigreg+ce] epoch 88/120  sigreg=0.4856  ce=0.2521  min_dist=7.61  mean_dist=11.10
  [sigreg+ce] epoch 89/120  sigreg=0.4851  ce=0.2560  min_dist=7.65  mean_dist=11.16
  [sigreg+ce] epoch 90/120  sigreg=0.4838  ce=0.2343  min_dist=7.69  mean_dist=11.23
  [sigreg+ce] epoch 91/120  sigreg=0.4764  ce=0.2297  min_dist=7.74  mean_dist=11.29
  [sigreg+ce] epoch 92/120  sigreg=0.4896  ce=0.2281  min_dist=7.78  mean_dist=11.35
  [sigreg+ce] epoch 93/120  sigreg=0.4953  ce=0.2279  min_dist=7.82  mean_dist=11.41
  [sigreg+ce] epoch 94/120  sigreg=0.4867  ce=0.1960  min_dist=7.86  mean_dist=11.47
  [sigreg+ce] epoch 95/120  sigreg=0.4668  ce=0.1984  min_dist=7.90  mean_dist=11.52
  [sigreg+ce] epoch 96/120  sigreg=0.4929  ce=0.1908  min_dist=7.95  mean_dist=11.58
  [sigreg+ce] epoch 97/120  sigreg=0.4583  ce=0.1880  min_dist=7.99  mean_dist=11.64
  [sigreg+ce] epoch 98/120  sigreg=0.4588  ce=0.1747  min_dist=8.02  mean_dist=11.69
  [sigreg+ce] epoch 99/120  sigreg=0.4740  ce=0.1820  min_dist=8.05  mean_dist=11.75
  [sigreg+ce] epoch 100/120  sigreg=0.4679  ce=0.1631  min_dist=8.09  mean_dist=11.81
  [sigreg+ce] epoch 101/120  sigreg=0.4611  ce=0.1839  min_dist=8.12  mean_dist=11.86
  [sigreg+ce] epoch 102/120  sigreg=0.4843  ce=0.1825  min_dist=8.15  mean_dist=11.91
  [sigreg+ce] epoch 103/120  sigreg=0.4835  ce=0.1760  min_dist=8.18  mean_dist=11.97
  [sigreg+ce] epoch 104/120  sigreg=0.4465  ce=0.1528  min_dist=8.21  mean_dist=12.02
  [sigreg+ce] epoch 105/120  sigreg=0.4566  ce=0.1516  min_dist=8.24  mean_dist=12.07
  [sigreg+ce] epoch 106/120  sigreg=0.4527  ce=0.1619  min_dist=8.27  mean_dist=12.13
  [sigreg+ce] epoch 107/120  sigreg=0.4553  ce=0.1514  min_dist=8.30  mean_dist=12.18
  [sigreg+ce] epoch 108/120  sigreg=0.4610  ce=0.1368  min_dist=8.33  mean_dist=12.23
  [sigreg+ce] epoch 109/120  sigreg=0.4669  ce=0.1402  min_dist=8.36  mean_dist=12.28
  [sigreg+ce] epoch 110/120  sigreg=0.4472  ce=0.1286  min_dist=8.39  mean_dist=12.33
  [sigreg+ce] epoch 111/120  sigreg=0.4465  ce=0.1331  min_dist=8.43  mean_dist=12.38
  [sigreg+ce] epoch 112/120  sigreg=0.4470  ce=0.1301  min_dist=8.45  mean_dist=12.43
  [sigreg+ce] epoch 113/120  sigreg=0.4570  ce=0.1304  min_dist=8.48  mean_dist=12.48
  [sigreg+ce] epoch 114/120  sigreg=0.4475  ce=0.1257  min_dist=8.51  mean_dist=12.52
  [sigreg+ce] epoch 115/120  sigreg=0.4495  ce=0.1281  min_dist=8.54  mean_dist=12.57
  [sigreg+ce] epoch 116/120  sigreg=0.4316  ce=0.1108  min_dist=8.57  mean_dist=12.62
  [sigreg+ce] epoch 117/120  sigreg=0.4371  ce=0.1143  min_dist=8.60  mean_dist=12.66
  [sigreg+ce] epoch 118/120  sigreg=0.4436  ce=0.1070  min_dist=8.63  mean_dist=12.71
  [sigreg+ce] epoch 119/120  sigreg=0.4509  ce=0.1092  min_dist=8.66  mean_dist=12.76
  [sigreg+ce] epoch 120/120  sigreg=0.4426  ce=0.1079  min_dist=8.69  mean_dist=12.80
  [aircraft/dino] raw probe (768d)             64.9
  [aircraft/dino] sup-proto                    56.7
  [aircraft/dino] sup-proto (posterior)        52.3
  [aircraft/dino] sup-proto+hybrid (concat)    56.9
  [aircraft/dino] sup-ce                       60.1
  [aircraft/dino] sup-ce+hybrid (concat)       60.2

######## aircraft on LeJEPA ViT-B/16 (community repro) ########
  [simclr+sigreg] epoch 1/120  nt-xent=5.8689  sigreg=0.7162
  [simclr+sigreg] epoch 2/120  nt-xent=5.8945  sigreg=0.3826
  [simclr+sigreg] epoch 3/120  nt-xent=5.7346  sigreg=0.2541
  [simclr+sigreg] epoch 4/120  nt-xent=5.6488  sigreg=0.2098
  [simclr+sigreg] epoch 5/120  nt-xent=5.5665  sigreg=0.1811
  [simclr+sigreg] epoch 6/120  nt-xent=5.5205  sigreg=0.1621
  [simclr+sigreg] epoch 7/120  nt-xent=5.5110  sigreg=0.1479
  [simclr+sigreg] epoch 8/120  nt-xent=5.4932  sigreg=0.1409
  [simclr+sigreg] epoch 9/120  nt-xent=5.4843  sigreg=0.1307
  [simclr+sigreg] epoch 10/120  nt-xent=5.4745  sigreg=0.1372
  [simclr+sigreg] epoch 11/120  nt-xent=5.4572  sigreg=0.1183
  [simclr+sigreg] epoch 12/120  nt-xent=5.4433  sigreg=0.1164
  [simclr+sigreg] epoch 13/120  nt-xent=5.4423  sigreg=0.1144
  [simclr+sigreg] epoch 14/120  nt-xent=5.4455  sigreg=0.1192
  [simclr+sigreg] epoch 15/120  nt-xent=5.4463  sigreg=0.1207
  [simclr+sigreg] epoch 16/120  nt-xent=5.4360  sigreg=0.1141
  [simclr+sigreg] epoch 17/120  nt-xent=5.4228  sigreg=0.1109
  [simclr+sigreg] epoch 18/120  nt-xent=5.4132  sigreg=0.1133
  [simclr+sigreg] epoch 19/120  nt-xent=5.4068  sigreg=0.1042
  [simclr+sigreg] epoch 20/120  nt-xent=5.3964  sigreg=0.0967
  [simclr+sigreg] epoch 21/120  nt-xent=5.3866  sigreg=0.0977
  [simclr+sigreg] epoch 22/120  nt-xent=5.3824  sigreg=0.0981
  [simclr+sigreg] epoch 23/120  nt-xent=5.3753  sigreg=0.0949
  [simclr+sigreg] epoch 24/120  nt-xent=5.3653  sigreg=0.0906
  [simclr+sigreg] epoch 25/120  nt-xent=5.3500  sigreg=0.0886
  [simclr+sigreg] epoch 26/120  nt-xent=5.3448  sigreg=0.0869
  [simclr+sigreg] epoch 27/120  nt-xent=5.3438  sigreg=0.0856
  [simclr+sigreg] epoch 28/120  nt-xent=5.3407  sigreg=0.0798
  [simclr+sigreg] epoch 29/120  nt-xent=5.3389  sigreg=0.0831
  [simclr+sigreg] epoch 30/120  nt-xent=5.3282  sigreg=0.0799
  [simclr+sigreg] epoch 31/120  nt-xent=5.3254  sigreg=0.0801
  [simclr+sigreg] epoch 32/120  nt-xent=5.3177  sigreg=0.0787
  [simclr+sigreg] epoch 33/120  nt-xent=5.3171  sigreg=0.0788
  [simclr+sigreg] epoch 34/120  nt-xent=5.3123  sigreg=0.0782
  [simclr+sigreg] epoch 35/120  nt-xent=5.3106  sigreg=0.0750
  [simclr+sigreg] epoch 36/120  nt-xent=5.3088  sigreg=0.0742
  [simclr+sigreg] epoch 37/120  nt-xent=5.3024  sigreg=0.0709
  [simclr+sigreg] epoch 38/120  nt-xent=5.3028  sigreg=0.0725
  [simclr+sigreg] epoch 39/120  nt-xent=5.3031  sigreg=0.0723
  [simclr+sigreg] epoch 40/120  nt-xent=5.3021  sigreg=0.0724
  [simclr+sigreg] epoch 41/120  nt-xent=5.2987  sigreg=0.0682
  [simclr+sigreg] epoch 42/120  nt-xent=5.2923  sigreg=0.0677
  [simclr+sigreg] epoch 43/120  nt-xent=5.2915  sigreg=0.0735
  [simclr+sigreg] epoch 44/120  nt-xent=5.2903  sigreg=0.0718
  [simclr+sigreg] epoch 45/120  nt-xent=5.2931  sigreg=0.0716
  [simclr+sigreg] epoch 46/120  nt-xent=5.2886  sigreg=0.0691
  [simclr+sigreg] epoch 47/120  nt-xent=5.2819  sigreg=0.0653
  [simclr+sigreg] epoch 48/120  nt-xent=5.2827  sigreg=0.0679
  [simclr+sigreg] epoch 49/120  nt-xent=5.2785  sigreg=0.0694
  [simclr+sigreg] epoch 50/120  nt-xent=5.2751  sigreg=0.0631
  [simclr+sigreg] epoch 51/120  nt-xent=5.2745  sigreg=0.0682
  [simclr+sigreg] epoch 52/120  nt-xent=5.2740  sigreg=0.0666
  [simclr+sigreg] epoch 53/120  nt-xent=5.2777  sigreg=0.0710
  [simclr+sigreg] epoch 54/120  nt-xent=5.2748  sigreg=0.0718
  [simclr+sigreg] epoch 55/120  nt-xent=5.2685  sigreg=0.0624
  [simclr+sigreg] epoch 56/120  nt-xent=5.2689  sigreg=0.0652
  [simclr+sigreg] epoch 57/120  nt-xent=5.2730  sigreg=0.0644
  [simclr+sigreg] epoch 58/120  nt-xent=5.2636  sigreg=0.0627
  [simclr+sigreg] epoch 59/120  nt-xent=5.2618  sigreg=0.0631
  [simclr+sigreg] epoch 60/120  nt-xent=5.2624  sigreg=0.0643
  [simclr+sigreg] epoch 61/120  nt-xent=5.2567  sigreg=0.0620
  [simclr+sigreg] epoch 62/120  nt-xent=5.2570  sigreg=0.0586
  [simclr+sigreg] epoch 63/120  nt-xent=5.2541  sigreg=0.0603
  [simclr+sigreg] epoch 64/120  nt-xent=5.2535  sigreg=0.0619
  [simclr+sigreg] epoch 65/120  nt-xent=5.2505  sigreg=0.0582
  [simclr+sigreg] epoch 66/120  nt-xent=5.2501  sigreg=0.0566
  [simclr+sigreg] epoch 67/120  nt-xent=5.2472  sigreg=0.0554
  [simclr+sigreg] epoch 68/120  nt-xent=5.2453  sigreg=0.0599
  [simclr+sigreg] epoch 69/120  nt-xent=5.2472  sigreg=0.0599
  [simclr+sigreg] epoch 70/120  nt-xent=5.2447  sigreg=0.0576
  [simclr+sigreg] epoch 71/120  nt-xent=5.2406  sigreg=0.0555
  [simclr+sigreg] epoch 72/120  nt-xent=5.2371  sigreg=0.0516
  [simclr+sigreg] epoch 73/120  nt-xent=5.2358  sigreg=0.0538
  [simclr+sigreg] epoch 74/120  nt-xent=5.2414  sigreg=0.0600
  [simclr+sigreg] epoch 75/120  nt-xent=5.2380  sigreg=0.0525
  [simclr+sigreg] epoch 76/120  nt-xent=5.2358  sigreg=0.0509
  [simclr+sigreg] epoch 77/120  nt-xent=5.2345  sigreg=0.0528
  [simclr+sigreg] epoch 78/120  nt-xent=5.2317  sigreg=0.0514
  [simclr+sigreg] epoch 79/120  nt-xent=5.2324  sigreg=0.0508
  [simclr+sigreg] epoch 80/120  nt-xent=5.2333  sigreg=0.0560
  [simclr+sigreg] epoch 81/120  nt-xent=5.2298  sigreg=0.0522
  [simclr+sigreg] epoch 82/120  nt-xent=5.2309  sigreg=0.0493
  [simclr+sigreg] epoch 83/120  nt-xent=5.2277  sigreg=0.0547
  [simclr+sigreg] epoch 84/120  nt-xent=5.2321  sigreg=0.0554
  [simclr+sigreg] epoch 85/120  nt-xent=5.2344  sigreg=0.0552
  [simclr+sigreg] epoch 86/120  nt-xent=5.2312  sigreg=0.0529
  [simclr+sigreg] epoch 87/120  nt-xent=5.2290  sigreg=0.0487
  [simclr+sigreg] epoch 88/120  nt-xent=5.2261  sigreg=0.0497
  [simclr+sigreg] epoch 89/120  nt-xent=5.2251  sigreg=0.0508
  [simclr+sigreg] epoch 90/120  nt-xent=5.2213  sigreg=0.0523
  [simclr+sigreg] epoch 91/120  nt-xent=5.2182  sigreg=0.0499
  [simclr+sigreg] epoch 92/120  nt-xent=5.2206  sigreg=0.0499
  [simclr+sigreg] epoch 93/120  nt-xent=5.2201  sigreg=0.0463
  [simclr+sigreg] epoch 94/120  nt-xent=5.2190  sigreg=0.0490
  [simclr+sigreg] epoch 95/120  nt-xent=5.2186  sigreg=0.0484
  [simclr+sigreg] epoch 96/120  nt-xent=5.2155  sigreg=0.0488
  [simclr+sigreg] epoch 97/120  nt-xent=5.2140  sigreg=0.0447
  [simclr+sigreg] epoch 98/120  nt-xent=5.2135  sigreg=0.0448
  [simclr+sigreg] epoch 99/120  nt-xent=5.2125  sigreg=0.0447
  [simclr+sigreg] epoch 100/120  nt-xent=5.2097  sigreg=0.0441
  [simclr+sigreg] epoch 101/120  nt-xent=5.2107  sigreg=0.0448
  [simclr+sigreg] epoch 102/120  nt-xent=5.2140  sigreg=0.0468
  [simclr+sigreg] epoch 103/120  nt-xent=5.2094  sigreg=0.0454
  [simclr+sigreg] epoch 104/120  nt-xent=5.2091  sigreg=0.0468
  [simclr+sigreg] epoch 105/120  nt-xent=5.2070  sigreg=0.0469
  [simclr+sigreg] epoch 106/120  nt-xent=5.2036  sigreg=0.0429
  [simclr+sigreg] epoch 107/120  nt-xent=5.2075  sigreg=0.0422
  [simclr+sigreg] epoch 108/120  nt-xent=5.2053  sigreg=0.0437
  [simclr+sigreg] epoch 109/120  nt-xent=5.2108  sigreg=0.0476
  [simclr+sigreg] epoch 110/120  nt-xent=5.2058  sigreg=0.0468
  [simclr+sigreg] epoch 111/120  nt-xent=5.2050  sigreg=0.0394
  [simclr+sigreg] epoch 112/120  nt-xent=5.2014  sigreg=0.0420
  [simclr+sigreg] epoch 113/120  nt-xent=5.2041  sigreg=0.0417
  [simclr+sigreg] epoch 114/120  nt-xent=5.2027  sigreg=0.0449
  [simclr+sigreg] epoch 115/120  nt-xent=5.2011  sigreg=0.0459
  [simclr+sigreg] epoch 116/120  nt-xent=5.2009  sigreg=0.0439
  [simclr+sigreg] epoch 117/120  nt-xent=5.2014  sigreg=0.0430
  [simclr+sigreg] epoch 118/120  nt-xent=5.2008  sigreg=0.0422
  [simclr+sigreg] epoch 119/120  nt-xent=5.1959  sigreg=0.0438
  [simclr+sigreg] epoch 120/120  nt-xent=5.1988  sigreg=0.0409
--- [aircraft/lejepa] sup-SIGReg (proto) ---
  seed anchors (orthogonal): min pairwise distance=5.00 sigma
  balanced loader: 6667 samples, 11 batches of 24x24
  [sigreg+proto] epoch 1/120  sigreg=1.0044  proto=4.7344  min_dist=5.01  mean_dist=5.03
  [sigreg+proto] epoch 2/120  sigreg=0.9692  proto=4.5006  min_dist=5.03  mean_dist=5.05
  [sigreg+proto] epoch 3/120  sigreg=0.9243  proto=4.3869  min_dist=5.04  mean_dist=5.08
  [sigreg+proto] epoch 4/120  sigreg=0.9007  proto=4.4144  min_dist=5.06  mean_dist=5.10
  [sigreg+proto] epoch 5/120  sigreg=0.8785  proto=4.3179  min_dist=5.08  mean_dist=5.13
  [sigreg+proto] epoch 6/120  sigreg=0.8479  proto=4.2754  min_dist=5.09  mean_dist=5.15
  [sigreg+proto] epoch 7/120  sigreg=0.8223  proto=4.1977  min_dist=5.10  mean_dist=5.17
  [sigreg+proto] epoch 8/120  sigreg=0.8111  proto=4.1806  min_dist=5.11  mean_dist=5.20
  [sigreg+proto] epoch 9/120  sigreg=0.7980  proto=4.0812  min_dist=5.13  mean_dist=5.22
  [sigreg+proto] epoch 10/120  sigreg=0.7565  proto=4.1121  min_dist=5.14  mean_dist=5.25
  [sigreg+proto] epoch 11/120  sigreg=0.7813  proto=4.0353  min_dist=5.15  mean_dist=5.27
  [sigreg+proto] epoch 12/120  sigreg=0.7533  proto=3.8834  min_dist=5.16  mean_dist=5.30
  [sigreg+proto] epoch 13/120  sigreg=0.7449  proto=3.8697  min_dist=5.16  mean_dist=5.32
  [sigreg+proto] epoch 14/120  sigreg=0.7320  proto=3.8559  min_dist=5.17  mean_dist=5.35
  [sigreg+proto] epoch 15/120  sigreg=0.7195  proto=3.7965  min_dist=5.17  mean_dist=5.37
  [sigreg+proto] epoch 16/120  sigreg=0.7151  proto=3.7248  min_dist=5.18  mean_dist=5.40
  [sigreg+proto] epoch 17/120  sigreg=0.7019  proto=3.6266  min_dist=5.19  mean_dist=5.43
  [sigreg+proto] epoch 18/120  sigreg=0.6942  proto=3.6757  min_dist=5.19  mean_dist=5.46
  [sigreg+proto] epoch 19/120  sigreg=0.6946  proto=3.4703  min_dist=5.19  mean_dist=5.49
  [sigreg+proto] epoch 20/120  sigreg=0.6879  proto=3.4820  min_dist=5.19  mean_dist=5.52
  [sigreg+proto] epoch 21/120  sigreg=0.6658  proto=3.4965  min_dist=5.19  mean_dist=5.55
  [sigreg+proto] epoch 22/120  sigreg=0.6618  proto=3.4030  min_dist=5.19  mean_dist=5.59
  [sigreg+proto] epoch 23/120  sigreg=0.6537  proto=3.3242  min_dist=5.19  mean_dist=5.63
  [sigreg+proto] epoch 24/120  sigreg=0.6458  proto=3.2451  min_dist=5.20  mean_dist=5.67
  [sigreg+proto] epoch 25/120  sigreg=0.6530  proto=3.2314  min_dist=5.21  mean_dist=5.71
  [sigreg+proto] epoch 26/120  sigreg=0.6419  proto=3.3014  min_dist=5.22  mean_dist=5.75
  [sigreg+proto] epoch 27/120  sigreg=0.6360  proto=2.9570  min_dist=5.24  mean_dist=5.80
  [sigreg+proto] epoch 28/120  sigreg=0.6312  proto=3.0394  min_dist=5.25  mean_dist=5.85
  [sigreg+proto] epoch 29/120  sigreg=0.6254  proto=3.0343  min_dist=5.27  mean_dist=5.89
  [sigreg+proto] epoch 30/120  sigreg=0.6283  proto=2.8729  min_dist=5.28  mean_dist=5.95
  [sigreg+proto] epoch 31/120  sigreg=0.6220  proto=2.8039  min_dist=5.28  mean_dist=6.00
  [sigreg+proto] epoch 32/120  sigreg=0.6085  proto=2.9141  min_dist=5.29  mean_dist=6.05
  [sigreg+proto] epoch 33/120  sigreg=0.6265  proto=2.9450  min_dist=5.29  mean_dist=6.11
  [sigreg+proto] epoch 34/120  sigreg=0.6124  proto=2.8430  min_dist=5.30  mean_dist=6.17
  [sigreg+proto] epoch 35/120  sigreg=0.6083  proto=2.6899  min_dist=5.30  mean_dist=6.22
  [sigreg+proto] epoch 36/120  sigreg=0.6040  proto=2.7113  min_dist=5.30  mean_dist=6.28
  [sigreg+proto] epoch 37/120  sigreg=0.6012  proto=2.7375  min_dist=5.31  mean_dist=6.34
  [sigreg+proto] epoch 38/120  sigreg=0.6012  proto=2.5708  min_dist=5.32  mean_dist=6.40
  [sigreg+proto] epoch 39/120  sigreg=0.6068  proto=2.6355  min_dist=5.33  mean_dist=6.46
  [sigreg+proto] epoch 40/120  sigreg=0.6019  proto=2.5298  min_dist=5.35  mean_dist=6.53
  [sigreg+proto] epoch 41/120  sigreg=0.5907  proto=2.5631  min_dist=5.36  mean_dist=6.59
  [sigreg+proto] epoch 42/120  sigreg=0.5936  proto=2.5079  min_dist=5.37  mean_dist=6.65
  [sigreg+proto] epoch 43/120  sigreg=0.5894  proto=2.4872  min_dist=5.39  mean_dist=6.71
  [sigreg+proto] epoch 44/120  sigreg=0.5873  proto=2.4085  min_dist=5.40  mean_dist=6.78
  [sigreg+proto] epoch 45/120  sigreg=0.5872  proto=2.3170  min_dist=5.42  mean_dist=6.84
  [sigreg+proto] epoch 46/120  sigreg=0.5764  proto=2.4842  min_dist=5.44  mean_dist=6.90
  [sigreg+proto] epoch 47/120  sigreg=0.5863  proto=2.3978  min_dist=5.46  mean_dist=6.96
  [sigreg+proto] epoch 48/120  sigreg=0.5833  proto=2.2956  min_dist=5.48  mean_dist=7.03
  [sigreg+proto] epoch 49/120  sigreg=0.5868  proto=2.2506  min_dist=5.50  mean_dist=7.09
  [sigreg+proto] epoch 50/120  sigreg=0.5896  proto=2.2632  min_dist=5.52  mean_dist=7.15
  [sigreg+proto] epoch 51/120  sigreg=0.5788  proto=2.1016  min_dist=5.55  mean_dist=7.21
  [sigreg+proto] epoch 52/120  sigreg=0.5788  proto=2.2236  min_dist=5.56  mean_dist=7.27
  [sigreg+proto] epoch 53/120  sigreg=0.5790  proto=2.2018  min_dist=5.59  mean_dist=7.33
  [sigreg+proto] epoch 54/120  sigreg=0.5876  proto=2.1746  min_dist=5.62  mean_dist=7.40
  [sigreg+proto] epoch 55/120  sigreg=0.5848  proto=2.0856  min_dist=5.64  mean_dist=7.46
  [sigreg+proto] epoch 56/120  sigreg=0.5796  proto=2.1719  min_dist=5.67  mean_dist=7.52
  [sigreg+proto] epoch 57/120  sigreg=0.5691  proto=2.0382  min_dist=5.69  mean_dist=7.57
  [sigreg+proto] epoch 58/120  sigreg=0.5801  proto=2.0206  min_dist=5.72  mean_dist=7.63
  [sigreg+proto] epoch 59/120  sigreg=0.5795  proto=2.0389  min_dist=5.74  mean_dist=7.69
  [sigreg+proto] epoch 60/120  sigreg=0.5767  proto=2.0736  min_dist=5.76  mean_dist=7.75
  [sigreg+proto] epoch 61/120  sigreg=0.5804  proto=2.0190  min_dist=5.78  mean_dist=7.80
  [sigreg+proto] epoch 62/120  sigreg=0.5818  proto=2.0511  min_dist=5.80  mean_dist=7.86
  [sigreg+proto] epoch 63/120  sigreg=0.5759  proto=1.9089  min_dist=5.81  mean_dist=7.92
  [sigreg+proto] epoch 64/120  sigreg=0.5743  proto=1.9588  min_dist=5.83  mean_dist=7.97
  [sigreg+proto] epoch 65/120  sigreg=0.5849  proto=2.0442  min_dist=5.85  mean_dist=8.03
  [sigreg+proto] epoch 66/120  sigreg=0.5848  proto=1.8065  min_dist=5.87  mean_dist=8.08
  [sigreg+proto] epoch 67/120  sigreg=0.5868  proto=1.8902  min_dist=5.89  mean_dist=8.13
  [sigreg+proto] epoch 68/120  sigreg=0.5768  proto=1.8705  min_dist=5.91  mean_dist=8.19
  [sigreg+proto] epoch 69/120  sigreg=0.5799  proto=1.7550  min_dist=5.93  mean_dist=8.24
  [sigreg+proto] epoch 70/120  sigreg=0.5698  proto=1.7262  min_dist=5.94  mean_dist=8.29
  [sigreg+proto] epoch 71/120  sigreg=0.5849  proto=1.8298  min_dist=5.96  mean_dist=8.34
  [sigreg+proto] epoch 72/120  sigreg=0.5606  proto=1.7209  min_dist=5.98  mean_dist=8.40
  [sigreg+proto] epoch 73/120  sigreg=0.5852  proto=1.8024  min_dist=6.00  mean_dist=8.45
  [sigreg+proto] epoch 74/120  sigreg=0.5841  proto=1.8326  min_dist=6.03  mean_dist=8.50
  [sigreg+proto] epoch 75/120  sigreg=0.5839  proto=1.6464  min_dist=6.05  mean_dist=8.55
  [sigreg+proto] epoch 76/120  sigreg=0.5788  proto=1.7881  min_dist=6.07  mean_dist=8.59
  [sigreg+proto] epoch 77/120  sigreg=0.5727  proto=1.6104  min_dist=6.09  mean_dist=8.64
  [sigreg+proto] epoch 78/120  sigreg=0.5757  proto=1.6857  min_dist=6.11  mean_dist=8.69
  [sigreg+proto] epoch 79/120  sigreg=0.5836  proto=1.6958  min_dist=6.13  mean_dist=8.74
  [sigreg+proto] epoch 80/120  sigreg=0.5818  proto=1.6307  min_dist=6.15  mean_dist=8.79
  [sigreg+proto] epoch 81/120  sigreg=0.5780  proto=1.4987  min_dist=6.17  mean_dist=8.83
  [sigreg+proto] epoch 82/120  sigreg=0.5763  proto=1.5471  min_dist=6.19  mean_dist=8.88
  [sigreg+proto] epoch 83/120  sigreg=0.5780  proto=1.5469  min_dist=6.22  mean_dist=8.93
  [sigreg+proto] epoch 84/120  sigreg=0.5762  proto=1.4717  min_dist=6.24  mean_dist=8.97
  [sigreg+proto] epoch 85/120  sigreg=0.5874  proto=1.5395  min_dist=6.26  mean_dist=9.02
  [sigreg+proto] epoch 86/120  sigreg=0.5745  proto=1.5067  min_dist=6.28  mean_dist=9.06
  [sigreg+proto] epoch 87/120  sigreg=0.5695  proto=1.5205  min_dist=6.31  mean_dist=9.10
  [sigreg+proto] epoch 88/120  sigreg=0.5746  proto=1.4138  min_dist=6.33  mean_dist=9.15
  [sigreg+proto] epoch 89/120  sigreg=0.5785  proto=1.3734  min_dist=6.35  mean_dist=9.19
  [sigreg+proto] epoch 90/120  sigreg=0.5902  proto=1.5124  min_dist=6.37  mean_dist=9.23
  [sigreg+proto] epoch 91/120  sigreg=0.5736  proto=1.4684  min_dist=6.39  mean_dist=9.28
  [sigreg+proto] epoch 92/120  sigreg=0.5935  proto=1.4012  min_dist=6.41  mean_dist=9.32
  [sigreg+proto] epoch 93/120  sigreg=0.5790  proto=1.2832  min_dist=6.44  mean_dist=9.36
  [sigreg+proto] epoch 94/120  sigreg=0.5745  proto=1.4389  min_dist=6.46  mean_dist=9.40
  [sigreg+proto] epoch 95/120  sigreg=0.5814  proto=1.3186  min_dist=6.48  mean_dist=9.44
  [sigreg+proto] epoch 96/120  sigreg=0.5795  proto=1.3452  min_dist=6.50  mean_dist=9.48
  [sigreg+proto] epoch 97/120  sigreg=0.5817  proto=1.2900  min_dist=6.53  mean_dist=9.52
  [sigreg+proto] epoch 98/120  sigreg=0.5754  proto=1.3091  min_dist=6.55  mean_dist=9.56
  [sigreg+proto] epoch 99/120  sigreg=0.5849  proto=1.3099  min_dist=6.58  mean_dist=9.60
  [sigreg+proto] epoch 100/120  sigreg=0.5886  proto=1.2709  min_dist=6.60  mean_dist=9.64
  [sigreg+proto] epoch 101/120  sigreg=0.5949  proto=1.3036  min_dist=6.62  mean_dist=9.68
  [sigreg+proto] epoch 102/120  sigreg=0.5862  proto=1.3449  min_dist=6.64  mean_dist=9.72
  [sigreg+proto] epoch 103/120  sigreg=0.5936  proto=1.1583  min_dist=6.67  mean_dist=9.76
  [sigreg+proto] epoch 104/120  sigreg=0.5859  proto=1.3005  min_dist=6.69  mean_dist=9.80
  [sigreg+proto] epoch 105/120  sigreg=0.5737  proto=1.1891  min_dist=6.71  mean_dist=9.83
  [sigreg+proto] epoch 106/120  sigreg=0.5779  proto=1.2256  min_dist=6.73  mean_dist=9.87
  [sigreg+proto] epoch 107/120  sigreg=0.5736  proto=1.1952  min_dist=6.75  mean_dist=9.91
  [sigreg+proto] epoch 108/120  sigreg=0.5947  proto=1.2007  min_dist=6.78  mean_dist=9.94
  [sigreg+proto] epoch 109/120  sigreg=0.5800  proto=1.1488  min_dist=6.80  mean_dist=9.98
  [sigreg+proto] epoch 110/120  sigreg=0.5718  proto=1.1524  min_dist=6.82  mean_dist=10.02
  [sigreg+proto] epoch 111/120  sigreg=0.5913  proto=1.1235  min_dist=6.85  mean_dist=10.05
  [sigreg+proto] epoch 112/120  sigreg=0.5866  proto=1.1691  min_dist=6.87  mean_dist=10.09
  [sigreg+proto] epoch 113/120  sigreg=0.5935  proto=1.1450  min_dist=6.89  mean_dist=10.12
  [sigreg+proto] epoch 114/120  sigreg=0.5879  proto=1.2123  min_dist=6.92  mean_dist=10.16
  [sigreg+proto] epoch 115/120  sigreg=0.5776  proto=1.0652  min_dist=6.94  mean_dist=10.19
  [sigreg+proto] epoch 116/120  sigreg=0.5869  proto=1.0761  min_dist=6.96  mean_dist=10.23
  [sigreg+proto] epoch 117/120  sigreg=0.5800  proto=1.0997  min_dist=6.98  mean_dist=10.26
  [sigreg+proto] epoch 118/120  sigreg=0.5918  proto=1.1009  min_dist=7.01  mean_dist=10.29
  [sigreg+proto] epoch 119/120  sigreg=0.5770  proto=1.0340  min_dist=7.03  mean_dist=10.33
  [sigreg+proto] epoch 120/120  sigreg=0.5799  proto=1.0386  min_dist=7.06  mean_dist=10.36
--- [aircraft/lejepa] sup-SIGReg (ce) ---
  seed anchors (orthogonal): min pairwise distance=5.00 sigma
  balanced loader: 6667 samples, 11 batches of 24x24
  [sigreg+ce] epoch 1/120  sigreg=0.8602  ce=4.6122  min_dist=5.03  mean_dist=5.03
  [sigreg+ce] epoch 2/120  sigreg=0.6725  ce=4.5805  min_dist=5.06  mean_dist=5.06
  [sigreg+ce] epoch 3/120  sigreg=0.6333  ce=4.5331  min_dist=5.09  mean_dist=5.09
  [sigreg+ce] epoch 4/120  sigreg=0.6289  ce=4.4388  min_dist=5.12  mean_dist=5.12
  [sigreg+ce] epoch 5/120  sigreg=0.6087  ce=4.3761  min_dist=5.15  mean_dist=5.15
  [sigreg+ce] epoch 6/120  sigreg=0.5933  ce=4.3734  min_dist=5.18  mean_dist=5.18
  [sigreg+ce] epoch 7/120  sigreg=0.5997  ce=4.2752  min_dist=5.20  mean_dist=5.21
  [sigreg+ce] epoch 8/120  sigreg=0.5701  ce=4.2560  min_dist=5.23  mean_dist=5.24
  [sigreg+ce] epoch 9/120  sigreg=0.5811  ce=4.1900  min_dist=5.26  mean_dist=5.27
  [sigreg+ce] epoch 10/120  sigreg=0.5809  ce=4.0660  min_dist=5.28  mean_dist=5.30
  [sigreg+ce] epoch 11/120  sigreg=0.5553  ce=4.0911  min_dist=5.30  mean_dist=5.33
  [sigreg+ce] epoch 12/120  sigreg=0.5653  ce=3.9879  min_dist=5.33  mean_dist=5.36
  [sigreg+ce] epoch 13/120  sigreg=0.5621  ce=4.0342  min_dist=5.35  mean_dist=5.38
  [sigreg+ce] epoch 14/120  sigreg=0.5749  ce=3.9407  min_dist=5.36  mean_dist=5.41
  [sigreg+ce] epoch 15/120  sigreg=0.5630  ce=3.8152  min_dist=5.38  mean_dist=5.44
  [sigreg+ce] epoch 16/120  sigreg=0.6046  ce=3.7415  min_dist=5.39  mean_dist=5.47
  [sigreg+ce] epoch 17/120  sigreg=0.5908  ce=3.6488  min_dist=5.40  mean_dist=5.49
  [sigreg+ce] epoch 18/120  sigreg=0.5692  ce=3.7518  min_dist=5.40  mean_dist=5.52
  [sigreg+ce] epoch 19/120  sigreg=0.5881  ce=3.6014  min_dist=5.41  mean_dist=5.55
  [sigreg+ce] epoch 20/120  sigreg=0.5929  ce=3.6439  min_dist=5.42  mean_dist=5.58
  [sigreg+ce] epoch 21/120  sigreg=0.5883  ce=3.4579  min_dist=5.44  mean_dist=5.61
  [sigreg+ce] epoch 22/120  sigreg=0.5704  ce=3.5338  min_dist=5.45  mean_dist=5.63
  [sigreg+ce] epoch 23/120  sigreg=0.5657  ce=3.5056  min_dist=5.47  mean_dist=5.66
  [sigreg+ce] epoch 24/120  sigreg=0.5870  ce=3.4421  min_dist=5.50  mean_dist=5.70
  [sigreg+ce] epoch 25/120  sigreg=0.6020  ce=3.3112  min_dist=5.53  mean_dist=5.73
  [sigreg+ce] epoch 26/120  sigreg=0.5798  ce=3.3288  min_dist=5.54  mean_dist=5.76
  [sigreg+ce] epoch 27/120  sigreg=0.5715  ce=3.3467  min_dist=5.55  mean_dist=5.80
  [sigreg+ce] epoch 28/120  sigreg=0.5687  ce=3.3711  min_dist=5.54  mean_dist=5.84
  [sigreg+ce] epoch 29/120  sigreg=0.5822  ce=3.2656  min_dist=5.53  mean_dist=5.89
  [sigreg+ce] epoch 30/120  sigreg=0.5839  ce=3.0235  min_dist=5.52  mean_dist=5.94
  [sigreg+ce] epoch 31/120  sigreg=0.5643  ce=3.1667  min_dist=5.51  mean_dist=6.00
  [sigreg+ce] epoch 32/120  sigreg=0.5936  ce=3.0674  min_dist=5.50  mean_dist=6.06
  [sigreg+ce] epoch 33/120  sigreg=0.5661  ce=2.9838  min_dist=5.50  mean_dist=6.12
  [sigreg+ce] epoch 34/120  sigreg=0.5596  ce=3.0038  min_dist=5.50  mean_dist=6.19
  [sigreg+ce] epoch 35/120  sigreg=0.5669  ce=2.9928  min_dist=5.50  mean_dist=6.27
  [sigreg+ce] epoch 36/120  sigreg=0.5809  ce=2.9196  min_dist=5.51  mean_dist=6.35
  [sigreg+ce] epoch 37/120  sigreg=0.5588  ce=2.8871  min_dist=5.52  mean_dist=6.44
  [sigreg+ce] epoch 38/120  sigreg=0.5827  ce=2.8357  min_dist=5.54  mean_dist=6.53
  [sigreg+ce] epoch 39/120  sigreg=0.5800  ce=2.7836  min_dist=5.56  mean_dist=6.63
  [sigreg+ce] epoch 40/120  sigreg=0.5606  ce=2.8206  min_dist=5.59  mean_dist=6.72
  [sigreg+ce] epoch 41/120  sigreg=0.5681  ce=2.7863  min_dist=5.62  mean_dist=6.82
  [sigreg+ce] epoch 42/120  sigreg=0.5720  ce=2.6647  min_dist=5.66  mean_dist=6.93
  [sigreg+ce] epoch 43/120  sigreg=0.5654  ce=2.6026  min_dist=5.69  mean_dist=7.03
  [sigreg+ce] epoch 44/120  sigreg=0.5738  ce=2.6255  min_dist=5.71  mean_dist=7.14
  [sigreg+ce] epoch 45/120  sigreg=0.5626  ce=2.6302  min_dist=5.74  mean_dist=7.24
  [sigreg+ce] epoch 46/120  sigreg=0.5705  ce=2.5538  min_dist=5.76  mean_dist=7.35
  [sigreg+ce] epoch 47/120  sigreg=0.5759  ce=2.4988  min_dist=5.79  mean_dist=7.46
  [sigreg+ce] epoch 48/120  sigreg=0.5871  ce=2.6050  min_dist=5.82  mean_dist=7.57
  [sigreg+ce] epoch 49/120  sigreg=0.5758  ce=2.4148  min_dist=5.86  mean_dist=7.67
  [sigreg+ce] epoch 50/120  sigreg=0.5802  ce=2.3870  min_dist=5.89  mean_dist=7.78
  [sigreg+ce] epoch 51/120  sigreg=0.5945  ce=2.3768  min_dist=5.92  mean_dist=7.89
  [sigreg+ce] epoch 52/120  sigreg=0.5797  ce=2.4555  min_dist=5.96  mean_dist=7.99
  [sigreg+ce] epoch 53/120  sigreg=0.5924  ce=2.3835  min_dist=5.99  mean_dist=8.09
  [sigreg+ce] epoch 54/120  sigreg=0.6103  ce=2.3840  min_dist=6.02  mean_dist=8.20
  [sigreg+ce] epoch 55/120  sigreg=0.5944  ce=2.3616  min_dist=6.05  mean_dist=8.30
  [sigreg+ce] epoch 56/120  sigreg=0.6072  ce=2.3810  min_dist=6.09  mean_dist=8.40
  [sigreg+ce] epoch 57/120  sigreg=0.6134  ce=2.3550  min_dist=6.12  mean_dist=8.50
  [sigreg+ce] epoch 58/120  sigreg=0.6087  ce=2.2941  min_dist=6.15  mean_dist=8.60
  [sigreg+ce] epoch 59/120  sigreg=0.6049  ce=2.2641  min_dist=6.19  mean_dist=8.69
  [sigreg+ce] epoch 60/120  sigreg=0.6020  ce=2.2749  min_dist=6.22  mean_dist=8.79
  [sigreg+ce] epoch 61/120  sigreg=0.6284  ce=2.1999  min_dist=6.25  mean_dist=8.88
  [sigreg+ce] epoch 62/120  sigreg=0.6171  ce=2.1182  min_dist=6.29  mean_dist=8.97
  [sigreg+ce] epoch 63/120  sigreg=0.6284  ce=2.1157  min_dist=6.32  mean_dist=9.07
  [sigreg+ce] epoch 64/120  sigreg=0.6217  ce=2.1047  min_dist=6.35  mean_dist=9.16
  [sigreg+ce] epoch 65/120  sigreg=0.6300  ce=2.0162  min_dist=6.39  mean_dist=9.24
  [sigreg+ce] epoch 66/120  sigreg=0.6079  ce=2.1524  min_dist=6.42  mean_dist=9.33
  [sigreg+ce] epoch 67/120  sigreg=0.6456  ce=2.1640  min_dist=6.46  mean_dist=9.42
  [sigreg+ce] epoch 68/120  sigreg=0.6446  ce=2.1284  min_dist=6.49  mean_dist=9.50
  [sigreg+ce] epoch 69/120  sigreg=0.6372  ce=2.0904  min_dist=6.53  mean_dist=9.59
  [sigreg+ce] epoch 70/120  sigreg=0.6355  ce=2.0344  min_dist=6.56  mean_dist=9.67
  [sigreg+ce] epoch 71/120  sigreg=0.6370  ce=2.0270  min_dist=6.60  mean_dist=9.75
  [sigreg+ce] epoch 72/120  sigreg=0.6469  ce=1.9753  min_dist=6.64  mean_dist=9.83
  [sigreg+ce] epoch 73/120  sigreg=0.6381  ce=1.9731  min_dist=6.67  mean_dist=9.91
  [sigreg+ce] epoch 74/120  sigreg=0.6616  ce=1.9977  min_dist=6.71  mean_dist=9.99
  [sigreg+ce] epoch 75/120  sigreg=0.6674  ce=1.8095  min_dist=6.74  mean_dist=10.07
  [sigreg+ce] epoch 76/120  sigreg=0.6436  ce=1.8627  min_dist=6.78  mean_dist=10.14
  [sigreg+ce] epoch 77/120  sigreg=0.6688  ce=1.9151  min_dist=6.81  mean_dist=10.22
  [sigreg+ce] epoch 78/120  sigreg=0.6844  ce=1.8892  min_dist=6.85  mean_dist=10.29
  [sigreg+ce] epoch 79/120  sigreg=0.6500  ce=1.8429  min_dist=6.88  mean_dist=10.37
  [sigreg+ce] epoch 80/120  sigreg=0.6565  ce=1.8247  min_dist=6.92  mean_dist=10.44
  [sigreg+ce] epoch 81/120  sigreg=0.6857  ce=1.8323  min_dist=6.95  mean_dist=10.51
  [sigreg+ce] epoch 82/120  sigreg=0.6929  ce=1.8646  min_dist=6.99  mean_dist=10.58
  [sigreg+ce] epoch 83/120  sigreg=0.6948  ce=1.8420  min_dist=7.02  mean_dist=10.65
  [sigreg+ce] epoch 84/120  sigreg=0.6759  ce=1.8254  min_dist=7.06  mean_dist=10.72
  [sigreg+ce] epoch 85/120  sigreg=0.6949  ce=1.7354  min_dist=7.09  mean_dist=10.79
  [sigreg+ce] epoch 86/120  sigreg=0.6880  ce=1.7444  min_dist=7.13  mean_dist=10.85
  [sigreg+ce] epoch 87/120  sigreg=0.6975  ce=1.7488  min_dist=7.16  mean_dist=10.92
  [sigreg+ce] epoch 88/120  sigreg=0.6915  ce=1.6862  min_dist=7.20  mean_dist=10.99
  [sigreg+ce] epoch 89/120  sigreg=0.6867  ce=1.7694  min_dist=7.23  mean_dist=11.05
  [sigreg+ce] epoch 90/120  sigreg=0.7044  ce=1.6717  min_dist=7.27  mean_dist=11.11
  [sigreg+ce] epoch 91/120  sigreg=0.7035  ce=1.6487  min_dist=7.30  mean_dist=11.18
  [sigreg+ce] epoch 92/120  sigreg=0.7107  ce=1.6050  min_dist=7.34  mean_dist=11.24
  [sigreg+ce] epoch 93/120  sigreg=0.7028  ce=1.7212  min_dist=7.37  mean_dist=11.30
  [sigreg+ce] epoch 94/120  sigreg=0.7203  ce=1.6329  min_dist=7.40  mean_dist=11.36
  [sigreg+ce] epoch 95/120  sigreg=0.7193  ce=1.6432  min_dist=7.44  mean_dist=11.42
  [sigreg+ce] epoch 96/120  sigreg=0.7329  ce=1.7059  min_dist=7.47  mean_dist=11.48
  [sigreg+ce] epoch 97/120  sigreg=0.7056  ce=1.6017  min_dist=7.51  mean_dist=11.54
  [sigreg+ce] epoch 98/120  sigreg=0.7052  ce=1.5374  min_dist=7.54  mean_dist=11.60
  [sigreg+ce] epoch 99/120  sigreg=0.7357  ce=1.6135  min_dist=7.58  mean_dist=11.65
  [sigreg+ce] epoch 100/120  sigreg=0.7285  ce=1.5702  min_dist=7.61  mean_dist=11.71
  [sigreg+ce] epoch 101/120  sigreg=0.7283  ce=1.5778  min_dist=7.64  mean_dist=11.76
  [sigreg+ce] epoch 102/120  sigreg=0.7199  ce=1.6034  min_dist=7.68  mean_dist=11.82
  [sigreg+ce] epoch 103/120  sigreg=0.7529  ce=1.5623  min_dist=7.71  mean_dist=11.87
  [sigreg+ce] epoch 104/120  sigreg=0.7326  ce=1.4219  min_dist=7.74  mean_dist=11.93
  [sigreg+ce] epoch 105/120  sigreg=0.7465  ce=1.5056  min_dist=7.77  mean_dist=11.98
  [sigreg+ce] epoch 106/120  sigreg=0.7309  ce=1.4851  min_dist=7.81  mean_dist=12.03
  [sigreg+ce] epoch 107/120  sigreg=0.7386  ce=1.4940  min_dist=7.84  mean_dist=12.09
  [sigreg+ce] epoch 108/120  sigreg=0.7577  ce=1.4814  min_dist=7.87  mean_dist=12.14
  [sigreg+ce] epoch 109/120  sigreg=0.7583  ce=1.4713  min_dist=7.90  mean_dist=12.19
  [sigreg+ce] epoch 110/120  sigreg=0.7540  ce=1.4000  min_dist=7.93  mean_dist=12.24
  [sigreg+ce] epoch 111/120  sigreg=0.7490  ce=1.4222  min_dist=7.96  mean_dist=12.29
  [sigreg+ce] epoch 112/120  sigreg=0.7507  ce=1.4369  min_dist=7.99  mean_dist=12.34
  [sigreg+ce] epoch 113/120  sigreg=0.7816  ce=1.4574  min_dist=8.02  mean_dist=12.39
  [sigreg+ce] epoch 114/120  sigreg=0.7705  ce=1.3610  min_dist=8.05  mean_dist=12.44
  [sigreg+ce] epoch 115/120  sigreg=0.7704  ce=1.4383  min_dist=8.08  mean_dist=12.48
  [sigreg+ce] epoch 116/120  sigreg=0.7574  ce=1.3207  min_dist=8.12  mean_dist=12.53
  [sigreg+ce] epoch 117/120  sigreg=0.7710  ce=1.3308  min_dist=8.15  mean_dist=12.58
  [sigreg+ce] epoch 118/120  sigreg=0.7854  ce=1.4102  min_dist=8.18  mean_dist=12.62
  [sigreg+ce] epoch 119/120  sigreg=0.7791  ce=1.3885  min_dist=8.21  mean_dist=12.67
  [sigreg+ce] epoch 120/120  sigreg=0.7757  ce=1.3365  min_dist=8.24  mean_dist=12.71
  [aircraft/lejepa] raw probe (768d)             33.7
  [aircraft/lejepa] sup-proto                    40.8
  [aircraft/lejepa] sup-proto (posterior)        37.7
  [aircraft/lejepa] sup-proto+hybrid (concat)    38.0
  [aircraft/lejepa] sup-ce                       43.9
  [aircraft/lejepa] sup-ce+hybrid (concat)       43.7

######## aircraft on VISReg ViT-B/16 (paper's weights) ########
  [simclr+sigreg] epoch 1/120  nt-xent=6.0609  sigreg=0.5113
  [simclr+sigreg] epoch 2/120  nt-xent=5.7906  sigreg=0.2930
  [simclr+sigreg] epoch 3/120  nt-xent=5.6436  sigreg=0.2275
  [simclr+sigreg] epoch 4/120  nt-xent=5.5623  sigreg=0.1757
  [simclr+sigreg] epoch 5/120  nt-xent=5.5188  sigreg=0.1629
  [simclr+sigreg] epoch 6/120  nt-xent=5.4901  sigreg=0.1501
  [simclr+sigreg] epoch 7/120  nt-xent=5.4792  sigreg=0.1412
  [simclr+sigreg] epoch 8/120  nt-xent=5.4430  sigreg=0.1421
  [simclr+sigreg] epoch 9/120  nt-xent=5.4191  sigreg=0.1198
  [simclr+sigreg] epoch 10/120  nt-xent=5.4077  sigreg=0.1206
  [simclr+sigreg] epoch 11/120  nt-xent=5.3923  sigreg=0.1110
  [simclr+sigreg] epoch 12/120  nt-xent=5.3785  sigreg=0.1038
  [simclr+sigreg] epoch 13/120  nt-xent=5.3640  sigreg=0.0973
  [simclr+sigreg] epoch 14/120  nt-xent=5.3619  sigreg=0.1011
  [simclr+sigreg] epoch 15/120  nt-xent=5.3586  sigreg=0.1007
  [simclr+sigreg] epoch 16/120  nt-xent=5.3395  sigreg=0.0920
  [simclr+sigreg] epoch 17/120  nt-xent=5.3307  sigreg=0.0869
  [simclr+sigreg] epoch 18/120  nt-xent=5.3252  sigreg=0.0822
  [simclr+sigreg] epoch 19/120  nt-xent=5.3200  sigreg=0.0843
  [simclr+sigreg] epoch 20/120  nt-xent=5.3181  sigreg=0.0874
  [simclr+sigreg] epoch 21/120  nt-xent=5.3138  sigreg=0.0825
  [simclr+sigreg] epoch 22/120  nt-xent=5.3123  sigreg=0.0844
  [simclr+sigreg] epoch 23/120  nt-xent=5.3053  sigreg=0.0809
  [simclr+sigreg] epoch 24/120  nt-xent=5.3024  sigreg=0.0798
  [simclr+sigreg] epoch 25/120  nt-xent=5.2965  sigreg=0.0765
  [simclr+sigreg] epoch 26/120  nt-xent=5.2942  sigreg=0.0757
  [simclr+sigreg] epoch 27/120  nt-xent=5.2911  sigreg=0.0776
  [simclr+sigreg] epoch 28/120  nt-xent=5.2945  sigreg=0.0808
  [simclr+sigreg] epoch 29/120  nt-xent=5.2946  sigreg=0.0842
  [simclr+sigreg] epoch 30/120  nt-xent=5.2882  sigreg=0.0758
  [simclr+sigreg] epoch 31/120  nt-xent=5.2787  sigreg=0.0742
  [simclr+sigreg] epoch 32/120  nt-xent=5.2764  sigreg=0.0667
  [simclr+sigreg] epoch 33/120  nt-xent=5.2695  sigreg=0.0645
  [simclr+sigreg] epoch 34/120  nt-xent=5.2659  sigreg=0.0653
  [simclr+sigreg] epoch 35/120  nt-xent=5.2702  sigreg=0.0720
  [simclr+sigreg] epoch 36/120  nt-xent=5.2720  sigreg=0.0765
  [simclr+sigreg] epoch 37/120  nt-xent=5.2638  sigreg=0.0738
  [simclr+sigreg] epoch 38/120  nt-xent=5.2567  sigreg=0.0680
  [simclr+sigreg] epoch 39/120  nt-xent=5.2547  sigreg=0.0630
  [simclr+sigreg] epoch 40/120  nt-xent=5.2522  sigreg=0.0606
  [simclr+sigreg] epoch 41/120  nt-xent=5.2511  sigreg=0.0665
  [simclr+sigreg] epoch 42/120  nt-xent=5.2477  sigreg=0.0630
  [simclr+sigreg] epoch 43/120  nt-xent=5.2422  sigreg=0.0611
  [simclr+sigreg] epoch 44/120  nt-xent=5.2456  sigreg=0.0618
  [simclr+sigreg] epoch 45/120  nt-xent=5.2405  sigreg=0.0606
  [simclr+sigreg] epoch 46/120  nt-xent=5.2397  sigreg=0.0572
  [simclr+sigreg] epoch 47/120  nt-xent=5.2328  sigreg=0.0551
  [simclr+sigreg] epoch 48/120  nt-xent=5.2368  sigreg=0.0577
  [simclr+sigreg] epoch 49/120  nt-xent=5.2363  sigreg=0.0636
  [simclr+sigreg] epoch 50/120  nt-xent=5.2301  sigreg=0.0600
  [simclr+sigreg] epoch 51/120  nt-xent=5.2362  sigreg=0.0622
  [simclr+sigreg] epoch 52/120  nt-xent=5.2311  sigreg=0.0599
  [simclr+sigreg] epoch 53/120  nt-xent=5.2291  sigreg=0.0595
  [simclr+sigreg] epoch 54/120  nt-xent=5.2249  sigreg=0.0565
  [simclr+sigreg] epoch 55/120  nt-xent=5.2189  sigreg=0.0532
  [simclr+sigreg] epoch 56/120  nt-xent=5.2212  sigreg=0.0542
  [simclr+sigreg] epoch 57/120  nt-xent=5.2243  sigreg=0.0524
  [simclr+sigreg] epoch 58/120  nt-xent=5.2166  sigreg=0.0525
  [simclr+sigreg] epoch 59/120  nt-xent=5.2217  sigreg=0.0553
  [simclr+sigreg] epoch 60/120  nt-xent=5.2187  sigreg=0.0539
  [simclr+sigreg] epoch 61/120  nt-xent=5.2162  sigreg=0.0536
  [simclr+sigreg] epoch 62/120  nt-xent=5.2205  sigreg=0.0515
  [simclr+sigreg] epoch 63/120  nt-xent=5.2158  sigreg=0.0493
  [simclr+sigreg] epoch 64/120  nt-xent=5.2148  sigreg=0.0502
  [simclr+sigreg] epoch 65/120  nt-xent=5.2115  sigreg=0.0497
  [simclr+sigreg] epoch 66/120  nt-xent=5.2099  sigreg=0.0503
  [simclr+sigreg] epoch 67/120  nt-xent=5.2076  sigreg=0.0474
  [simclr+sigreg] epoch 68/120  nt-xent=5.2073  sigreg=0.0483
  [simclr+sigreg] epoch 69/120  nt-xent=5.2046  sigreg=0.0483
  [simclr+sigreg] epoch 70/120  nt-xent=5.2078  sigreg=0.0496
  [simclr+sigreg] epoch 71/120  nt-xent=5.2083  sigreg=0.0530
  [simclr+sigreg] epoch 72/120  nt-xent=5.2052  sigreg=0.0526
  [simclr+sigreg] epoch 73/120  nt-xent=5.2014  sigreg=0.0483
  [simclr+sigreg] epoch 74/120  nt-xent=5.2041  sigreg=0.0500
  [simclr+sigreg] epoch 75/120  nt-xent=5.2000  sigreg=0.0488
  [simclr+sigreg] epoch 76/120  nt-xent=5.2014  sigreg=0.0452
  [simclr+sigreg] epoch 77/120  nt-xent=5.2014  sigreg=0.0470
  [simclr+sigreg] epoch 78/120  nt-xent=5.1998  sigreg=0.0468
  [simclr+sigreg] epoch 79/120  nt-xent=5.2011  sigreg=0.0471
  [simclr+sigreg] epoch 80/120  nt-xent=5.1975  sigreg=0.0482
  [simclr+sigreg] epoch 81/120  nt-xent=5.1985  sigreg=0.0474
  [simclr+sigreg] epoch 82/120  nt-xent=5.1971  sigreg=0.0415
  [simclr+sigreg] epoch 83/120  nt-xent=5.1941  sigreg=0.0431
  [simclr+sigreg] epoch 84/120  nt-xent=5.2013  sigreg=0.0501
  [simclr+sigreg] epoch 85/120  nt-xent=5.2033  sigreg=0.0506
  [simclr+sigreg] epoch 86/120  nt-xent=5.2064  sigreg=0.0523
  [simclr+sigreg] epoch 87/120  nt-xent=5.1999  sigreg=0.0502
  [simclr+sigreg] epoch 88/120  nt-xent=5.1934  sigreg=0.0455
  [simclr+sigreg] epoch 89/120  nt-xent=5.1924  sigreg=0.0453
  [simclr+sigreg] epoch 90/120  nt-xent=5.1916  sigreg=0.0442
  [simclr+sigreg] epoch 91/120  nt-xent=5.1874  sigreg=0.0425
  [simclr+sigreg] epoch 92/120  nt-xent=5.1886  sigreg=0.0424
  [simclr+sigreg] epoch 93/120  nt-xent=5.1945  sigreg=0.0475
  [simclr+sigreg] epoch 94/120  nt-xent=5.1913  sigreg=0.0479
  [simclr+sigreg] epoch 95/120  nt-xent=5.1913  sigreg=0.0476
  [simclr+sigreg] epoch 96/120  nt-xent=5.1887  sigreg=0.0451
  [simclr+sigreg] epoch 97/120  nt-xent=5.1897  sigreg=0.0441
  [simclr+sigreg] epoch 98/120  nt-xent=5.1875  sigreg=0.0425
  [simclr+sigreg] epoch 99/120  nt-xent=5.1862  sigreg=0.0420
  [simclr+sigreg] epoch 100/120  nt-xent=5.1837  sigreg=0.0418
  [simclr+sigreg] epoch 101/120  nt-xent=5.1886  sigreg=0.0460
  [simclr+sigreg] epoch 102/120  nt-xent=5.1867  sigreg=0.0431
  [simclr+sigreg] epoch 103/120  nt-xent=5.1807  sigreg=0.0433
  [simclr+sigreg] epoch 104/120  nt-xent=5.1826  sigreg=0.0439
  [simclr+sigreg] epoch 105/120  nt-xent=5.1783  sigreg=0.0396
  [simclr+sigreg] epoch 106/120  nt-xent=5.1783  sigreg=0.0427
  [simclr+sigreg] epoch 107/120  nt-xent=5.1804  sigreg=0.0431
  [simclr+sigreg] epoch 108/120  nt-xent=5.1809  sigreg=0.0433
  [simclr+sigreg] epoch 109/120  nt-xent=5.1795  sigreg=0.0422
  [simclr+sigreg] epoch 110/120  nt-xent=5.1772  sigreg=0.0396
  [simclr+sigreg] epoch 111/120  nt-xent=5.1757  sigreg=0.0395
  [simclr+sigreg] epoch 112/120  nt-xent=5.1744  sigreg=0.0408
  [simclr+sigreg] epoch 113/120  nt-xent=5.1754  sigreg=0.0387
  [simclr+sigreg] epoch 114/120  nt-xent=5.1745  sigreg=0.0394
  [simclr+sigreg] epoch 115/120  nt-xent=5.1777  sigreg=0.0424
  [simclr+sigreg] epoch 116/120  nt-xent=5.1731  sigreg=0.0385
  [simclr+sigreg] epoch 117/120  nt-xent=5.1721  sigreg=0.0408
  [simclr+sigreg] epoch 118/120  nt-xent=5.1708  sigreg=0.0401
  [simclr+sigreg] epoch 119/120  nt-xent=5.1661  sigreg=0.0419
  [simclr+sigreg] epoch 120/120  nt-xent=5.1719  sigreg=0.0407
--- [aircraft/visreg] sup-SIGReg (proto) ---
  seed anchors (orthogonal): min pairwise distance=5.00 sigma
  balanced loader: 6667 samples, 11 batches of 24x24
  [sigreg+proto] epoch 1/120  sigreg=0.9978  proto=5.0078  min_dist=5.01  mean_dist=5.02
  [sigreg+proto] epoch 2/120  sigreg=0.9636  proto=4.5238  min_dist=5.02  mean_dist=5.05
  [sigreg+proto] epoch 3/120  sigreg=0.9095  proto=4.4698  min_dist=5.04  mean_dist=5.07
  [sigreg+proto] epoch 4/120  sigreg=0.8930  proto=4.4527  min_dist=5.05  mean_dist=5.09
  [sigreg+proto] epoch 5/120  sigreg=0.8695  proto=4.4029  min_dist=5.06  mean_dist=5.12
  [sigreg+proto] epoch 6/120  sigreg=0.8562  proto=4.3699  min_dist=5.08  mean_dist=5.14
  [sigreg+proto] epoch 7/120  sigreg=0.8295  proto=4.2802  min_dist=5.08  mean_dist=5.16
  [sigreg+proto] epoch 8/120  sigreg=0.8083  proto=4.2691  min_dist=5.09  mean_dist=5.19
  [sigreg+proto] epoch 9/120  sigreg=0.7928  proto=4.2078  min_dist=5.10  mean_dist=5.21
  [sigreg+proto] epoch 10/120  sigreg=0.7651  proto=4.1929  min_dist=5.11  mean_dist=5.24
  [sigreg+proto] epoch 11/120  sigreg=0.7780  proto=4.1175  min_dist=5.12  mean_dist=5.26
  [sigreg+proto] epoch 12/120  sigreg=0.7630  proto=3.9708  min_dist=5.12  mean_dist=5.29
  [sigreg+proto] epoch 13/120  sigreg=0.7431  proto=4.0098  min_dist=5.12  mean_dist=5.31
  [sigreg+proto] epoch 14/120  sigreg=0.7508  proto=3.9641  min_dist=5.13  mean_dist=5.34
  [sigreg+proto] epoch 15/120  sigreg=0.7270  proto=3.9291  min_dist=5.14  mean_dist=5.37
  [sigreg+proto] epoch 16/120  sigreg=0.7256  proto=3.8433  min_dist=5.14  mean_dist=5.39
  [sigreg+proto] epoch 17/120  sigreg=0.7124  proto=3.8021  min_dist=5.14  mean_dist=5.43
  [sigreg+proto] epoch 18/120  sigreg=0.7050  proto=3.7987  min_dist=5.15  mean_dist=5.46
  [sigreg+proto] epoch 19/120  sigreg=0.7052  proto=3.6297  min_dist=5.15  mean_dist=5.49
  [sigreg+proto] epoch 20/120  sigreg=0.6983  proto=3.6326  min_dist=5.15  mean_dist=5.53
  [sigreg+proto] epoch 21/120  sigreg=0.6703  proto=3.7001  min_dist=5.16  mean_dist=5.56
  [sigreg+proto] epoch 22/120  sigreg=0.6763  proto=3.6262  min_dist=5.17  mean_dist=5.60
  [sigreg+proto] epoch 23/120  sigreg=0.6778  proto=3.5392  min_dist=5.18  mean_dist=5.65
  [sigreg+proto] epoch 24/120  sigreg=0.6677  proto=3.4967  min_dist=5.19  mean_dist=5.69
  [sigreg+proto] epoch 25/120  sigreg=0.6689  proto=3.4599  min_dist=5.20  mean_dist=5.74
  [sigreg+proto] epoch 26/120  sigreg=0.6731  proto=3.5482  min_dist=5.22  mean_dist=5.78
  [sigreg+proto] epoch 27/120  sigreg=0.6675  proto=3.3183  min_dist=5.24  mean_dist=5.83
  [sigreg+proto] epoch 28/120  sigreg=0.6681  proto=3.3354  min_dist=5.26  mean_dist=5.89
  [sigreg+proto] epoch 29/120  sigreg=0.6530  proto=3.3623  min_dist=5.28  mean_dist=5.94
  [sigreg+proto] epoch 30/120  sigreg=0.6569  proto=3.1974  min_dist=5.30  mean_dist=5.99
  [sigreg+proto] epoch 31/120  sigreg=0.6521  proto=3.1045  min_dist=5.32  mean_dist=6.05
  [sigreg+proto] epoch 32/120  sigreg=0.6500  proto=3.2637  min_dist=5.34  mean_dist=6.11
  [sigreg+proto] epoch 33/120  sigreg=0.6729  proto=3.2407  min_dist=5.37  mean_dist=6.17
  [sigreg+proto] epoch 34/120  sigreg=0.6509  proto=3.1748  min_dist=5.39  mean_dist=6.23
  [sigreg+proto] epoch 35/120  sigreg=0.6462  proto=3.0709  min_dist=5.42  mean_dist=6.29
  [sigreg+proto] epoch 36/120  sigreg=0.6529  proto=3.1224  min_dist=5.44  mean_dist=6.35
  [sigreg+proto] epoch 37/120  sigreg=0.6539  proto=3.0890  min_dist=5.47  mean_dist=6.41
  [sigreg+proto] epoch 38/120  sigreg=0.6522  proto=2.9573  min_dist=5.49  mean_dist=6.47
  [sigreg+proto] epoch 39/120  sigreg=0.6509  proto=2.9819  min_dist=5.51  mean_dist=6.53
  [sigreg+proto] epoch 40/120  sigreg=0.6536  proto=2.9707  min_dist=5.53  mean_dist=6.60
  [sigreg+proto] epoch 41/120  sigreg=0.6488  proto=3.0704  min_dist=5.56  mean_dist=6.66
  [sigreg+proto] epoch 42/120  sigreg=0.6545  proto=2.9817  min_dist=5.59  mean_dist=6.72
  [sigreg+proto] epoch 43/120  sigreg=0.6556  proto=2.8526  min_dist=5.61  mean_dist=6.78
  [sigreg+proto] epoch 44/120  sigreg=0.6393  proto=2.7951  min_dist=5.64  mean_dist=6.84
  [sigreg+proto] epoch 45/120  sigreg=0.6444  proto=2.7752  min_dist=5.66  mean_dist=6.91
  [sigreg+proto] epoch 46/120  sigreg=0.6347  proto=2.9719  min_dist=5.68  mean_dist=6.97
  [sigreg+proto] epoch 47/120  sigreg=0.6572  proto=2.9015  min_dist=5.70  mean_dist=7.03
  [sigreg+proto] epoch 48/120  sigreg=0.6483  proto=2.8134  min_dist=5.72  mean_dist=7.09
  [sigreg+proto] epoch 49/120  sigreg=0.6471  proto=2.7867  min_dist=5.74  mean_dist=7.15
  [sigreg+proto] epoch 50/120  sigreg=0.6410  proto=2.6658  min_dist=5.76  mean_dist=7.21
  [sigreg+proto] epoch 51/120  sigreg=0.6332  proto=2.5757  min_dist=5.78  mean_dist=7.27
  [sigreg+proto] epoch 52/120  sigreg=0.6360  proto=2.6297  min_dist=5.80  mean_dist=7.33
  [sigreg+proto] epoch 53/120  sigreg=0.6351  proto=2.5996  min_dist=5.82  mean_dist=7.39
  [sigreg+proto] epoch 54/120  sigreg=0.6362  proto=2.5893  min_dist=5.84  mean_dist=7.44
  [sigreg+proto] epoch 55/120  sigreg=0.6472  proto=2.5782  min_dist=5.86  mean_dist=7.50
  [sigreg+proto] epoch 56/120  sigreg=0.6495  proto=2.6416  min_dist=5.88  mean_dist=7.56
  [sigreg+proto] epoch 57/120  sigreg=0.6392  proto=2.4874  min_dist=5.90  mean_dist=7.61
  [sigreg+proto] epoch 58/120  sigreg=0.6392  proto=2.4389  min_dist=5.92  mean_dist=7.67
  [sigreg+proto] epoch 59/120  sigreg=0.6314  proto=2.4644  min_dist=5.94  mean_dist=7.73
  [sigreg+proto] epoch 60/120  sigreg=0.6394  proto=2.5472  min_dist=5.96  mean_dist=7.78
  [sigreg+proto] epoch 61/120  sigreg=0.6413  proto=2.4808  min_dist=5.98  mean_dist=7.83
  [sigreg+proto] epoch 62/120  sigreg=0.6368  proto=2.3765  min_dist=5.99  mean_dist=7.89
  [sigreg+proto] epoch 63/120  sigreg=0.6262  proto=2.3695  min_dist=6.00  mean_dist=7.94
  [sigreg+proto] epoch 64/120  sigreg=0.6510  proto=2.5048  min_dist=6.01  mean_dist=7.99
  [sigreg+proto] epoch 65/120  sigreg=0.6496  proto=2.5279  min_dist=6.02  mean_dist=8.04
  [sigreg+proto] epoch 66/120  sigreg=0.6471  proto=2.2770  min_dist=6.04  mean_dist=8.10
  [sigreg+proto] epoch 67/120  sigreg=0.6596  proto=2.3339  min_dist=6.06  mean_dist=8.15
  [sigreg+proto] epoch 68/120  sigreg=0.6463  proto=2.4235  min_dist=6.08  mean_dist=8.20
  [sigreg+proto] epoch 69/120  sigreg=0.6475  proto=2.2959  min_dist=6.09  mean_dist=8.25
  [sigreg+proto] epoch 70/120  sigreg=0.6515  proto=2.1952  min_dist=6.11  mean_dist=8.29
  [sigreg+proto] epoch 71/120  sigreg=0.6547  proto=2.2593  min_dist=6.12  mean_dist=8.34
  [sigreg+proto] epoch 72/120  sigreg=0.6424  proto=2.2068  min_dist=6.14  mean_dist=8.39
  [sigreg+proto] epoch 73/120  sigreg=0.6610  proto=2.3410  min_dist=6.14  mean_dist=8.44
  [sigreg+proto] epoch 74/120  sigreg=0.6607  proto=2.3213  min_dist=6.16  mean_dist=8.48
  [sigreg+proto] epoch 75/120  sigreg=0.6623  proto=2.1888  min_dist=6.18  mean_dist=8.53
  [sigreg+proto] epoch 76/120  sigreg=0.6652  proto=2.3106  min_dist=6.19  mean_dist=8.58
  [sigreg+proto] epoch 77/120  sigreg=0.6609  proto=2.1857  min_dist=6.21  mean_dist=8.62
  [sigreg+proto] epoch 78/120  sigreg=0.6571  proto=2.1729  min_dist=6.23  mean_dist=8.67
  [sigreg+proto] epoch 79/120  sigreg=0.6690  proto=2.2113  min_dist=6.24  mean_dist=8.71
  [sigreg+proto] epoch 80/120  sigreg=0.6638  proto=2.2065  min_dist=6.26  mean_dist=8.75
  [sigreg+proto] epoch 81/120  sigreg=0.6626  proto=2.1143  min_dist=6.27  mean_dist=8.80
  [sigreg+proto] epoch 82/120  sigreg=0.6558  proto=2.0227  min_dist=6.27  mean_dist=8.84
  [sigreg+proto] epoch 83/120  sigreg=0.6673  proto=2.0459  min_dist=6.28  mean_dist=8.88
  [sigreg+proto] epoch 84/120  sigreg=0.6541  proto=2.0439  min_dist=6.30  mean_dist=8.93
  [sigreg+proto] epoch 85/120  sigreg=0.6801  proto=2.0977  min_dist=6.31  mean_dist=8.97
  [sigreg+proto] epoch 86/120  sigreg=0.6666  proto=2.0815  min_dist=6.33  mean_dist=9.01
  [sigreg+proto] epoch 87/120  sigreg=0.6622  proto=2.0993  min_dist=6.35  mean_dist=9.05
  [sigreg+proto] epoch 88/120  sigreg=0.6558  proto=2.0116  min_dist=6.36  mean_dist=9.09
  [sigreg+proto] epoch 89/120  sigreg=0.6662  proto=1.9459  min_dist=6.36  mean_dist=9.13
  [sigreg+proto] epoch 90/120  sigreg=0.6712  proto=2.0853  min_dist=6.37  mean_dist=9.17
  [sigreg+proto] epoch 91/120  sigreg=0.6739  proto=2.0064  min_dist=6.39  mean_dist=9.21
  [sigreg+proto] epoch 92/120  sigreg=0.6678  proto=1.9531  min_dist=6.40  mean_dist=9.25
  [sigreg+proto] epoch 93/120  sigreg=0.6677  proto=1.8783  min_dist=6.41  mean_dist=9.28
  [sigreg+proto] epoch 94/120  sigreg=0.6722  proto=1.9836  min_dist=6.44  mean_dist=9.32
  [sigreg+proto] epoch 95/120  sigreg=0.6683  proto=1.8308  min_dist=6.46  mean_dist=9.36
  [sigreg+proto] epoch 96/120  sigreg=0.6537  proto=1.8819  min_dist=6.47  mean_dist=9.40
  [sigreg+proto] epoch 97/120  sigreg=0.6649  proto=1.8180  min_dist=6.48  mean_dist=9.44
  [sigreg+proto] epoch 98/120  sigreg=0.6604  proto=1.8212  min_dist=6.49  mean_dist=9.47
  [sigreg+proto] epoch 99/120  sigreg=0.6805  proto=1.8807  min_dist=6.50  mean_dist=9.51
  [sigreg+proto] epoch 100/120  sigreg=0.6841  proto=1.8367  min_dist=6.52  mean_dist=9.54
  [sigreg+proto] epoch 101/120  sigreg=0.6879  proto=1.9410  min_dist=6.53  mean_dist=9.58
  [sigreg+proto] epoch 102/120  sigreg=0.6952  proto=1.9739  min_dist=6.55  mean_dist=9.62
  [sigreg+proto] epoch 103/120  sigreg=0.6935  proto=1.7350  min_dist=6.56  mean_dist=9.65
  [sigreg+proto] epoch 104/120  sigreg=0.6761  proto=1.8610  min_dist=6.57  mean_dist=9.68
  [sigreg+proto] epoch 105/120  sigreg=0.6627  proto=1.6962  min_dist=6.58  mean_dist=9.72
  [sigreg+proto] epoch 106/120  sigreg=0.6725  proto=1.7631  min_dist=6.60  mean_dist=9.75
  [sigreg+proto] epoch 107/120  sigreg=0.6773  proto=1.7732  min_dist=6.61  mean_dist=9.79
  [sigreg+proto] epoch 108/120  sigreg=0.6853  proto=1.8842  min_dist=6.62  mean_dist=9.82
  [sigreg+proto] epoch 109/120  sigreg=0.6790  proto=1.8087  min_dist=6.63  mean_dist=9.85
  [sigreg+proto] epoch 110/120  sigreg=0.6764  proto=1.7890  min_dist=6.65  mean_dist=9.89
  [sigreg+proto] epoch 111/120  sigreg=0.6887  proto=1.7138  min_dist=6.66  mean_dist=9.92
  [sigreg+proto] epoch 112/120  sigreg=0.6810  proto=1.8439  min_dist=6.67  mean_dist=9.95
  [sigreg+proto] epoch 113/120  sigreg=0.6851  proto=1.7794  min_dist=6.67  mean_dist=9.98
  [sigreg+proto] epoch 114/120  sigreg=0.6859  proto=1.7883  min_dist=6.69  mean_dist=10.01
  [sigreg+proto] epoch 115/120  sigreg=0.6815  proto=1.6293  min_dist=6.71  mean_dist=10.04
  [sigreg+proto] epoch 116/120  sigreg=0.6906  proto=1.6835  min_dist=6.72  mean_dist=10.08
  [sigreg+proto] epoch 117/120  sigreg=0.6874  proto=1.6760  min_dist=6.72  mean_dist=10.11
  [sigreg+proto] epoch 118/120  sigreg=0.6898  proto=1.6455  min_dist=6.73  mean_dist=10.14
  [sigreg+proto] epoch 119/120  sigreg=0.6763  proto=1.5839  min_dist=6.75  mean_dist=10.17
  [sigreg+proto] epoch 120/120  sigreg=0.6725  proto=1.6305  min_dist=6.76  mean_dist=10.20
--- [aircraft/visreg] sup-SIGReg (ce) ---
  seed anchors (orthogonal): min pairwise distance=5.00 sigma
  balanced loader: 6667 samples, 11 batches of 24x24
  [sigreg+ce] epoch 1/120  sigreg=0.8276  ce=4.6161  min_dist=5.03  mean_dist=5.03
  [sigreg+ce] epoch 2/120  sigreg=0.6606  ce=4.5686  min_dist=5.06  mean_dist=5.06
  [sigreg+ce] epoch 3/120  sigreg=0.6102  ce=4.4989  min_dist=5.09  mean_dist=5.09
  [sigreg+ce] epoch 4/120  sigreg=0.6109  ce=4.4046  min_dist=5.12  mean_dist=5.12
  [sigreg+ce] epoch 5/120  sigreg=0.5801  ce=4.3651  min_dist=5.15  mean_dist=5.15
  [sigreg+ce] epoch 6/120  sigreg=0.5494  ce=4.3518  min_dist=5.18  mean_dist=5.18
  [sigreg+ce] epoch 7/120  sigreg=0.5643  ce=4.2651  min_dist=5.20  mean_dist=5.21
  [sigreg+ce] epoch 8/120  sigreg=0.5457  ce=4.2364  min_dist=5.23  mean_dist=5.24
  [sigreg+ce] epoch 9/120  sigreg=0.5413  ce=4.2050  min_dist=5.25  mean_dist=5.27
  [sigreg+ce] epoch 10/120  sigreg=0.5511  ce=4.1057  min_dist=5.27  mean_dist=5.30
  [sigreg+ce] epoch 11/120  sigreg=0.5399  ce=4.1068  min_dist=5.29  mean_dist=5.33
  [sigreg+ce] epoch 12/120  sigreg=0.5314  ce=4.0135  min_dist=5.31  mean_dist=5.36
  [sigreg+ce] epoch 13/120  sigreg=0.5555  ce=4.0529  min_dist=5.33  mean_dist=5.38
  [sigreg+ce] epoch 14/120  sigreg=0.5481  ce=3.9919  min_dist=5.34  mean_dist=5.41
  [sigreg+ce] epoch 15/120  sigreg=0.5449  ce=3.8589  min_dist=5.35  mean_dist=5.44
  [sigreg+ce] epoch 16/120  sigreg=0.5749  ce=3.7806  min_dist=5.36  mean_dist=5.47
  [sigreg+ce] epoch 17/120  sigreg=0.5634  ce=3.7029  min_dist=5.36  mean_dist=5.49
  [sigreg+ce] epoch 18/120  sigreg=0.5398  ce=3.8003  min_dist=5.37  mean_dist=5.52
  [sigreg+ce] epoch 19/120  sigreg=0.5709  ce=3.6749  min_dist=5.38  mean_dist=5.55
  [sigreg+ce] epoch 20/120  sigreg=0.5742  ce=3.6965  min_dist=5.39  mean_dist=5.58
  [sigreg+ce] epoch 21/120  sigreg=0.5655  ce=3.5566  min_dist=5.41  mean_dist=5.61
  [sigreg+ce] epoch 22/120  sigreg=0.5620  ce=3.6212  min_dist=5.43  mean_dist=5.63
  [sigreg+ce] epoch 23/120  sigreg=0.5460  ce=3.5779  min_dist=5.45  mean_dist=5.66
  [sigreg+ce] epoch 24/120  sigreg=0.5653  ce=3.5384  min_dist=5.45  mean_dist=5.70
  [sigreg+ce] epoch 25/120  sigreg=0.5718  ce=3.4239  min_dist=5.44  mean_dist=5.73
  [sigreg+ce] epoch 26/120  sigreg=0.5704  ce=3.4429  min_dist=5.44  mean_dist=5.77
  [sigreg+ce] epoch 27/120  sigreg=0.5432  ce=3.4830  min_dist=5.43  mean_dist=5.81
  [sigreg+ce] epoch 28/120  sigreg=0.5594  ce=3.5000  min_dist=5.42  mean_dist=5.85
  [sigreg+ce] epoch 29/120  sigreg=0.5549  ce=3.4082  min_dist=5.42  mean_dist=5.89
  [sigreg+ce] epoch 30/120  sigreg=0.5731  ce=3.1786  min_dist=5.42  mean_dist=5.95
  [sigreg+ce] epoch 31/120  sigreg=0.5498  ce=3.3353  min_dist=5.42  mean_dist=6.00
  [sigreg+ce] epoch 32/120  sigreg=0.5700  ce=3.2369  min_dist=5.43  mean_dist=6.07
  [sigreg+ce] epoch 33/120  sigreg=0.5630  ce=3.1299  min_dist=5.43  mean_dist=6.13
  [sigreg+ce] epoch 34/120  sigreg=0.5461  ce=3.1662  min_dist=5.44  mean_dist=6.21
  [sigreg+ce] epoch 35/120  sigreg=0.5527  ce=3.1725  min_dist=5.45  mean_dist=6.28
  [sigreg+ce] epoch 36/120  sigreg=0.5584  ce=3.0764  min_dist=5.47  mean_dist=6.37
  [sigreg+ce] epoch 37/120  sigreg=0.5475  ce=3.0365  min_dist=5.48  mean_dist=6.46
  [sigreg+ce] epoch 38/120  sigreg=0.5750  ce=2.9936  min_dist=5.50  mean_dist=6.55
  [sigreg+ce] epoch 39/120  sigreg=0.5630  ce=2.9399  min_dist=5.52  mean_dist=6.65
  [sigreg+ce] epoch 40/120  sigreg=0.5554  ce=2.9686  min_dist=5.54  mean_dist=6.74
  [sigreg+ce] epoch 41/120  sigreg=0.5694  ce=2.9318  min_dist=5.56  mean_dist=6.85
  [sigreg+ce] epoch 42/120  sigreg=0.5610  ce=2.8323  min_dist=5.59  mean_dist=6.95
  [sigreg+ce] epoch 43/120  sigreg=0.5577  ce=2.7621  min_dist=5.61  mean_dist=7.06
  [sigreg+ce] epoch 44/120  sigreg=0.5843  ce=2.7469  min_dist=5.63  mean_dist=7.16
  [sigreg+ce] epoch 45/120  sigreg=0.5688  ce=2.7758  min_dist=5.64  mean_dist=7.27
  [sigreg+ce] epoch 46/120  sigreg=0.5730  ce=2.7118  min_dist=5.66  mean_dist=7.38
  [sigreg+ce] epoch 47/120  sigreg=0.5651  ce=2.6361  min_dist=5.68  mean_dist=7.48
  [sigreg+ce] epoch 48/120  sigreg=0.5891  ce=2.7346  min_dist=5.70  mean_dist=7.59
  [sigreg+ce] epoch 49/120  sigreg=0.5703  ce=2.5588  min_dist=5.72  mean_dist=7.70
  [sigreg+ce] epoch 50/120  sigreg=0.5790  ce=2.5091  min_dist=5.74  mean_dist=7.80
  [sigreg+ce] epoch 51/120  sigreg=0.5876  ce=2.5092  min_dist=5.77  mean_dist=7.91
  [sigreg+ce] epoch 52/120  sigreg=0.5854  ce=2.5799  min_dist=5.79  mean_dist=8.01
  [sigreg+ce] epoch 53/120  sigreg=0.6071  ce=2.4825  min_dist=5.82  mean_dist=8.12
  [sigreg+ce] epoch 54/120  sigreg=0.6064  ce=2.5034  min_dist=5.85  mean_dist=8.22
  [sigreg+ce] epoch 55/120  sigreg=0.5910  ce=2.4895  min_dist=5.88  mean_dist=8.32
  [sigreg+ce] epoch 56/120  sigreg=0.5981  ce=2.4545  min_dist=5.91  mean_dist=8.42
  [sigreg+ce] epoch 57/120  sigreg=0.6238  ce=2.4578  min_dist=5.94  mean_dist=8.52
  [sigreg+ce] epoch 58/120  sigreg=0.6159  ce=2.4222  min_dist=5.97  mean_dist=8.62
  [sigreg+ce] epoch 59/120  sigreg=0.6161  ce=2.4260  min_dist=6.00  mean_dist=8.71
  [sigreg+ce] epoch 60/120  sigreg=0.6258  ce=2.3860  min_dist=6.04  mean_dist=8.81
  [sigreg+ce] epoch 61/120  sigreg=0.6378  ce=2.3723  min_dist=6.07  mean_dist=8.90
  [sigreg+ce] epoch 62/120  sigreg=0.6262  ce=2.2695  min_dist=6.11  mean_dist=8.99
  [sigreg+ce] epoch 63/120  sigreg=0.6390  ce=2.2848  min_dist=6.15  mean_dist=9.08
  [sigreg+ce] epoch 64/120  sigreg=0.6230  ce=2.2471  min_dist=6.18  mean_dist=9.17
  [sigreg+ce] epoch 65/120  sigreg=0.6300  ce=2.1505  min_dist=6.22  mean_dist=9.26
  [sigreg+ce] epoch 66/120  sigreg=0.6352  ce=2.2842  min_dist=6.26  mean_dist=9.35
  [sigreg+ce] epoch 67/120  sigreg=0.6399  ce=2.2742  min_dist=6.29  mean_dist=9.43
  [sigreg+ce] epoch 68/120  sigreg=0.6510  ce=2.2367  min_dist=6.33  mean_dist=9.52
  [sigreg+ce] epoch 69/120  sigreg=0.6492  ce=2.2424  min_dist=6.37  mean_dist=9.60
  [sigreg+ce] epoch 70/120  sigreg=0.6559  ce=2.2101  min_dist=6.41  mean_dist=9.69
  [sigreg+ce] epoch 71/120  sigreg=0.6486  ce=2.2026  min_dist=6.45  mean_dist=9.77
  [sigreg+ce] epoch 72/120  sigreg=0.6670  ce=2.1537  min_dist=6.49  mean_dist=9.85
  [sigreg+ce] epoch 73/120  sigreg=0.6553  ce=2.1838  min_dist=6.53  mean_dist=9.93
  [sigreg+ce] epoch 74/120  sigreg=0.6833  ce=2.1837  min_dist=6.57  mean_dist=10.00
  [sigreg+ce] epoch 75/120  sigreg=0.6696  ce=1.9706  min_dist=6.61  mean_dist=10.08
  [sigreg+ce] epoch 76/120  sigreg=0.6688  ce=1.9949  min_dist=6.65  mean_dist=10.16
  [sigreg+ce] epoch 77/120  sigreg=0.6972  ce=2.0272  min_dist=6.68  mean_dist=10.23
  [sigreg+ce] epoch 78/120  sigreg=0.7157  ce=2.0534  min_dist=6.72  mean_dist=10.31
  [sigreg+ce] epoch 79/120  sigreg=0.6715  ce=1.9941  min_dist=6.76  mean_dist=10.38
  [sigreg+ce] epoch 80/120  sigreg=0.6880  ce=1.9502  min_dist=6.80  mean_dist=10.45
  [sigreg+ce] epoch 81/120  sigreg=0.6839  ce=1.9589  min_dist=6.84  mean_dist=10.52
  [sigreg+ce] epoch 82/120  sigreg=0.6874  ce=1.9922  min_dist=6.88  mean_dist=10.59
  [sigreg+ce] epoch 83/120  sigreg=0.7015  ce=1.9372  min_dist=6.92  mean_dist=10.66
  [sigreg+ce] epoch 84/120  sigreg=0.6854  ce=1.9620  min_dist=6.96  mean_dist=10.73
  [sigreg+ce] epoch 85/120  sigreg=0.7017  ce=1.8752  min_dist=7.00  mean_dist=10.80
  [sigreg+ce] epoch 86/120  sigreg=0.7139  ce=1.9014  min_dist=7.03  mean_dist=10.86
  [sigreg+ce] epoch 87/120  sigreg=0.6997  ce=1.9012  min_dist=7.07  mean_dist=10.93
  [sigreg+ce] epoch 88/120  sigreg=0.7123  ce=1.8596  min_dist=7.11  mean_dist=10.99
  [sigreg+ce] epoch 89/120  sigreg=0.6999  ce=1.8767  min_dist=7.15  mean_dist=11.06
  [sigreg+ce] epoch 90/120  sigreg=0.6902  ce=1.7698  min_dist=7.18  mean_dist=11.12
  [sigreg+ce] epoch 91/120  sigreg=0.7046  ce=1.7315  min_dist=7.22  mean_dist=11.19
  [sigreg+ce] epoch 92/120  sigreg=0.7299  ce=1.7171  min_dist=7.26  mean_dist=11.25
  [sigreg+ce] epoch 93/120  sigreg=0.7231  ce=1.8508  min_dist=7.30  mean_dist=11.31
  [sigreg+ce] epoch 94/120  sigreg=0.7422  ce=1.8090  min_dist=7.33  mean_dist=11.37
  [sigreg+ce] epoch 95/120  sigreg=0.7243  ce=1.8200  min_dist=7.37  mean_dist=11.43
  [sigreg+ce] epoch 96/120  sigreg=0.7484  ce=1.8631  min_dist=7.41  mean_dist=11.49
  [sigreg+ce] epoch 97/120  sigreg=0.7337  ce=1.7543  min_dist=7.45  mean_dist=11.55
  [sigreg+ce] epoch 98/120  sigreg=0.7359  ce=1.6834  min_dist=7.49  mean_dist=11.60
  [sigreg+ce] epoch 99/120  sigreg=0.7523  ce=1.7982  min_dist=7.52  mean_dist=11.66
  [sigreg+ce] epoch 100/120  sigreg=0.7639  ce=1.7469  min_dist=7.56  mean_dist=11.72
  [sigreg+ce] epoch 101/120  sigreg=0.7613  ce=1.7790  min_dist=7.59  mean_dist=11.77
  [sigreg+ce] epoch 102/120  sigreg=0.7502  ce=1.7932  min_dist=7.63  mean_dist=11.83
  [sigreg+ce] epoch 103/120  sigreg=0.7610  ce=1.7837  min_dist=7.66  mean_dist=11.88
  [sigreg+ce] epoch 104/120  sigreg=0.7463  ce=1.6030  min_dist=7.70  mean_dist=11.93
  [sigreg+ce] epoch 105/120  sigreg=0.7539  ce=1.6462  min_dist=7.73  mean_dist=11.99
  [sigreg+ce] epoch 106/120  sigreg=0.7368  ce=1.5968  min_dist=7.77  mean_dist=12.04
  [sigreg+ce] epoch 107/120  sigreg=0.7466  ce=1.5978  min_dist=7.80  mean_dist=12.09
  [sigreg+ce] epoch 108/120  sigreg=0.7560  ce=1.6030  min_dist=7.83  mean_dist=12.14
  [sigreg+ce] epoch 109/120  sigreg=0.7662  ce=1.6167  min_dist=7.86  mean_dist=12.20
  [sigreg+ce] epoch 110/120  sigreg=0.7555  ce=1.6035  min_dist=7.89  mean_dist=12.25
  [sigreg+ce] epoch 111/120  sigreg=0.7708  ce=1.6090  min_dist=7.92  mean_dist=12.29
  [sigreg+ce] epoch 112/120  sigreg=0.7728  ce=1.6386  min_dist=7.96  mean_dist=12.34
  [sigreg+ce] epoch 113/120  sigreg=0.7719  ce=1.6249  min_dist=7.99  mean_dist=12.39
  [sigreg+ce] epoch 114/120  sigreg=0.7725  ce=1.5134  min_dist=8.02  mean_dist=12.44
  [sigreg+ce] epoch 115/120  sigreg=0.7859  ce=1.6112  min_dist=8.05  mean_dist=12.49
  [sigreg+ce] epoch 116/120  sigreg=0.7691  ce=1.4518  min_dist=8.08  mean_dist=12.53
  [sigreg+ce] epoch 117/120  sigreg=0.7768  ce=1.4990  min_dist=8.11  mean_dist=12.58
  [sigreg+ce] epoch 118/120  sigreg=0.8004  ce=1.5620  min_dist=8.14  mean_dist=12.63
  [sigreg+ce] epoch 119/120  sigreg=0.7999  ce=1.5674  min_dist=8.17  mean_dist=12.67
  [sigreg+ce] epoch 120/120  sigreg=0.8033  ce=1.4968  min_dist=8.20  mean_dist=12.72
  [aircraft/visreg] raw probe (768d)             38.3
  [aircraft/visreg] sup-proto                    36.8
  [aircraft/visreg] sup-proto (posterior)        31.8
  [aircraft/visreg] sup-proto+hybrid (concat)    34.2
  [aircraft/visreg] sup-ce                       42.4
  [aircraft/visreg] sup-ce+hybrid (concat)       42.5

######## cars on DINO ViT-B/16 ########
  [simclr+sigreg] epoch 1/120  nt-xent=5.9316  sigreg=0.3511
  [simclr+sigreg] epoch 2/120  nt-xent=5.5639  sigreg=0.1427
  [simclr+sigreg] epoch 3/120  nt-xent=5.4304  sigreg=0.0921
  [simclr+sigreg] epoch 4/120  nt-xent=5.3676  sigreg=0.0700
  [simclr+sigreg] epoch 5/120  nt-xent=5.3421  sigreg=0.0635
  [simclr+sigreg] epoch 6/120  nt-xent=5.3194  sigreg=0.0583
  [simclr+sigreg] epoch 7/120  nt-xent=5.3121  sigreg=0.0593
  [simclr+sigreg] epoch 8/120  nt-xent=5.2969  sigreg=0.0575
  [simclr+sigreg] epoch 9/120  nt-xent=5.2894  sigreg=0.0569
  [simclr+sigreg] epoch 10/120  nt-xent=5.2745  sigreg=0.0487
  [simclr+sigreg] epoch 11/120  nt-xent=5.2606  sigreg=0.0493
  [simclr+sigreg] epoch 12/120  nt-xent=5.2552  sigreg=0.0433
  [simclr+sigreg] epoch 13/120  nt-xent=5.2472  sigreg=0.0445
  [simclr+sigreg] epoch 14/120  nt-xent=5.2471  sigreg=0.0465
  [simclr+sigreg] epoch 15/120  nt-xent=5.2360  sigreg=0.0416
  [simclr+sigreg] epoch 16/120  nt-xent=5.2341  sigreg=0.0385
  [simclr+sigreg] epoch 17/120  nt-xent=5.2288  sigreg=0.0382
  [simclr+sigreg] epoch 18/120  nt-xent=5.2248  sigreg=0.0389
  [simclr+sigreg] epoch 19/120  nt-xent=5.2152  sigreg=0.0353
  [simclr+sigreg] epoch 20/120  nt-xent=5.2150  sigreg=0.0342
  [simclr+sigreg] epoch 21/120  nt-xent=5.2118  sigreg=0.0344
  [simclr+sigreg] epoch 22/120  nt-xent=5.2064  sigreg=0.0354
  [simclr+sigreg] epoch 23/120  nt-xent=5.2103  sigreg=0.0373
  [simclr+sigreg] epoch 24/120  nt-xent=5.2075  sigreg=0.0371
  [simclr+sigreg] epoch 25/120  nt-xent=5.2055  sigreg=0.0379
  [simclr+sigreg] epoch 26/120  nt-xent=5.2025  sigreg=0.0380
  [simclr+sigreg] epoch 27/120  nt-xent=5.1984  sigreg=0.0340
  [simclr+sigreg] epoch 28/120  nt-xent=5.1905  sigreg=0.0307
  [simclr+sigreg] epoch 29/120  nt-xent=5.1884  sigreg=0.0320
  [simclr+sigreg] epoch 30/120  nt-xent=5.1871  sigreg=0.0311
  [simclr+sigreg] epoch 31/120  nt-xent=5.1862  sigreg=0.0304
  [simclr+sigreg] epoch 32/120  nt-xent=5.1852  sigreg=0.0301
  [simclr+sigreg] epoch 33/120  nt-xent=5.1826  sigreg=0.0310
  [simclr+sigreg] epoch 34/120  nt-xent=5.1789  sigreg=0.0294
  [simclr+sigreg] epoch 35/120  nt-xent=5.1792  sigreg=0.0299
  [simclr+sigreg] epoch 36/120  nt-xent=5.1767  sigreg=0.0302
  [simclr+sigreg] epoch 37/120  nt-xent=5.1759  sigreg=0.0311
  [simclr+sigreg] epoch 38/120  nt-xent=5.1752  sigreg=0.0288
  [simclr+sigreg] epoch 39/120  nt-xent=5.1716  sigreg=0.0289
  [simclr+sigreg] epoch 40/120  nt-xent=5.1758  sigreg=0.0303
  [simclr+sigreg] epoch 41/120  nt-xent=5.1702  sigreg=0.0294
  [simclr+sigreg] epoch 42/120  nt-xent=5.1680  sigreg=0.0286
  [simclr+sigreg] epoch 43/120  nt-xent=5.1681  sigreg=0.0300
  [simclr+sigreg] epoch 44/120  nt-xent=5.1689  sigreg=0.0298
  [simclr+sigreg] epoch 45/120  nt-xent=5.1634  sigreg=0.0272
  [simclr+sigreg] epoch 46/120  nt-xent=5.1621  sigreg=0.0278
  [simclr+sigreg] epoch 47/120  nt-xent=5.1601  sigreg=0.0276
  [simclr+sigreg] epoch 48/120  nt-xent=5.1598  sigreg=0.0257
  [simclr+sigreg] epoch 49/120  nt-xent=5.1590  sigreg=0.0259
  [simclr+sigreg] epoch 50/120  nt-xent=5.1567  sigreg=0.0253
  [simclr+sigreg] epoch 51/120  nt-xent=5.1544  sigreg=0.0253
  [simclr+sigreg] epoch 52/120  nt-xent=5.1513  sigreg=0.0238
  [simclr+sigreg] epoch 53/120  nt-xent=5.1523  sigreg=0.0249
  [simclr+sigreg] epoch 54/120  nt-xent=5.1496  sigreg=0.0239
  [simclr+sigreg] epoch 55/120  nt-xent=5.1514  sigreg=0.0249
  [simclr+sigreg] epoch 56/120  nt-xent=5.1531  sigreg=0.0265
  [simclr+sigreg] epoch 57/120  nt-xent=5.1507  sigreg=0.0242
  [simclr+sigreg] epoch 58/120  nt-xent=5.1493  sigreg=0.0241
  [simclr+sigreg] epoch 59/120  nt-xent=5.1453  sigreg=0.0238
  [simclr+sigreg] epoch 60/120  nt-xent=5.1476  sigreg=0.0253
  [simclr+sigreg] epoch 61/120  nt-xent=5.1442  sigreg=0.0245
  [simclr+sigreg] epoch 62/120  nt-xent=5.1443  sigreg=0.0241
  [simclr+sigreg] epoch 63/120  nt-xent=5.1453  sigreg=0.0238
  [simclr+sigreg] epoch 64/120  nt-xent=5.1490  sigreg=0.0248
  [simclr+sigreg] epoch 65/120  nt-xent=5.1453  sigreg=0.0234
  [simclr+sigreg] epoch 66/120  nt-xent=5.1418  sigreg=0.0242
  [simclr+sigreg] epoch 67/120  nt-xent=5.1422  sigreg=0.0251
  [simclr+sigreg] epoch 68/120  nt-xent=5.1398  sigreg=0.0240
  [simclr+sigreg] epoch 69/120  nt-xent=5.1387  sigreg=0.0228
  [simclr+sigreg] epoch 70/120  nt-xent=5.1381  sigreg=0.0224
  [simclr+sigreg] epoch 71/120  nt-xent=5.1334  sigreg=0.0218
  [simclr+sigreg] epoch 72/120  nt-xent=5.1363  sigreg=0.0224
  [simclr+sigreg] epoch 73/120  nt-xent=5.1391  sigreg=0.0236
  [simclr+sigreg] epoch 74/120  nt-xent=5.1419  sigreg=0.0249
  [simclr+sigreg] epoch 75/120  nt-xent=5.1356  sigreg=0.0224
  [simclr+sigreg] epoch 76/120  nt-xent=5.1325  sigreg=0.0220
  [simclr+sigreg] epoch 77/120  nt-xent=5.1318  sigreg=0.0217
  [simclr+sigreg] epoch 78/120  nt-xent=5.1332  sigreg=0.0238
  [simclr+sigreg] epoch 79/120  nt-xent=5.1328  sigreg=0.0226
  [simclr+sigreg] epoch 80/120  nt-xent=5.1337  sigreg=0.0214
  [simclr+sigreg] epoch 81/120  nt-xent=5.1300  sigreg=0.0213
  [simclr+sigreg] epoch 82/120  nt-xent=5.1279  sigreg=0.0216
  [simclr+sigreg] epoch 83/120  nt-xent=5.1309  sigreg=0.0209
  [simclr+sigreg] epoch 84/120  nt-xent=5.1281  sigreg=0.0210
  [simclr+sigreg] epoch 85/120  nt-xent=5.1275  sigreg=0.0206
  [simclr+sigreg] epoch 86/120  nt-xent=5.1264  sigreg=0.0206
  [simclr+sigreg] epoch 87/120  nt-xent=5.1255  sigreg=0.0222
  [simclr+sigreg] epoch 88/120  nt-xent=5.1308  sigreg=0.0229
  [simclr+sigreg] epoch 89/120  nt-xent=5.1270  sigreg=0.0227
  [simclr+sigreg] epoch 90/120  nt-xent=5.1232  sigreg=0.0222
  [simclr+sigreg] epoch 91/120  nt-xent=5.1239  sigreg=0.0206
  [simclr+sigreg] epoch 92/120  nt-xent=5.1217  sigreg=0.0215
  [simclr+sigreg] epoch 93/120  nt-xent=5.1240  sigreg=0.0212
  [simclr+sigreg] epoch 94/120  nt-xent=5.1238  sigreg=0.0227
  [simclr+sigreg] epoch 95/120  nt-xent=5.1237  sigreg=0.0224
  [simclr+sigreg] epoch 96/120  nt-xent=5.1222  sigreg=0.0206
  [simclr+sigreg] epoch 97/120  nt-xent=5.1244  sigreg=0.0240
  [simclr+sigreg] epoch 98/120  nt-xent=5.1211  sigreg=0.0212
  [simclr+sigreg] epoch 99/120  nt-xent=5.1189  sigreg=0.0209
  [simclr+sigreg] epoch 100/120  nt-xent=5.1186  sigreg=0.0200
  [simclr+sigreg] epoch 101/120  nt-xent=5.1186  sigreg=0.0212
  [simclr+sigreg] epoch 102/120  nt-xent=5.1189  sigreg=0.0211
  [simclr+sigreg] epoch 103/120  nt-xent=5.1166  sigreg=0.0197
  [simclr+sigreg] epoch 104/120  nt-xent=5.1175  sigreg=0.0205
  [simclr+sigreg] epoch 105/120  nt-xent=5.1191  sigreg=0.0201
  [simclr+sigreg] epoch 106/120  nt-xent=5.1150  sigreg=0.0197
  [simclr+sigreg] epoch 107/120  nt-xent=5.1153  sigreg=0.0198
  [simclr+sigreg] epoch 108/120  nt-xent=5.1147  sigreg=0.0211
  [simclr+sigreg] epoch 109/120  nt-xent=5.1170  sigreg=0.0205
  [simclr+sigreg] epoch 110/120  nt-xent=5.1151  sigreg=0.0208
  [simclr+sigreg] epoch 111/120  nt-xent=5.1160  sigreg=0.0204
  [simclr+sigreg] epoch 112/120  nt-xent=5.1114  sigreg=0.0194
  [simclr+sigreg] epoch 113/120  nt-xent=5.1125  sigreg=0.0199
  [simclr+sigreg] epoch 114/120  nt-xent=5.1129  sigreg=0.0195
  [simclr+sigreg] epoch 115/120  nt-xent=5.1123  sigreg=0.0200
  [simclr+sigreg] epoch 116/120  nt-xent=5.1120  sigreg=0.0192
  [simclr+sigreg] epoch 117/120  nt-xent=5.1106  sigreg=0.0195
  [simclr+sigreg] epoch 118/120  nt-xent=5.1106  sigreg=0.0188
  [simclr+sigreg] epoch 119/120  nt-xent=5.1093  sigreg=0.0194
  [simclr+sigreg] epoch 120/120  nt-xent=5.1108  sigreg=0.0197
--- [cars/dino] sup-SIGReg (proto) ---
  seed anchors (random-direction): min pairwise distance=3.89 sigma
  balanced loader: 8144 samples, 14 batches of 24x24
  [sigreg+proto] epoch 1/120  sigreg=0.8723  proto=6.0113  min_dist=4.01  mean_dist=5.12
  [sigreg+proto] epoch 2/120  sigreg=0.9059  proto=5.2415  min_dist=4.13  mean_dist=5.25
  [sigreg+proto] epoch 3/120  sigreg=0.8582  proto=5.1231  min_dist=4.23  mean_dist=5.38
  [sigreg+proto] epoch 4/120  sigreg=0.8217  proto=4.8597  min_dist=4.34  mean_dist=5.51
  [sigreg+proto] epoch 5/120  sigreg=0.8025  proto=4.7294  min_dist=4.44  mean_dist=5.63
  [sigreg+proto] epoch 6/120  sigreg=0.7907  proto=4.5502  min_dist=4.54  mean_dist=5.74
  [sigreg+proto] epoch 7/120  sigreg=0.7703  proto=4.3906  min_dist=4.64  mean_dist=5.86
  [sigreg+proto] epoch 8/120  sigreg=0.7645  proto=4.3901  min_dist=4.73  mean_dist=5.96
  [sigreg+proto] epoch 9/120  sigreg=0.7533  proto=3.9642  min_dist=4.81  mean_dist=6.07
  [sigreg+proto] epoch 10/120  sigreg=0.7239  proto=3.7382  min_dist=4.89  mean_dist=6.17
  [sigreg+proto] epoch 11/120  sigreg=0.7289  proto=3.6423  min_dist=4.96  mean_dist=6.27
  [sigreg+proto] epoch 12/120  sigreg=0.7450  proto=3.7178  min_dist=5.02  mean_dist=6.37
  [sigreg+proto] epoch 13/120  sigreg=0.7201  proto=3.2575  min_dist=5.09  mean_dist=6.46
  [sigreg+proto] epoch 14/120  sigreg=0.7011  proto=3.1238  min_dist=5.17  mean_dist=6.55
  [sigreg+proto] epoch 15/120  sigreg=0.7037  proto=3.1243  min_dist=5.24  mean_dist=6.64
  [sigreg+proto] epoch 16/120  sigreg=0.7126  proto=2.8542  min_dist=5.32  mean_dist=6.73
  [sigreg+proto] epoch 17/120  sigreg=0.6931  proto=2.7476  min_dist=5.39  mean_dist=6.81
  [sigreg+proto] epoch 18/120  sigreg=0.7011  proto=2.6746  min_dist=5.47  mean_dist=6.90
  [sigreg+proto] epoch 19/120  sigreg=0.6967  proto=2.5924  min_dist=5.54  mean_dist=6.98
  [sigreg+proto] epoch 20/120  sigreg=0.6854  proto=2.5490  min_dist=5.60  mean_dist=7.06
  [sigreg+proto] epoch 21/120  sigreg=0.6920  proto=2.3526  min_dist=5.67  mean_dist=7.14
  [sigreg+proto] epoch 22/120  sigreg=0.6890  proto=2.1976  min_dist=5.72  mean_dist=7.21
  [sigreg+proto] epoch 23/120  sigreg=0.6913  proto=2.0546  min_dist=5.78  mean_dist=7.29
  [sigreg+proto] epoch 24/120  sigreg=0.6806  proto=2.0796  min_dist=5.86  mean_dist=7.36
  [sigreg+proto] epoch 25/120  sigreg=0.6905  proto=1.9976  min_dist=5.91  mean_dist=7.43
  [sigreg+proto] epoch 26/120  sigreg=0.6692  proto=1.7304  min_dist=5.97  mean_dist=7.51
  [sigreg+proto] epoch 27/120  sigreg=0.6691  proto=1.7456  min_dist=6.04  mean_dist=7.58
  [sigreg+proto] epoch 28/120  sigreg=0.6682  proto=1.6927  min_dist=6.09  mean_dist=7.65
  [sigreg+proto] epoch 29/120  sigreg=0.6699  proto=1.6973  min_dist=6.15  mean_dist=7.71
  [sigreg+proto] epoch 30/120  sigreg=0.6652  proto=1.5416  min_dist=6.22  mean_dist=7.78
  [sigreg+proto] epoch 31/120  sigreg=0.6448  proto=1.3453  min_dist=6.27  mean_dist=7.85
  [sigreg+proto] epoch 32/120  sigreg=0.6446  proto=1.4010  min_dist=6.33  mean_dist=7.91
  [sigreg+proto] epoch 33/120  sigreg=0.6522  proto=1.3195  min_dist=6.39  mean_dist=7.98
  [sigreg+proto] epoch 34/120  sigreg=0.6409  proto=1.2090  min_dist=6.45  mean_dist=8.04
  [sigreg+proto] epoch 35/120  sigreg=0.6318  proto=1.1486  min_dist=6.50  mean_dist=8.10
  [sigreg+proto] epoch 36/120  sigreg=0.6353  proto=1.0887  min_dist=6.55  mean_dist=8.16
  [sigreg+proto] epoch 37/120  sigreg=0.6289  proto=0.9478  min_dist=6.60  mean_dist=8.23
  [sigreg+proto] epoch 38/120  sigreg=0.6254  proto=0.9880  min_dist=6.66  mean_dist=8.29
  [sigreg+proto] epoch 39/120  sigreg=0.6087  proto=0.8447  min_dist=6.71  mean_dist=8.35
  [sigreg+proto] epoch 40/120  sigreg=0.6133  proto=0.7925  min_dist=6.75  mean_dist=8.41
  [sigreg+proto] epoch 41/120  sigreg=0.6059  proto=0.7880  min_dist=6.81  mean_dist=8.47
  [sigreg+proto] epoch 42/120  sigreg=0.6067  proto=0.7897  min_dist=6.86  mean_dist=8.52
  [sigreg+proto] epoch 43/120  sigreg=0.6030  proto=0.7221  min_dist=6.91  mean_dist=8.58
  [sigreg+proto] epoch 44/120  sigreg=0.6073  proto=0.6621  min_dist=6.95  mean_dist=8.64
  [sigreg+proto] epoch 45/120  sigreg=0.5928  proto=0.6269  min_dist=7.00  mean_dist=8.70
  [sigreg+proto] epoch 46/120  sigreg=0.5957  proto=0.5324  min_dist=7.06  mean_dist=8.75
  [sigreg+proto] epoch 47/120  sigreg=0.5863  proto=0.4936  min_dist=7.10  mean_dist=8.81
  [sigreg+proto] epoch 48/120  sigreg=0.5849  proto=0.4362  min_dist=7.15  mean_dist=8.86
  [sigreg+proto] epoch 49/120  sigreg=0.5859  proto=0.4403  min_dist=7.20  mean_dist=8.92
  [sigreg+proto] epoch 50/120  sigreg=0.5755  proto=0.4672  min_dist=7.24  mean_dist=8.97
  [sigreg+proto] epoch 51/120  sigreg=0.5859  proto=0.4451  min_dist=7.30  mean_dist=9.03
  [sigreg+proto] epoch 52/120  sigreg=0.5824  proto=0.4248  min_dist=7.34  mean_dist=9.08
  [sigreg+proto] epoch 53/120  sigreg=0.5800  proto=0.3314  min_dist=7.38  mean_dist=9.13
  [sigreg+proto] epoch 54/120  sigreg=0.5667  proto=0.3293  min_dist=7.43  mean_dist=9.19
  [sigreg+proto] epoch 55/120  sigreg=0.5611  proto=0.3134  min_dist=7.46  mean_dist=9.24
  [sigreg+proto] epoch 56/120  sigreg=0.5747  proto=0.2656  min_dist=7.51  mean_dist=9.29
  [sigreg+proto] epoch 57/120  sigreg=0.5625  proto=0.2542  min_dist=7.55  mean_dist=9.34
  [sigreg+proto] epoch 58/120  sigreg=0.5517  proto=0.2554  min_dist=7.59  mean_dist=9.39
  [sigreg+proto] epoch 59/120  sigreg=0.5612  proto=0.2252  min_dist=7.63  mean_dist=9.45
  [sigreg+proto] epoch 60/120  sigreg=0.5604  proto=0.2429  min_dist=7.67  mean_dist=9.50
  [sigreg+proto] epoch 61/120  sigreg=0.5609  proto=0.2018  min_dist=7.71  mean_dist=9.55
  [sigreg+proto] epoch 62/120  sigreg=0.5490  proto=0.1801  min_dist=7.75  mean_dist=9.60
  [sigreg+proto] epoch 63/120  sigreg=0.5418  proto=0.1590  min_dist=7.79  mean_dist=9.65
  [sigreg+proto] epoch 64/120  sigreg=0.5430  proto=0.1357  min_dist=7.83  mean_dist=9.69
  [sigreg+proto] epoch 65/120  sigreg=0.5336  proto=0.1266  min_dist=7.87  mean_dist=9.74
  [sigreg+proto] epoch 66/120  sigreg=0.5400  proto=0.1207  min_dist=7.92  mean_dist=9.79
  [sigreg+proto] epoch 67/120  sigreg=0.5244  proto=0.1070  min_dist=7.95  mean_dist=9.84
  [sigreg+proto] epoch 68/120  sigreg=0.5234  proto=0.1041  min_dist=7.98  mean_dist=9.89
  [sigreg+proto] epoch 69/120  sigreg=0.5240  proto=0.0978  min_dist=8.02  mean_dist=9.94
  [sigreg+proto] epoch 70/120  sigreg=0.5295  proto=0.0893  min_dist=8.06  mean_dist=9.98
  [sigreg+proto] epoch 71/120  sigreg=0.5170  proto=0.0734  min_dist=8.10  mean_dist=10.03
  [sigreg+proto] epoch 72/120  sigreg=0.5088  proto=0.0818  min_dist=8.13  mean_dist=10.08
  [sigreg+proto] epoch 73/120  sigreg=0.5173  proto=0.0637  min_dist=8.17  mean_dist=10.12
  [sigreg+proto] epoch 74/120  sigreg=0.5210  proto=0.0621  min_dist=8.21  mean_dist=10.17
  [sigreg+proto] epoch 75/120  sigreg=0.5078  proto=0.0666  min_dist=8.24  mean_dist=10.22
  [sigreg+proto] epoch 76/120  sigreg=0.5106  proto=0.0690  min_dist=8.27  mean_dist=10.26
  [sigreg+proto] epoch 77/120  sigreg=0.5155  proto=0.0666  min_dist=8.31  mean_dist=10.31
  [sigreg+proto] epoch 78/120  sigreg=0.5163  proto=0.0643  min_dist=8.34  mean_dist=10.35
  [sigreg+proto] epoch 79/120  sigreg=0.5129  proto=0.0589  min_dist=8.38  mean_dist=10.40
  [sigreg+proto] epoch 80/120  sigreg=0.5049  proto=0.0535  min_dist=8.42  mean_dist=10.44
  [sigreg+proto] epoch 81/120  sigreg=0.5141  proto=0.0443  min_dist=8.46  mean_dist=10.49
  [sigreg+proto] epoch 82/120  sigreg=0.5070  proto=0.0449  min_dist=8.49  mean_dist=10.53
  [sigreg+proto] epoch 83/120  sigreg=0.5079  proto=0.0317  min_dist=8.53  mean_dist=10.57
  [sigreg+proto] epoch 84/120  sigreg=0.5015  proto=0.0332  min_dist=8.56  mean_dist=10.62
  [sigreg+proto] epoch 85/120  sigreg=0.5069  proto=0.0317  min_dist=8.60  mean_dist=10.66
  [sigreg+proto] epoch 86/120  sigreg=0.5047  proto=0.0359  min_dist=8.63  mean_dist=10.71
  [sigreg+proto] epoch 87/120  sigreg=0.5040  proto=0.0345  min_dist=8.66  mean_dist=10.75
  [sigreg+proto] epoch 88/120  sigreg=0.4975  proto=0.0340  min_dist=8.69  mean_dist=10.79
  [sigreg+proto] epoch 89/120  sigreg=0.5052  proto=0.0332  min_dist=8.73  mean_dist=10.83
  [sigreg+proto] epoch 90/120  sigreg=0.5057  proto=0.0355  min_dist=8.76  mean_dist=10.88
  [sigreg+proto] epoch 91/120  sigreg=0.5012  proto=0.0271  min_dist=8.80  mean_dist=10.92
  [sigreg+proto] epoch 92/120  sigreg=0.4987  proto=0.0245  min_dist=8.83  mean_dist=10.96
  [sigreg+proto] epoch 93/120  sigreg=0.5013  proto=0.0352  min_dist=8.86  mean_dist=11.00
  [sigreg+proto] epoch 94/120  sigreg=0.5006  proto=0.0227  min_dist=8.90  mean_dist=11.04
  [sigreg+proto] epoch 95/120  sigreg=0.4887  proto=0.0268  min_dist=8.93  mean_dist=11.08
  [sigreg+proto] epoch 96/120  sigreg=0.4957  proto=0.0273  min_dist=8.96  mean_dist=11.13
  [sigreg+proto] epoch 97/120  sigreg=0.4930  proto=0.0217  min_dist=8.99  mean_dist=11.17
  [sigreg+proto] epoch 98/120  sigreg=0.4984  proto=0.0288  min_dist=9.02  mean_dist=11.21
  [sigreg+proto] epoch 99/120  sigreg=0.4935  proto=0.0274  min_dist=9.05  mean_dist=11.25
  [sigreg+proto] epoch 100/120  sigreg=0.5048  proto=0.0211  min_dist=9.08  mean_dist=11.29
  [sigreg+proto] epoch 101/120  sigreg=0.4974  proto=0.0236  min_dist=9.11  mean_dist=11.33
  [sigreg+proto] epoch 102/120  sigreg=0.5005  proto=0.0223  min_dist=9.14  mean_dist=11.37
  [sigreg+proto] epoch 103/120  sigreg=0.4972  proto=0.0263  min_dist=9.16  mean_dist=11.41
  [sigreg+proto] epoch 104/120  sigreg=0.4959  proto=0.0302  min_dist=9.20  mean_dist=11.45
  [sigreg+proto] epoch 105/120  sigreg=0.5002  proto=0.0277  min_dist=9.23  mean_dist=11.48
  [sigreg+proto] epoch 106/120  sigreg=0.5013  proto=0.0252  min_dist=9.26  mean_dist=11.52
  [sigreg+proto] epoch 107/120  sigreg=0.4936  proto=0.0220  min_dist=9.28  mean_dist=11.56
  [sigreg+proto] epoch 108/120  sigreg=0.5079  proto=0.0274  min_dist=9.31  mean_dist=11.60
  [sigreg+proto] epoch 109/120  sigreg=0.4891  proto=0.0350  min_dist=9.34  mean_dist=11.64
  [sigreg+proto] epoch 110/120  sigreg=0.5132  proto=0.0236  min_dist=9.37  mean_dist=11.68
  [sigreg+proto] epoch 111/120  sigreg=0.5076  proto=0.0239  min_dist=9.40  mean_dist=11.71
  [sigreg+proto] epoch 112/120  sigreg=0.5046  proto=0.0181  min_dist=9.43  mean_dist=11.75
  [sigreg+proto] epoch 113/120  sigreg=0.4963  proto=0.0249  min_dist=9.45  mean_dist=11.79
  [sigreg+proto] epoch 114/120  sigreg=0.5000  proto=0.0211  min_dist=9.48  mean_dist=11.83
  [sigreg+proto] epoch 115/120  sigreg=0.5030  proto=0.0260  min_dist=9.50  mean_dist=11.86
  [sigreg+proto] epoch 116/120  sigreg=0.5207  proto=0.1262  min_dist=9.53  mean_dist=11.90
  [sigreg+proto] epoch 117/120  sigreg=0.5641  proto=0.1788  min_dist=9.56  mean_dist=11.94
  [sigreg+proto] epoch 118/120  sigreg=0.5634  proto=0.1689  min_dist=9.59  mean_dist=11.97
  [sigreg+proto] epoch 119/120  sigreg=0.5717  proto=0.1658  min_dist=9.62  mean_dist=12.01
  [sigreg+proto] epoch 120/120  sigreg=0.5898  proto=0.2074  min_dist=9.65  mean_dist=12.04
--- [cars/dino] sup-SIGReg (ce) ---
  seed anchors (random-direction): min pairwise distance=3.89 sigma
  balanced loader: 8144 samples, 14 batches of 24x24
  [sigreg+ce] epoch 1/120  sigreg=0.7054  ce=5.2509  min_dist=4.02  mean_dist=5.15
  [sigreg+ce] epoch 2/120  sigreg=0.5695  ce=5.1181  min_dist=4.15  mean_dist=5.31
  [sigreg+ce] epoch 3/120  sigreg=0.5632  ce=4.9586  min_dist=4.28  mean_dist=5.47
  [sigreg+ce] epoch 4/120  sigreg=0.5638  ce=4.7965  min_dist=4.41  mean_dist=5.62
  [sigreg+ce] epoch 5/120  sigreg=0.6112  ce=4.5916  min_dist=4.53  mean_dist=5.77
  [sigreg+ce] epoch 6/120  sigreg=0.6583  ce=4.3326  min_dist=4.65  mean_dist=5.91
  [sigreg+ce] epoch 7/120  sigreg=0.6673  ce=4.2853  min_dist=4.75  mean_dist=6.06
  [sigreg+ce] epoch 8/120  sigreg=0.7371  ce=4.0424  min_dist=4.86  mean_dist=6.20
  [sigreg+ce] epoch 9/120  sigreg=0.7276  ce=3.9225  min_dist=4.96  mean_dist=6.33
  [sigreg+ce] epoch 10/120  sigreg=0.7891  ce=3.7196  min_dist=5.05  mean_dist=6.47
  [sigreg+ce] epoch 11/120  sigreg=0.8108  ce=3.5332  min_dist=5.15  mean_dist=6.60
  [sigreg+ce] epoch 12/120  sigreg=0.8457  ce=3.3638  min_dist=5.25  mean_dist=6.73
  [sigreg+ce] epoch 13/120  sigreg=0.8444  ce=3.2837  min_dist=5.34  mean_dist=6.85
  [sigreg+ce] epoch 14/120  sigreg=0.8985  ce=3.0413  min_dist=5.43  mean_dist=6.98
  [sigreg+ce] epoch 15/120  sigreg=0.9395  ce=2.9399  min_dist=5.53  mean_dist=7.10
  [sigreg+ce] epoch 16/120  sigreg=0.9299  ce=2.7588  min_dist=5.62  mean_dist=7.21
  [sigreg+ce] epoch 17/120  sigreg=0.9466  ce=2.6356  min_dist=5.70  mean_dist=7.33
  [sigreg+ce] epoch 18/120  sigreg=0.9754  ce=2.5612  min_dist=5.79  mean_dist=7.44
  [sigreg+ce] epoch 19/120  sigreg=0.9614  ce=2.4721  min_dist=5.88  mean_dist=7.56
  [sigreg+ce] epoch 20/120  sigreg=1.0003  ce=2.2818  min_dist=5.96  mean_dist=7.66
  [sigreg+ce] epoch 21/120  sigreg=0.9815  ce=2.2764  min_dist=6.05  mean_dist=7.77
  [sigreg+ce] epoch 22/120  sigreg=1.0406  ce=2.0785  min_dist=6.13  mean_dist=7.88
  [sigreg+ce] epoch 23/120  sigreg=1.0263  ce=2.0419  min_dist=6.21  mean_dist=7.98
  [sigreg+ce] epoch 24/120  sigreg=1.0417  ce=1.8389  min_dist=6.29  mean_dist=8.08
  [sigreg+ce] epoch 25/120  sigreg=1.0570  ce=1.7436  min_dist=6.36  mean_dist=8.18
  [sigreg+ce] epoch 26/120  sigreg=1.0159  ce=1.8381  min_dist=6.43  mean_dist=8.28
  [sigreg+ce] epoch 27/120  sigreg=1.0489  ce=1.6888  min_dist=6.50  mean_dist=8.38
  [sigreg+ce] epoch 28/120  sigreg=1.0409  ce=1.5668  min_dist=6.57  mean_dist=8.48
  [sigreg+ce] epoch 29/120  sigreg=1.0355  ce=1.5379  min_dist=6.64  mean_dist=8.57
  [sigreg+ce] epoch 30/120  sigreg=1.0576  ce=1.4532  min_dist=6.71  mean_dist=8.66
  [sigreg+ce] epoch 31/120  sigreg=1.0757  ce=1.3641  min_dist=6.78  mean_dist=8.75
  [sigreg+ce] epoch 32/120  sigreg=1.0677  ce=1.3180  min_dist=6.84  mean_dist=8.84
  [sigreg+ce] epoch 33/120  sigreg=1.0755  ce=1.3144  min_dist=6.91  mean_dist=8.93
  [sigreg+ce] epoch 34/120  sigreg=1.0612  ce=1.2114  min_dist=6.97  mean_dist=9.02
  [sigreg+ce] epoch 35/120  sigreg=1.0545  ce=1.1788  min_dist=7.04  mean_dist=9.10
  [sigreg+ce] epoch 36/120  sigreg=1.0463  ce=1.0623  min_dist=7.10  mean_dist=9.19
  [sigreg+ce] epoch 37/120  sigreg=1.0571  ce=1.0574  min_dist=7.16  mean_dist=9.27
  [sigreg+ce] epoch 38/120  sigreg=1.0555  ce=1.0029  min_dist=7.22  mean_dist=9.36
  [sigreg+ce] epoch 39/120  sigreg=1.0433  ce=0.9456  min_dist=7.28  mean_dist=9.44
  [sigreg+ce] epoch 40/120  sigreg=1.0514  ce=0.9426  min_dist=7.34  mean_dist=9.52
  [sigreg+ce] epoch 41/120  sigreg=1.0551  ce=0.8692  min_dist=7.40  mean_dist=9.60
  [sigreg+ce] epoch 42/120  sigreg=1.0574  ce=0.9239  min_dist=7.46  mean_dist=9.67
  [sigreg+ce] epoch 43/120  sigreg=1.0493  ce=0.8735  min_dist=7.51  mean_dist=9.75
  [sigreg+ce] epoch 44/120  sigreg=1.0528  ce=0.7870  min_dist=7.57  mean_dist=9.83
  [sigreg+ce] epoch 45/120  sigreg=1.0314  ce=0.7695  min_dist=7.62  mean_dist=9.90
  [sigreg+ce] epoch 46/120  sigreg=1.0408  ce=0.7083  min_dist=7.68  mean_dist=9.98
  [sigreg+ce] epoch 47/120  sigreg=1.0554  ce=0.7253  min_dist=7.73  mean_dist=10.05
  [sigreg+ce] epoch 48/120  sigreg=1.0219  ce=0.7028  min_dist=7.79  mean_dist=10.12
  [sigreg+ce] epoch 49/120  sigreg=1.0341  ce=0.6626  min_dist=7.84  mean_dist=10.19
  [sigreg+ce] epoch 50/120  sigreg=1.0281  ce=0.6373  min_dist=7.90  mean_dist=10.27
  [sigreg+ce] epoch 51/120  sigreg=1.0215  ce=0.6143  min_dist=7.94  mean_dist=10.34
  [sigreg+ce] epoch 52/120  sigreg=1.0290  ce=0.5765  min_dist=7.99  mean_dist=10.40
  [sigreg+ce] epoch 53/120  sigreg=1.0157  ce=0.5786  min_dist=8.04  mean_dist=10.47
  [sigreg+ce] epoch 54/120  sigreg=1.0301  ce=0.5728  min_dist=8.10  mean_dist=10.54
  [sigreg+ce] epoch 55/120  sigreg=1.0176  ce=0.5588  min_dist=8.15  mean_dist=10.61
  [sigreg+ce] epoch 56/120  sigreg=1.0205  ce=0.5189  min_dist=8.20  mean_dist=10.67
  [sigreg+ce] epoch 57/120  sigreg=1.0162  ce=0.4956  min_dist=8.24  mean_dist=10.74
  [sigreg+ce] epoch 58/120  sigreg=0.9790  ce=0.4795  min_dist=8.29  mean_dist=10.80
  [sigreg+ce] epoch 59/120  sigreg=0.9879  ce=0.4517  min_dist=8.34  mean_dist=10.87
  [sigreg+ce] epoch 60/120  sigreg=1.0013  ce=0.4503  min_dist=8.39  mean_dist=10.93
  [sigreg+ce] epoch 61/120  sigreg=0.9865  ce=0.4214  min_dist=8.43  mean_dist=10.99
  [sigreg+ce] epoch 62/120  sigreg=0.9940  ce=0.4186  min_dist=8.48  mean_dist=11.06
  [sigreg+ce] epoch 63/120  sigreg=0.9782  ce=0.4229  min_dist=8.53  mean_dist=11.12
  [sigreg+ce] epoch 64/120  sigreg=1.0009  ce=0.4038  min_dist=8.57  mean_dist=11.18
  [sigreg+ce] epoch 65/120  sigreg=0.9759  ce=0.3636  min_dist=8.62  mean_dist=11.24
  [sigreg+ce] epoch 66/120  sigreg=0.9890  ce=0.3511  min_dist=8.66  mean_dist=11.30
  [sigreg+ce] epoch 67/120  sigreg=0.9773  ce=0.3597  min_dist=8.71  mean_dist=11.35
  [sigreg+ce] epoch 68/120  sigreg=0.9646  ce=0.3400  min_dist=8.75  mean_dist=11.41
  [sigreg+ce] epoch 69/120  sigreg=0.9685  ce=0.3370  min_dist=8.80  mean_dist=11.47
  [sigreg+ce] epoch 70/120  sigreg=0.9607  ce=0.3218  min_dist=8.84  mean_dist=11.53
  [sigreg+ce] epoch 71/120  sigreg=0.9571  ce=0.3064  min_dist=8.88  mean_dist=11.58
  [sigreg+ce] epoch 72/120  sigreg=0.9309  ce=0.3172  min_dist=8.92  mean_dist=11.64
  [sigreg+ce] epoch 73/120  sigreg=0.9688  ce=0.3078  min_dist=8.96  mean_dist=11.69
  [sigreg+ce] epoch 74/120  sigreg=0.9531  ce=0.3006  min_dist=9.00  mean_dist=11.75
  [sigreg+ce] epoch 75/120  sigreg=0.9464  ce=0.2846  min_dist=9.04  mean_dist=11.80
  [sigreg+ce] epoch 76/120  sigreg=0.9489  ce=0.2807  min_dist=9.08  mean_dist=11.86
  [sigreg+ce] epoch 77/120  sigreg=0.9273  ce=0.2619  min_dist=9.12  mean_dist=11.91
  [sigreg+ce] epoch 78/120  sigreg=0.9323  ce=0.2639  min_dist=9.16  mean_dist=11.96
  [sigreg+ce] epoch 79/120  sigreg=0.9336  ce=0.2755  min_dist=9.20  mean_dist=12.01
  [sigreg+ce] epoch 80/120  sigreg=0.9178  ce=0.2429  min_dist=9.24  mean_dist=12.07
  [sigreg+ce] epoch 81/120  sigreg=0.9154  ce=0.2451  min_dist=9.28  mean_dist=12.12
  [sigreg+ce] epoch 82/120  sigreg=0.9335  ce=0.2317  min_dist=9.32  mean_dist=12.17
  [sigreg+ce] epoch 83/120  sigreg=0.9324  ce=0.2354  min_dist=9.36  mean_dist=12.22
  [sigreg+ce] epoch 84/120  sigreg=0.9108  ce=0.2261  min_dist=9.40  mean_dist=12.27
  [sigreg+ce] epoch 85/120  sigreg=0.9067  ce=0.2117  min_dist=9.44  mean_dist=12.32
  [sigreg+ce] epoch 86/120  sigreg=0.9006  ce=0.2159  min_dist=9.47  mean_dist=12.36
  [sigreg+ce] epoch 87/120  sigreg=0.8816  ce=0.2071  min_dist=9.51  mean_dist=12.41
  [sigreg+ce] epoch 88/120  sigreg=0.8919  ce=0.2103  min_dist=9.55  mean_dist=12.46
  [sigreg+ce] epoch 89/120  sigreg=0.9079  ce=0.2044  min_dist=9.59  mean_dist=12.51
  [sigreg+ce] epoch 90/120  sigreg=0.8877  ce=0.1927  min_dist=9.62  mean_dist=12.55
  [sigreg+ce] epoch 91/120  sigreg=0.8838  ce=0.1911  min_dist=9.66  mean_dist=12.60
  [sigreg+ce] epoch 92/120  sigreg=0.8979  ce=0.1891  min_dist=9.70  mean_dist=12.65
  [sigreg+ce] epoch 93/120  sigreg=0.8748  ce=0.2014  min_dist=9.73  mean_dist=12.69
  [sigreg+ce] epoch 94/120  sigreg=0.8826  ce=0.1786  min_dist=9.77  mean_dist=12.74
  [sigreg+ce] epoch 95/120  sigreg=0.8523  ce=0.1703  min_dist=9.80  mean_dist=12.78
  [sigreg+ce] epoch 96/120  sigreg=0.8570  ce=0.1746  min_dist=9.84  mean_dist=12.83
  [sigreg+ce] epoch 97/120  sigreg=0.8501  ce=0.1692  min_dist=9.87  mean_dist=12.87
  [sigreg+ce] epoch 98/120  sigreg=0.8672  ce=0.1651  min_dist=9.91  mean_dist=12.91
  [sigreg+ce] epoch 99/120  sigreg=0.8559  ce=0.1631  min_dist=9.94  mean_dist=12.96
  [sigreg+ce] epoch 100/120  sigreg=0.8283  ce=0.1517  min_dist=9.98  mean_dist=13.00
  [sigreg+ce] epoch 101/120  sigreg=0.8622  ce=0.1580  min_dist=10.01  mean_dist=13.04
  [sigreg+ce] epoch 102/120  sigreg=0.8371  ce=0.1531  min_dist=10.04  mean_dist=13.08
  [sigreg+ce] epoch 103/120  sigreg=0.8533  ce=0.1532  min_dist=10.08  mean_dist=13.13
  [sigreg+ce] epoch 104/120  sigreg=0.8537  ce=0.1537  min_dist=10.11  mean_dist=13.17
  [sigreg+ce] epoch 105/120  sigreg=0.8206  ce=0.1468  min_dist=10.13  mean_dist=13.21
  [sigreg+ce] epoch 106/120  sigreg=0.8420  ce=0.1544  min_dist=10.17  mean_dist=13.25
  [sigreg+ce] epoch 107/120  sigreg=0.8357  ce=0.1462  min_dist=10.19  mean_dist=13.29
  [sigreg+ce] epoch 108/120  sigreg=0.8227  ce=0.1405  min_dist=10.22  mean_dist=13.33
  [sigreg+ce] epoch 109/120  sigreg=0.8315  ce=0.1436  min_dist=10.25  mean_dist=13.37
  [sigreg+ce] epoch 110/120  sigreg=0.8201  ce=0.1370  min_dist=10.28  mean_dist=13.41
  [sigreg+ce] epoch 111/120  sigreg=0.8260  ce=0.1313  min_dist=10.31  mean_dist=13.44
  [sigreg+ce] epoch 112/120  sigreg=0.8233  ce=0.1372  min_dist=10.34  mean_dist=13.48
  [sigreg+ce] epoch 113/120  sigreg=0.8324  ce=0.1357  min_dist=10.37  mean_dist=13.52
  [sigreg+ce] epoch 114/120  sigreg=0.7976  ce=0.1235  min_dist=10.40  mean_dist=13.56
  [sigreg+ce] epoch 115/120  sigreg=0.8059  ce=0.1306  min_dist=10.43  mean_dist=13.60
  [sigreg+ce] epoch 116/120  sigreg=0.8128  ce=0.1243  min_dist=10.46  mean_dist=13.63
  [sigreg+ce] epoch 117/120  sigreg=0.8179  ce=0.1287  min_dist=10.49  mean_dist=13.67
  [sigreg+ce] epoch 118/120  sigreg=0.7947  ce=0.1191  min_dist=10.52  mean_dist=13.71
  [sigreg+ce] epoch 119/120  sigreg=0.7908  ce=0.1173  min_dist=10.55  mean_dist=13.74
  [sigreg+ce] epoch 120/120  sigreg=0.7986  ce=0.1190  min_dist=10.57  mean_dist=13.78
  [cars/dino] raw probe (768d)             70.0
  [cars/dino] sup-proto                    53.4
  [cars/dino] sup-proto (posterior)        42.0
  [cars/dino] sup-proto+hybrid (concat)    54.2
  [cars/dino] sup-ce                       59.3
  [cars/dino] sup-ce+hybrid (concat)       59.6

######## cars on LeJEPA ViT-B/16 (community repro) ########
  [simclr+sigreg] epoch 1/120  nt-xent=5.5954  sigreg=0.7091
  [simclr+sigreg] epoch 2/120  nt-xent=5.4634  sigreg=0.2432
  [simclr+sigreg] epoch 3/120  nt-xent=5.4309  sigreg=0.1376
  [simclr+sigreg] epoch 4/120  nt-xent=5.3880  sigreg=0.1249
  [simclr+sigreg] epoch 5/120  nt-xent=5.3629  sigreg=0.1053
  [simclr+sigreg] epoch 6/120  nt-xent=5.3426  sigreg=0.0872
  [simclr+sigreg] epoch 7/120  nt-xent=5.3434  sigreg=0.1003
  [simclr+sigreg] epoch 8/120  nt-xent=5.3353  sigreg=0.0924
  [simclr+sigreg] epoch 9/120  nt-xent=5.3267  sigreg=0.0909
  [simclr+sigreg] epoch 10/120  nt-xent=5.3163  sigreg=0.0865
  [simclr+sigreg] epoch 11/120  nt-xent=5.3132  sigreg=0.0922
  [simclr+sigreg] epoch 12/120  nt-xent=5.3033  sigreg=0.0867
  [simclr+sigreg] epoch 13/120  nt-xent=5.2925  sigreg=0.0832
  [simclr+sigreg] epoch 14/120  nt-xent=5.2823  sigreg=0.0731
  [simclr+sigreg] epoch 15/120  nt-xent=5.2780  sigreg=0.0791
  [simclr+sigreg] epoch 16/120  nt-xent=5.2724  sigreg=0.0727
  [simclr+sigreg] epoch 17/120  nt-xent=5.2687  sigreg=0.0730
  [simclr+sigreg] epoch 18/120  nt-xent=5.2633  sigreg=0.0734
  [simclr+sigreg] epoch 19/120  nt-xent=5.2596  sigreg=0.0683
  [simclr+sigreg] epoch 20/120  nt-xent=5.2560  sigreg=0.0734
  [simclr+sigreg] epoch 21/120  nt-xent=5.2528  sigreg=0.0687
  [simclr+sigreg] epoch 22/120  nt-xent=5.2485  sigreg=0.0668
  [simclr+sigreg] epoch 23/120  nt-xent=5.2508  sigreg=0.0644
  [simclr+sigreg] epoch 24/120  nt-xent=5.2411  sigreg=0.0630
  [simclr+sigreg] epoch 25/120  nt-xent=5.2434  sigreg=0.0642
  [simclr+sigreg] epoch 26/120  nt-xent=5.2393  sigreg=0.0611
  [simclr+sigreg] epoch 27/120  nt-xent=5.2380  sigreg=0.0642
  [simclr+sigreg] epoch 28/120  nt-xent=5.2337  sigreg=0.0596
  [simclr+sigreg] epoch 29/120  nt-xent=5.2329  sigreg=0.0605
  [simclr+sigreg] epoch 30/120  nt-xent=5.2281  sigreg=0.0607
  [simclr+sigreg] epoch 31/120  nt-xent=5.2298  sigreg=0.0601
  [simclr+sigreg] epoch 32/120  nt-xent=5.2212  sigreg=0.0558
  [simclr+sigreg] epoch 33/120  nt-xent=5.2203  sigreg=0.0571
  [simclr+sigreg] epoch 34/120  nt-xent=5.2219  sigreg=0.0564
  [simclr+sigreg] epoch 35/120  nt-xent=5.2192  sigreg=0.0559
  [simclr+sigreg] epoch 36/120  nt-xent=5.2145  sigreg=0.0542
  [simclr+sigreg] epoch 37/120  nt-xent=5.2138  sigreg=0.0531
  [simclr+sigreg] epoch 38/120  nt-xent=5.2136  sigreg=0.0514
  [simclr+sigreg] epoch 39/120  nt-xent=5.2122  sigreg=0.0511
  [simclr+sigreg] epoch 40/120  nt-xent=5.2156  sigreg=0.0576
  [simclr+sigreg] epoch 41/120  nt-xent=5.2108  sigreg=0.0539
  [simclr+sigreg] epoch 42/120  nt-xent=5.2106  sigreg=0.0521
  [simclr+sigreg] epoch 43/120  nt-xent=5.2095  sigreg=0.0534
  [simclr+sigreg] epoch 44/120  nt-xent=5.2090  sigreg=0.0515
  [simclr+sigreg] epoch 45/120  nt-xent=5.2056  sigreg=0.0501
  [simclr+sigreg] epoch 46/120  nt-xent=5.2082  sigreg=0.0545
  [simclr+sigreg] epoch 47/120  nt-xent=5.2053  sigreg=0.0518
  [simclr+sigreg] epoch 48/120  nt-xent=5.2039  sigreg=0.0523
  [simclr+sigreg] epoch 49/120  nt-xent=5.2054  sigreg=0.0532
  [simclr+sigreg] epoch 50/120  nt-xent=5.2017  sigreg=0.0508
  [simclr+sigreg] epoch 51/120  nt-xent=5.2009  sigreg=0.0473
  [simclr+sigreg] epoch 52/120  nt-xent=5.1973  sigreg=0.0466
  [simclr+sigreg] epoch 53/120  nt-xent=5.1974  sigreg=0.0467
  [simclr+sigreg] epoch 54/120  nt-xent=5.1955  sigreg=0.0491
  [simclr+sigreg] epoch 55/120  nt-xent=5.1943  sigreg=0.0504
  [simclr+sigreg] epoch 56/120  nt-xent=5.1923  sigreg=0.0463
  [simclr+sigreg] epoch 57/120  nt-xent=5.1902  sigreg=0.0477
  [simclr+sigreg] epoch 58/120  nt-xent=5.1860  sigreg=0.0445
  [simclr+sigreg] epoch 59/120  nt-xent=5.1871  sigreg=0.0489
  [simclr+sigreg] epoch 60/120  nt-xent=5.1898  sigreg=0.0456
  [simclr+sigreg] epoch 61/120  nt-xent=5.1898  sigreg=0.0459
  [simclr+sigreg] epoch 62/120  nt-xent=5.1857  sigreg=0.0467
  [simclr+sigreg] epoch 63/120  nt-xent=5.1833  sigreg=0.0440
  [simclr+sigreg] epoch 64/120  nt-xent=5.1816  sigreg=0.0413
  [simclr+sigreg] epoch 65/120  nt-xent=5.1826  sigreg=0.0437
  [simclr+sigreg] epoch 66/120  nt-xent=5.1804  sigreg=0.0444
  [simclr+sigreg] epoch 67/120  nt-xent=5.1803  sigreg=0.0423
  [simclr+sigreg] epoch 68/120  nt-xent=5.1779  sigreg=0.0414
  [simclr+sigreg] epoch 69/120  nt-xent=5.1744  sigreg=0.0415
  [simclr+sigreg] epoch 70/120  nt-xent=5.1752  sigreg=0.0438
  [simclr+sigreg] epoch 71/120  nt-xent=5.1733  sigreg=0.0397
  [simclr+sigreg] epoch 72/120  nt-xent=5.1715  sigreg=0.0424
  [simclr+sigreg] epoch 73/120  nt-xent=5.1708  sigreg=0.0426
  [simclr+sigreg] epoch 74/120  nt-xent=5.1700  sigreg=0.0416
  [simclr+sigreg] epoch 75/120  nt-xent=5.1710  sigreg=0.0414
  [simclr+sigreg] epoch 76/120  nt-xent=5.1679  sigreg=0.0377
  [simclr+sigreg] epoch 77/120  nt-xent=5.1680  sigreg=0.0398
  [simclr+sigreg] epoch 78/120  nt-xent=5.1657  sigreg=0.0396
  [simclr+sigreg] epoch 79/120  nt-xent=5.1666  sigreg=0.0424
  [simclr+sigreg] epoch 80/120  nt-xent=5.1652  sigreg=0.0383
  [simclr+sigreg] epoch 81/120  nt-xent=5.1616  sigreg=0.0393
  [simclr+sigreg] epoch 82/120  nt-xent=5.1609  sigreg=0.0364
  [simclr+sigreg] epoch 83/120  nt-xent=5.1602  sigreg=0.0389
  [simclr+sigreg] epoch 84/120  nt-xent=5.1592  sigreg=0.0372
  [simclr+sigreg] epoch 85/120  nt-xent=5.1602  sigreg=0.0397
  [simclr+sigreg] epoch 86/120  nt-xent=5.1609  sigreg=0.0371
  [simclr+sigreg] epoch 87/120  nt-xent=5.1564  sigreg=0.0346
  [simclr+sigreg] epoch 88/120  nt-xent=5.1570  sigreg=0.0365
  [simclr+sigreg] epoch 89/120  nt-xent=5.1541  sigreg=0.0376
  [simclr+sigreg] epoch 90/120  nt-xent=5.1537  sigreg=0.0365
  [simclr+sigreg] epoch 91/120  nt-xent=5.1530  sigreg=0.0350
  [simclr+sigreg] epoch 92/120  nt-xent=5.1524  sigreg=0.0353
  [simclr+sigreg] epoch 93/120  nt-xent=5.1534  sigreg=0.0361
  [simclr+sigreg] epoch 94/120  nt-xent=5.1497  sigreg=0.0353
  [simclr+sigreg] epoch 95/120  nt-xent=5.1512  sigreg=0.0360
  [simclr+sigreg] epoch 96/120  nt-xent=5.1498  sigreg=0.0348
  [simclr+sigreg] epoch 97/120  nt-xent=5.1487  sigreg=0.0347
  [simclr+sigreg] epoch 98/120  nt-xent=5.1475  sigreg=0.0342
  [simclr+sigreg] epoch 99/120  nt-xent=5.1523  sigreg=0.0366
  [simclr+sigreg] epoch 100/120  nt-xent=5.1495  sigreg=0.0376
  [simclr+sigreg] epoch 101/120  nt-xent=5.1512  sigreg=0.0358
  [simclr+sigreg] epoch 102/120  nt-xent=5.1477  sigreg=0.0360
  [simclr+sigreg] epoch 103/120  nt-xent=5.1463  sigreg=0.0351
  [simclr+sigreg] epoch 104/120  nt-xent=5.1463  sigreg=0.0331
  [simclr+sigreg] epoch 105/120  nt-xent=5.1425  sigreg=0.0328
  [simclr+sigreg] epoch 106/120  nt-xent=5.1428  sigreg=0.0322
  [simclr+sigreg] epoch 107/120  nt-xent=5.1422  sigreg=0.0323
  [simclr+sigreg] epoch 108/120  nt-xent=5.1424  sigreg=0.0350
  [simclr+sigreg] epoch 109/120  nt-xent=5.1418  sigreg=0.0318
  [simclr+sigreg] epoch 110/120  nt-xent=5.1393  sigreg=0.0327
  [simclr+sigreg] epoch 111/120  nt-xent=5.1395  sigreg=0.0307
  [simclr+sigreg] epoch 112/120  nt-xent=5.1389  sigreg=0.0316
  [simclr+sigreg] epoch 113/120  nt-xent=5.1391  sigreg=0.0316
  [simclr+sigreg] epoch 114/120  nt-xent=5.1368  sigreg=0.0323
  [simclr+sigreg] epoch 115/120  nt-xent=5.1369  sigreg=0.0304
  [simclr+sigreg] epoch 116/120  nt-xent=5.1363  sigreg=0.0310
  [simclr+sigreg] epoch 117/120  nt-xent=5.1345  sigreg=0.0301
  [simclr+sigreg] epoch 118/120  nt-xent=5.1339  sigreg=0.0280
  [simclr+sigreg] epoch 119/120  nt-xent=5.1334  sigreg=0.0300
  [simclr+sigreg] epoch 120/120  nt-xent=5.1324  sigreg=0.0310
--- [cars/lejepa] sup-SIGReg (proto) ---
  seed anchors (random-direction): min pairwise distance=3.89 sigma
  balanced loader: 8144 samples, 14 batches of 24x24
  [sigreg+proto] epoch 1/120  sigreg=1.0115  proto=5.3779  min_dist=4.01  mean_dist=5.13
  [sigreg+proto] epoch 2/120  sigreg=1.0030  proto=5.2501  min_dist=4.13  mean_dist=5.27
  [sigreg+proto] epoch 3/120  sigreg=0.9781  proto=5.1860  min_dist=4.24  mean_dist=5.40
  [sigreg+proto] epoch 4/120  sigreg=0.9489  proto=5.1325  min_dist=4.36  mean_dist=5.53
  [sigreg+proto] epoch 5/120  sigreg=0.9328  proto=5.0439  min_dist=4.45  mean_dist=5.66
  [sigreg+proto] epoch 6/120  sigreg=0.9036  proto=4.9377  min_dist=4.56  mean_dist=5.78
  [sigreg+proto] epoch 7/120  sigreg=0.8987  proto=4.8691  min_dist=4.66  mean_dist=5.89
  [sigreg+proto] epoch 8/120  sigreg=0.8889  proto=4.9102  min_dist=4.75  mean_dist=6.01
  [sigreg+proto] epoch 9/120  sigreg=0.8774  proto=4.5886  min_dist=4.83  mean_dist=6.12
  [sigreg+proto] epoch 10/120  sigreg=0.8589  proto=4.5743  min_dist=4.90  mean_dist=6.22
  [sigreg+proto] epoch 11/120  sigreg=0.8622  proto=4.4979  min_dist=4.98  mean_dist=6.32
  [sigreg+proto] epoch 12/120  sigreg=0.8493  proto=4.5781  min_dist=5.05  mean_dist=6.42
  [sigreg+proto] epoch 13/120  sigreg=0.8422  proto=4.3682  min_dist=5.14  mean_dist=6.52
  [sigreg+proto] epoch 14/120  sigreg=0.8455  proto=4.2868  min_dist=5.22  mean_dist=6.61
  [sigreg+proto] epoch 15/120  sigreg=0.8511  proto=4.3628  min_dist=5.29  mean_dist=6.70
  [sigreg+proto] epoch 16/120  sigreg=0.8465  proto=4.1585  min_dist=5.37  mean_dist=6.79
  [sigreg+proto] epoch 17/120  sigreg=0.8420  proto=4.1852  min_dist=5.44  mean_dist=6.88
  [sigreg+proto] epoch 18/120  sigreg=0.8367  proto=4.1224  min_dist=5.52  mean_dist=6.96
  [sigreg+proto] epoch 19/120  sigreg=0.8429  proto=4.0205  min_dist=5.60  mean_dist=7.04
  [sigreg+proto] epoch 20/120  sigreg=0.8335  proto=4.1080  min_dist=5.67  mean_dist=7.12
  [sigreg+proto] epoch 21/120  sigreg=0.8324  proto=3.9748  min_dist=5.75  mean_dist=7.20
  [sigreg+proto] epoch 22/120  sigreg=0.8232  proto=3.8326  min_dist=5.79  mean_dist=7.28
  [sigreg+proto] epoch 23/120  sigreg=0.8353  proto=3.7403  min_dist=5.85  mean_dist=7.35
  [sigreg+proto] epoch 24/120  sigreg=0.8386  proto=3.7451  min_dist=5.93  mean_dist=7.42
  [sigreg+proto] epoch 25/120  sigreg=0.8401  proto=3.6990  min_dist=5.99  mean_dist=7.50
  [sigreg+proto] epoch 26/120  sigreg=0.8233  proto=3.6568  min_dist=6.06  mean_dist=7.56
  [sigreg+proto] epoch 27/120  sigreg=0.8245  proto=3.5925  min_dist=6.13  mean_dist=7.63
  [sigreg+proto] epoch 28/120  sigreg=0.8343  proto=3.5039  min_dist=6.18  mean_dist=7.70
  [sigreg+proto] epoch 29/120  sigreg=0.8421  proto=3.5713  min_dist=6.23  mean_dist=7.77
  [sigreg+proto] epoch 30/120  sigreg=0.8272  proto=3.3519  min_dist=6.28  mean_dist=7.83
  [sigreg+proto] epoch 31/120  sigreg=0.8311  proto=3.2559  min_dist=6.30  mean_dist=7.89
  [sigreg+proto] epoch 32/120  sigreg=0.8228  proto=3.4199  min_dist=6.36  mean_dist=7.96
  [sigreg+proto] epoch 33/120  sigreg=0.8249  proto=3.2101  min_dist=6.42  mean_dist=8.02
  [sigreg+proto] epoch 34/120  sigreg=0.8269  proto=3.1330  min_dist=6.47  mean_dist=8.08
  [sigreg+proto] epoch 35/120  sigreg=0.8161  proto=3.1236  min_dist=6.51  mean_dist=8.14
  [sigreg+proto] epoch 36/120  sigreg=0.8299  proto=3.1408  min_dist=6.54  mean_dist=8.19
  [sigreg+proto] epoch 37/120  sigreg=0.8286  proto=3.0179  min_dist=6.59  mean_dist=8.25
  [sigreg+proto] epoch 38/120  sigreg=0.8246  proto=3.0924  min_dist=6.63  mean_dist=8.31
  [sigreg+proto] epoch 39/120  sigreg=0.8171  proto=2.8910  min_dist=6.69  mean_dist=8.36
  [sigreg+proto] epoch 40/120  sigreg=0.8256  proto=2.8940  min_dist=6.73  mean_dist=8.42
  [sigreg+proto] epoch 41/120  sigreg=0.8238  proto=3.0087  min_dist=6.75  mean_dist=8.47
  [sigreg+proto] epoch 42/120  sigreg=0.8260  proto=2.8146  min_dist=6.78  mean_dist=8.52
  [sigreg+proto] epoch 43/120  sigreg=0.8194  proto=2.7646  min_dist=6.81  mean_dist=8.58
  [sigreg+proto] epoch 44/120  sigreg=0.8175  proto=2.7090  min_dist=6.85  mean_dist=8.63
  [sigreg+proto] epoch 45/120  sigreg=0.8197  proto=2.6984  min_dist=6.89  mean_dist=8.68
  [sigreg+proto] epoch 46/120  sigreg=0.8129  proto=2.6205  min_dist=6.93  mean_dist=8.73
  [sigreg+proto] epoch 47/120  sigreg=0.8155  proto=2.5614  min_dist=6.95  mean_dist=8.78
  [sigreg+proto] epoch 48/120  sigreg=0.8172  proto=2.4893  min_dist=7.00  mean_dist=8.83
  [sigreg+proto] epoch 49/120  sigreg=0.8286  proto=2.5060  min_dist=7.05  mean_dist=8.88
  [sigreg+proto] epoch 50/120  sigreg=0.8139  proto=2.3592  min_dist=7.09  mean_dist=8.92
  [sigreg+proto] epoch 51/120  sigreg=0.8179  proto=2.4703  min_dist=7.14  mean_dist=8.97
  [sigreg+proto] epoch 52/120  sigreg=0.8235  proto=2.4538  min_dist=7.16  mean_dist=9.02
  [sigreg+proto] epoch 53/120  sigreg=0.8164  proto=2.2577  min_dist=7.20  mean_dist=9.06
  [sigreg+proto] epoch 54/120  sigreg=0.8055  proto=2.2364  min_dist=7.24  mean_dist=9.11
  [sigreg+proto] epoch 55/120  sigreg=0.8089  proto=2.2634  min_dist=7.25  mean_dist=9.15
  [sigreg+proto] epoch 56/120  sigreg=0.8076  proto=2.1081  min_dist=7.28  mean_dist=9.20
  [sigreg+proto] epoch 57/120  sigreg=0.8023  proto=2.1249  min_dist=7.30  mean_dist=9.24
  [sigreg+proto] epoch 58/120  sigreg=0.8100  proto=2.2150  min_dist=7.35  mean_dist=9.28
  [sigreg+proto] epoch 59/120  sigreg=0.8117  proto=2.0003  min_dist=7.39  mean_dist=9.33
  [sigreg+proto] epoch 60/120  sigreg=0.8124  proto=2.0567  min_dist=7.44  mean_dist=9.37
  [sigreg+proto] epoch 61/120  sigreg=0.8066  proto=2.0559  min_dist=7.47  mean_dist=9.41
  [sigreg+proto] epoch 62/120  sigreg=0.8060  proto=1.8740  min_dist=7.49  mean_dist=9.45
  [sigreg+proto] epoch 63/120  sigreg=0.7957  proto=1.9129  min_dist=7.52  mean_dist=9.49
  [sigreg+proto] epoch 64/120  sigreg=0.8123  proto=1.9640  min_dist=7.56  mean_dist=9.53
  [sigreg+proto] epoch 65/120  sigreg=0.8060  proto=1.8577  min_dist=7.59  mean_dist=9.58
  [sigreg+proto] epoch 66/120  sigreg=0.7884  proto=1.7910  min_dist=7.63  mean_dist=9.62
  [sigreg+proto] epoch 67/120  sigreg=0.7891  proto=1.7940  min_dist=7.65  mean_dist=9.65
  [sigreg+proto] epoch 68/120  sigreg=0.7989  proto=1.8813  min_dist=7.69  mean_dist=9.69
  [sigreg+proto] epoch 69/120  sigreg=0.8007  proto=1.6433  min_dist=7.73  mean_dist=9.73
  [sigreg+proto] epoch 70/120  sigreg=0.7886  proto=1.6667  min_dist=7.76  mean_dist=9.77
  [sigreg+proto] epoch 71/120  sigreg=0.7935  proto=1.6263  min_dist=7.79  mean_dist=9.81
  [sigreg+proto] epoch 72/120  sigreg=0.7801  proto=1.6330  min_dist=7.83  mean_dist=9.85
  [sigreg+proto] epoch 73/120  sigreg=0.7974  proto=1.5304  min_dist=7.86  mean_dist=9.89
  [sigreg+proto] epoch 74/120  sigreg=0.7848  proto=1.5267  min_dist=7.86  mean_dist=9.92
  [sigreg+proto] epoch 75/120  sigreg=0.7839  proto=1.6433  min_dist=7.87  mean_dist=9.96
  [sigreg+proto] epoch 76/120  sigreg=0.7893  proto=1.5245  min_dist=7.87  mean_dist=10.00
  [sigreg+proto] epoch 77/120  sigreg=0.7890  proto=1.4984  min_dist=7.91  mean_dist=10.03
  [sigreg+proto] epoch 78/120  sigreg=0.7911  proto=1.5367  min_dist=7.94  mean_dist=10.07
  [sigreg+proto] epoch 79/120  sigreg=0.8000  proto=1.5450  min_dist=7.97  mean_dist=10.11
  [sigreg+proto] epoch 80/120  sigreg=0.7876  proto=1.3702  min_dist=8.01  mean_dist=10.14
  [sigreg+proto] epoch 81/120  sigreg=0.7935  proto=1.3517  min_dist=8.04  mean_dist=10.18
  [sigreg+proto] epoch 82/120  sigreg=0.7910  proto=1.4093  min_dist=8.08  mean_dist=10.21
  [sigreg+proto] epoch 83/120  sigreg=0.7890  proto=1.3630  min_dist=8.10  mean_dist=10.24
  [sigreg+proto] epoch 84/120  sigreg=0.7816  proto=1.3493  min_dist=8.12  mean_dist=10.28
  [sigreg+proto] epoch 85/120  sigreg=0.7834  proto=1.2978  min_dist=8.14  mean_dist=10.31
  [sigreg+proto] epoch 86/120  sigreg=0.7812  proto=1.2855  min_dist=8.17  mean_dist=10.35
  [sigreg+proto] epoch 87/120  sigreg=0.7842  proto=1.2831  min_dist=8.16  mean_dist=10.38
  [sigreg+proto] epoch 88/120  sigreg=0.7782  proto=1.1872  min_dist=8.19  mean_dist=10.42
  [sigreg+proto] epoch 89/120  sigreg=0.7793  proto=1.2439  min_dist=8.23  mean_dist=10.45
  [sigreg+proto] epoch 90/120  sigreg=0.7912  proto=1.2057  min_dist=8.27  mean_dist=10.48
  [sigreg+proto] epoch 91/120  sigreg=0.7755  proto=1.1057  min_dist=8.29  mean_dist=10.51
  [sigreg+proto] epoch 92/120  sigreg=0.7706  proto=1.0987  min_dist=8.31  mean_dist=10.55
  [sigreg+proto] epoch 93/120  sigreg=0.7865  proto=1.0838  min_dist=8.34  mean_dist=10.58
  [sigreg+proto] epoch 94/120  sigreg=0.7700  proto=1.0916  min_dist=8.37  mean_dist=10.61
  [sigreg+proto] epoch 95/120  sigreg=0.7635  proto=0.9734  min_dist=8.38  mean_dist=10.64
  [sigreg+proto] epoch 96/120  sigreg=0.7611  proto=1.0254  min_dist=8.40  mean_dist=10.68
  [sigreg+proto] epoch 97/120  sigreg=0.7696  proto=1.0190  min_dist=8.41  mean_dist=10.71
  [sigreg+proto] epoch 98/120  sigreg=0.7788  proto=1.0123  min_dist=8.44  mean_dist=10.74
  [sigreg+proto] epoch 99/120  sigreg=0.7754  proto=0.9846  min_dist=8.46  mean_dist=10.77
  [sigreg+proto] epoch 100/120  sigreg=0.7803  proto=0.9242  min_dist=8.49  mean_dist=10.80
  [sigreg+proto] epoch 101/120  sigreg=0.7779  proto=0.9679  min_dist=8.52  mean_dist=10.83
  [sigreg+proto] epoch 102/120  sigreg=0.7695  proto=0.9347  min_dist=8.53  mean_dist=10.86
  [sigreg+proto] epoch 103/120  sigreg=0.7708  proto=0.8981  min_dist=8.57  mean_dist=10.89
  [sigreg+proto] epoch 104/120  sigreg=0.7716  proto=0.8246  min_dist=8.58  mean_dist=10.92
  [sigreg+proto] epoch 105/120  sigreg=0.7577  proto=0.8256  min_dist=8.62  mean_dist=10.95
  [sigreg+proto] epoch 106/120  sigreg=0.7678  proto=0.7916  min_dist=8.64  mean_dist=10.98
  [sigreg+proto] epoch 107/120  sigreg=0.7571  proto=0.7669  min_dist=8.64  mean_dist=11.01
  [sigreg+proto] epoch 108/120  sigreg=0.7659  proto=0.7667  min_dist=8.65  mean_dist=11.04
  [sigreg+proto] epoch 109/120  sigreg=0.7416  proto=0.7135  min_dist=8.68  mean_dist=11.07
  [sigreg+proto] epoch 110/120  sigreg=0.7685  proto=0.8715  min_dist=8.71  mean_dist=11.10
  [sigreg+proto] epoch 111/120  sigreg=0.7656  proto=0.7606  min_dist=8.73  mean_dist=11.13
  [sigreg+proto] epoch 112/120  sigreg=0.7669  proto=0.6856  min_dist=8.75  mean_dist=11.16
  [sigreg+proto] epoch 113/120  sigreg=0.7558  proto=0.6971  min_dist=8.79  mean_dist=11.19
  [sigreg+proto] epoch 114/120  sigreg=0.7576  proto=0.6512  min_dist=8.82  mean_dist=11.22
  [sigreg+proto] epoch 115/120  sigreg=0.7537  proto=0.6377  min_dist=8.84  mean_dist=11.25
  [sigreg+proto] epoch 116/120  sigreg=0.7539  proto=0.5718  min_dist=8.85  mean_dist=11.28
  [sigreg+proto] epoch 117/120  sigreg=0.7571  proto=0.6301  min_dist=8.86  mean_dist=11.30
  [sigreg+proto] epoch 118/120  sigreg=0.7581  proto=0.6243  min_dist=8.88  mean_dist=11.33
  [sigreg+proto] epoch 119/120  sigreg=0.7488  proto=0.6086  min_dist=8.90  mean_dist=11.36
  [sigreg+proto] epoch 120/120  sigreg=0.7530  proto=0.5847  min_dist=8.93  mean_dist=11.39
--- [cars/lejepa] sup-SIGReg (ce) ---
  seed anchors (random-direction): min pairwise distance=3.89 sigma
  balanced loader: 8144 samples, 14 batches of 24x24
  [sigreg+ce] epoch 1/120  sigreg=0.9236  ce=5.2555  min_dist=4.02  mean_dist=5.15
  [sigreg+ce] epoch 2/120  sigreg=0.7136  ce=5.1945  min_dist=4.15  mean_dist=5.31
  [sigreg+ce] epoch 3/120  sigreg=0.6610  ce=5.0990  min_dist=4.28  mean_dist=5.47
  [sigreg+ce] epoch 4/120  sigreg=0.6119  ce=5.0136  min_dist=4.41  mean_dist=5.62
  [sigreg+ce] epoch 5/120  sigreg=0.6207  ce=4.9297  min_dist=4.53  mean_dist=5.77
  [sigreg+ce] epoch 6/120  sigreg=0.6115  ce=4.7954  min_dist=4.65  mean_dist=5.92
  [sigreg+ce] epoch 7/120  sigreg=0.6287  ce=4.7915  min_dist=4.75  mean_dist=6.06
  [sigreg+ce] epoch 8/120  sigreg=0.6253  ce=4.6733  min_dist=4.86  mean_dist=6.20
  [sigreg+ce] epoch 9/120  sigreg=0.6459  ce=4.6109  min_dist=4.95  mean_dist=6.34
  [sigreg+ce] epoch 10/120  sigreg=0.6542  ce=4.5437  min_dist=5.05  mean_dist=6.47
  [sigreg+ce] epoch 11/120  sigreg=0.6821  ce=4.4182  min_dist=5.15  mean_dist=6.60
  [sigreg+ce] epoch 12/120  sigreg=0.6927  ce=4.3274  min_dist=5.25  mean_dist=6.73
  [sigreg+ce] epoch 13/120  sigreg=0.7102  ce=4.2908  min_dist=5.34  mean_dist=6.85
  [sigreg+ce] epoch 14/120  sigreg=0.7220  ce=4.2367  min_dist=5.43  mean_dist=6.98
  [sigreg+ce] epoch 15/120  sigreg=0.7142  ce=4.1956  min_dist=5.53  mean_dist=7.10
  [sigreg+ce] epoch 16/120  sigreg=0.7479  ce=4.0945  min_dist=5.62  mean_dist=7.22
  [sigreg+ce] epoch 17/120  sigreg=0.7617  ce=4.0217  min_dist=5.70  mean_dist=7.33
  [sigreg+ce] epoch 18/120  sigreg=0.7523  ce=4.0238  min_dist=5.79  mean_dist=7.45
  [sigreg+ce] epoch 19/120  sigreg=0.7824  ce=3.9052  min_dist=5.88  mean_dist=7.56
  [sigreg+ce] epoch 20/120  sigreg=0.7995  ce=3.8227  min_dist=5.96  mean_dist=7.67
  [sigreg+ce] epoch 21/120  sigreg=0.7972  ce=3.8118  min_dist=6.05  mean_dist=7.77
  [sigreg+ce] epoch 22/120  sigreg=0.7922  ce=3.7697  min_dist=6.13  mean_dist=7.88
  [sigreg+ce] epoch 23/120  sigreg=0.7983  ce=3.7084  min_dist=6.21  mean_dist=7.98
  [sigreg+ce] epoch 24/120  sigreg=0.8397  ce=3.5660  min_dist=6.28  mean_dist=8.09
  [sigreg+ce] epoch 25/120  sigreg=0.8469  ce=3.5338  min_dist=6.36  mean_dist=8.19
  [sigreg+ce] epoch 26/120  sigreg=0.8310  ce=3.6139  min_dist=6.43  mean_dist=8.29
  [sigreg+ce] epoch 27/120  sigreg=0.8386  ce=3.5193  min_dist=6.50  mean_dist=8.38
  [sigreg+ce] epoch 28/120  sigreg=0.8528  ce=3.4260  min_dist=6.57  mean_dist=8.48
  [sigreg+ce] epoch 29/120  sigreg=0.8728  ce=3.4003  min_dist=6.63  mean_dist=8.57
  [sigreg+ce] epoch 30/120  sigreg=0.8878  ce=3.2818  min_dist=6.70  mean_dist=8.66
  [sigreg+ce] epoch 31/120  sigreg=0.8891  ce=3.2497  min_dist=6.77  mean_dist=8.76
  [sigreg+ce] epoch 32/120  sigreg=0.9050  ce=3.1963  min_dist=6.83  mean_dist=8.85
  [sigreg+ce] epoch 33/120  sigreg=0.9204  ce=3.2078  min_dist=6.90  mean_dist=8.93
  [sigreg+ce] epoch 34/120  sigreg=0.9167  ce=3.0957  min_dist=6.96  mean_dist=9.02
  [sigreg+ce] epoch 35/120  sigreg=0.9317  ce=3.0967  min_dist=7.02  mean_dist=9.11
  [sigreg+ce] epoch 36/120  sigreg=0.9469  ce=3.0079  min_dist=7.08  mean_dist=9.19
  [sigreg+ce] epoch 37/120  sigreg=0.9453  ce=3.0249  min_dist=7.14  mean_dist=9.28
  [sigreg+ce] epoch 38/120  sigreg=0.9372  ce=2.9284  min_dist=7.20  mean_dist=9.36
  [sigreg+ce] epoch 39/120  sigreg=0.9675  ce=2.8141  min_dist=7.26  mean_dist=9.44
  [sigreg+ce] epoch 40/120  sigreg=0.9596  ce=2.8229  min_dist=7.32  mean_dist=9.52
  [sigreg+ce] epoch 41/120  sigreg=0.9887  ce=2.7332  min_dist=7.38  mean_dist=9.60
  [sigreg+ce] epoch 42/120  sigreg=0.9895  ce=2.8147  min_dist=7.44  mean_dist=9.68
  [sigreg+ce] epoch 43/120  sigreg=0.9587  ce=2.8178  min_dist=7.49  mean_dist=9.75
  [sigreg+ce] epoch 44/120  sigreg=0.9983  ce=2.7046  min_dist=7.55  mean_dist=9.83
  [sigreg+ce] epoch 45/120  sigreg=0.9928  ce=2.7048  min_dist=7.61  mean_dist=9.90
  [sigreg+ce] epoch 46/120  sigreg=1.0093  ce=2.6079  min_dist=7.66  mean_dist=9.98
  [sigreg+ce] epoch 47/120  sigreg=1.0270  ce=2.5478  min_dist=7.71  mean_dist=10.05
  [sigreg+ce] epoch 48/120  sigreg=0.9847  ce=2.7269  min_dist=7.77  mean_dist=10.12
  [sigreg+ce] epoch 49/120  sigreg=1.0157  ce=2.5565  min_dist=7.82  mean_dist=10.20
  [sigreg+ce] epoch 50/120  sigreg=1.0333  ce=2.4735  min_dist=7.87  mean_dist=10.27
  [sigreg+ce] epoch 51/120  sigreg=1.0345  ce=2.4327  min_dist=7.92  mean_dist=10.34
  [sigreg+ce] epoch 52/120  sigreg=1.0309  ce=2.4652  min_dist=7.97  mean_dist=10.40
  [sigreg+ce] epoch 53/120  sigreg=1.0207  ce=2.4178  min_dist=8.01  mean_dist=10.47
  [sigreg+ce] epoch 54/120  sigreg=1.0471  ce=2.4119  min_dist=8.06  mean_dist=10.54
  [sigreg+ce] epoch 55/120  sigreg=1.0499  ce=2.3568  min_dist=8.11  mean_dist=10.61
  [sigreg+ce] epoch 56/120  sigreg=1.0649  ce=2.3275  min_dist=8.16  mean_dist=10.67
  [sigreg+ce] epoch 57/120  sigreg=1.0659  ce=2.2864  min_dist=8.21  mean_dist=10.74
  [sigreg+ce] epoch 58/120  sigreg=1.0521  ce=2.2199  min_dist=8.26  mean_dist=10.80
  [sigreg+ce] epoch 59/120  sigreg=1.0780  ce=2.1263  min_dist=8.30  mean_dist=10.86
  [sigreg+ce] epoch 60/120  sigreg=1.0910  ce=2.1881  min_dist=8.35  mean_dist=10.93
  [sigreg+ce] epoch 61/120  sigreg=1.0670  ce=2.1283  min_dist=8.39  mean_dist=10.99
  [sigreg+ce] epoch 62/120  sigreg=1.0918  ce=2.0966  min_dist=8.44  mean_dist=11.05
  [sigreg+ce] epoch 63/120  sigreg=1.0815  ce=2.1603  min_dist=8.49  mean_dist=11.11
  [sigreg+ce] epoch 64/120  sigreg=1.1269  ce=2.0830  min_dist=8.53  mean_dist=11.17
  [sigreg+ce] epoch 65/120  sigreg=1.1022  ce=2.0053  min_dist=8.57  mean_dist=11.23
  [sigreg+ce] epoch 66/120  sigreg=1.1183  ce=1.9539  min_dist=8.62  mean_dist=11.29
  [sigreg+ce] epoch 67/120  sigreg=1.1346  ce=2.0019  min_dist=8.66  mean_dist=11.35
  [sigreg+ce] epoch 68/120  sigreg=1.1301  ce=1.9604  min_dist=8.71  mean_dist=11.40
  [sigreg+ce] epoch 69/120  sigreg=1.1102  ce=1.8887  min_dist=8.75  mean_dist=11.46
  [sigreg+ce] epoch 70/120  sigreg=1.1328  ce=1.9049  min_dist=8.79  mean_dist=11.52
  [sigreg+ce] epoch 71/120  sigreg=1.1353  ce=1.8682  min_dist=8.83  mean_dist=11.57
  [sigreg+ce] epoch 72/120  sigreg=1.0924  ce=1.8567  min_dist=8.87  mean_dist=11.63
  [sigreg+ce] epoch 73/120  sigreg=1.1261  ce=1.8151  min_dist=8.91  mean_dist=11.68
  [sigreg+ce] epoch 74/120  sigreg=1.1361  ce=1.7438  min_dist=8.95  mean_dist=11.73
  [sigreg+ce] epoch 75/120  sigreg=1.1362  ce=1.7898  min_dist=8.99  mean_dist=11.79
  [sigreg+ce] epoch 76/120  sigreg=1.1667  ce=1.7591  min_dist=9.02  mean_dist=11.84
  [sigreg+ce] epoch 77/120  sigreg=1.1398  ce=1.7217  min_dist=9.06  mean_dist=11.89
  [sigreg+ce] epoch 78/120  sigreg=1.1625  ce=1.6857  min_dist=9.10  mean_dist=11.94
  [sigreg+ce] epoch 79/120  sigreg=1.1589  ce=1.7401  min_dist=9.14  mean_dist=11.99
  [sigreg+ce] epoch 80/120  sigreg=1.1592  ce=1.6413  min_dist=9.18  mean_dist=12.04
  [sigreg+ce] epoch 81/120  sigreg=1.1496  ce=1.5764  min_dist=9.21  mean_dist=12.09
  [sigreg+ce] epoch 82/120  sigreg=1.1581  ce=1.6087  min_dist=9.25  mean_dist=12.14
  [sigreg+ce] epoch 83/120  sigreg=1.1780  ce=1.5742  min_dist=9.29  mean_dist=12.19
  [sigreg+ce] epoch 84/120  sigreg=1.1538  ce=1.5610  min_dist=9.33  mean_dist=12.24
  [sigreg+ce] epoch 85/120  sigreg=1.1627  ce=1.4984  min_dist=9.37  mean_dist=12.29
  [sigreg+ce] epoch 86/120  sigreg=1.1781  ce=1.5076  min_dist=9.40  mean_dist=12.34
  [sigreg+ce] epoch 87/120  sigreg=1.1646  ce=1.4623  min_dist=9.44  mean_dist=12.38
  [sigreg+ce] epoch 88/120  sigreg=1.1650  ce=1.4266  min_dist=9.47  mean_dist=12.43
  [sigreg+ce] epoch 89/120  sigreg=1.1761  ce=1.4699  min_dist=9.51  mean_dist=12.48
  [sigreg+ce] epoch 90/120  sigreg=1.2080  ce=1.4010  min_dist=9.55  mean_dist=12.52
  [sigreg+ce] epoch 91/120  sigreg=1.2069  ce=1.4191  min_dist=9.58  mean_dist=12.57
  [sigreg+ce] epoch 92/120  sigreg=1.1985  ce=1.3555  min_dist=9.62  mean_dist=12.61
  [sigreg+ce] epoch 93/120  sigreg=1.1995  ce=1.3383  min_dist=9.65  mean_dist=12.65
  [sigreg+ce] epoch 94/120  sigreg=1.1960  ce=1.3343  min_dist=9.69  mean_dist=12.70
  [sigreg+ce] epoch 95/120  sigreg=1.1838  ce=1.3522  min_dist=9.72  mean_dist=12.74
  [sigreg+ce] epoch 96/120  sigreg=1.1912  ce=1.2475  min_dist=9.76  mean_dist=12.78
  [sigreg+ce] epoch 97/120  sigreg=1.1926  ce=1.2704  min_dist=9.79  mean_dist=12.83
  [sigreg+ce] epoch 98/120  sigreg=1.2141  ce=1.3037  min_dist=9.83  mean_dist=12.87
  [sigreg+ce] epoch 99/120  sigreg=1.1822  ce=1.2355  min_dist=9.86  mean_dist=12.91
  [sigreg+ce] epoch 100/120  sigreg=1.1998  ce=1.1635  min_dist=9.89  mean_dist=12.95
  [sigreg+ce] epoch 101/120  sigreg=1.2093  ce=1.2381  min_dist=9.92  mean_dist=12.99
  [sigreg+ce] epoch 102/120  sigreg=1.2066  ce=1.1499  min_dist=9.95  mean_dist=13.03
  [sigreg+ce] epoch 103/120  sigreg=1.2581  ce=1.2097  min_dist=9.99  mean_dist=13.07
  [sigreg+ce] epoch 104/120  sigreg=1.2035  ce=1.1812  min_dist=10.02  mean_dist=13.11
  [sigreg+ce] epoch 105/120  sigreg=1.2116  ce=1.0875  min_dist=10.04  mean_dist=13.15
  [sigreg+ce] epoch 106/120  sigreg=1.2328  ce=1.1812  min_dist=10.07  mean_dist=13.19
  [sigreg+ce] epoch 107/120  sigreg=1.2364  ce=1.1439  min_dist=10.09  mean_dist=13.22
  [sigreg+ce] epoch 108/120  sigreg=1.1953  ce=1.1005  min_dist=10.12  mean_dist=13.26
  [sigreg+ce] epoch 109/120  sigreg=1.2256  ce=1.1000  min_dist=10.14  mean_dist=13.30
  [sigreg+ce] epoch 110/120  sigreg=1.2327  ce=1.0900  min_dist=10.17  mean_dist=13.34
  [sigreg+ce] epoch 111/120  sigreg=1.2394  ce=1.0622  min_dist=10.19  mean_dist=13.37
  [sigreg+ce] epoch 112/120  sigreg=1.2127  ce=1.0684  min_dist=10.22  mean_dist=13.41
  [sigreg+ce] epoch 113/120  sigreg=1.2576  ce=1.0571  min_dist=10.25  mean_dist=13.44
  [sigreg+ce] epoch 114/120  sigreg=1.2456  ce=0.9650  min_dist=10.28  mean_dist=13.48
  [sigreg+ce] epoch 115/120  sigreg=1.2312  ce=1.0109  min_dist=10.30  mean_dist=13.51
  [sigreg+ce] epoch 116/120  sigreg=1.2348  ce=1.0037  min_dist=10.34  mean_dist=13.55
  [sigreg+ce] epoch 117/120  sigreg=1.2290  ce=0.9863  min_dist=10.36  mean_dist=13.58
  [sigreg+ce] epoch 118/120  sigreg=1.2437  ce=0.9618  min_dist=10.39  mean_dist=13.62
  [sigreg+ce] epoch 119/120  sigreg=1.2365  ce=0.9211  min_dist=10.42  mean_dist=13.65
  [sigreg+ce] epoch 120/120  sigreg=1.2424  ce=0.9433  min_dist=10.44  mean_dist=13.68
  [cars/lejepa] raw probe (768d)             40.7
  [cars/lejepa] sup-proto                    38.8
  [cars/lejepa] sup-proto (posterior)        32.5
  [cars/lejepa] sup-proto+hybrid (concat)    37.8
  [cars/lejepa] sup-ce                       44.7
  [cars/lejepa] sup-ce+hybrid (concat)       44.8

######## cars on VISReg ViT-B/16 (paper's weights) ########
  [simclr+sigreg] epoch 1/120  nt-xent=5.6918  sigreg=0.4147
  [simclr+sigreg] epoch 2/120  nt-xent=5.4704  sigreg=0.1691
  [simclr+sigreg] epoch 3/120  nt-xent=5.4066  sigreg=0.1420
  [simclr+sigreg] epoch 4/120  nt-xent=5.3513  sigreg=0.1095
  [simclr+sigreg] epoch 5/120  nt-xent=5.3107  sigreg=0.0929
  [simclr+sigreg] epoch 6/120  nt-xent=5.2895  sigreg=0.0811
  [simclr+sigreg] epoch 7/120  nt-xent=5.2916  sigreg=0.0853
  [simclr+sigreg] epoch 8/120  nt-xent=5.2819  sigreg=0.0853
  [simclr+sigreg] epoch 9/120  nt-xent=5.2700  sigreg=0.0770
  [simclr+sigreg] epoch 10/120  nt-xent=5.2654  sigreg=0.0752
  [simclr+sigreg] epoch 11/120  nt-xent=5.2591  sigreg=0.0773
  [simclr+sigreg] epoch 12/120  nt-xent=5.2468  sigreg=0.0721
  [simclr+sigreg] epoch 13/120  nt-xent=5.2423  sigreg=0.0696
  [simclr+sigreg] epoch 14/120  nt-xent=5.2429  sigreg=0.0672
  [simclr+sigreg] epoch 15/120  nt-xent=5.2391  sigreg=0.0669
  [simclr+sigreg] epoch 16/120  nt-xent=5.2354  sigreg=0.0646
  [simclr+sigreg] epoch 17/120  nt-xent=5.2332  sigreg=0.0680
  [simclr+sigreg] epoch 18/120  nt-xent=5.2227  sigreg=0.0600
  [simclr+sigreg] epoch 19/120  nt-xent=5.2177  sigreg=0.0575
  [simclr+sigreg] epoch 20/120  nt-xent=5.2142  sigreg=0.0588
  [simclr+sigreg] epoch 21/120  nt-xent=5.2122  sigreg=0.0557
  [simclr+sigreg] epoch 22/120  nt-xent=5.2071  sigreg=0.0538
  [simclr+sigreg] epoch 23/120  nt-xent=5.2108  sigreg=0.0578
  [simclr+sigreg] epoch 24/120  nt-xent=5.2029  sigreg=0.0557
  [simclr+sigreg] epoch 25/120  nt-xent=5.2044  sigreg=0.0554
  [simclr+sigreg] epoch 26/120  nt-xent=5.2038  sigreg=0.0569
  [simclr+sigreg] epoch 27/120  nt-xent=5.1955  sigreg=0.0543
  [simclr+sigreg] epoch 28/120  nt-xent=5.1918  sigreg=0.0492
  [simclr+sigreg] epoch 29/120  nt-xent=5.1924  sigreg=0.0518
  [simclr+sigreg] epoch 30/120  nt-xent=5.1927  sigreg=0.0519
  [simclr+sigreg] epoch 31/120  nt-xent=5.1894  sigreg=0.0499
  [simclr+sigreg] epoch 32/120  nt-xent=5.1826  sigreg=0.0491
  [simclr+sigreg] epoch 33/120  nt-xent=5.1817  sigreg=0.0509
  [simclr+sigreg] epoch 34/120  nt-xent=5.1801  sigreg=0.0470
  [simclr+sigreg] epoch 35/120  nt-xent=5.1776  sigreg=0.0447
  [simclr+sigreg] epoch 36/120  nt-xent=5.1766  sigreg=0.0470
  [simclr+sigreg] epoch 37/120  nt-xent=5.1721  sigreg=0.0468
  [simclr+sigreg] epoch 38/120  nt-xent=5.1733  sigreg=0.0457
  [simclr+sigreg] epoch 39/120  nt-xent=5.1694  sigreg=0.0433
  [simclr+sigreg] epoch 40/120  nt-xent=5.1691  sigreg=0.0458
  [simclr+sigreg] epoch 41/120  nt-xent=5.1648  sigreg=0.0431
  [simclr+sigreg] epoch 42/120  nt-xent=5.1611  sigreg=0.0420
  [simclr+sigreg] epoch 43/120  nt-xent=5.1626  sigreg=0.0405
  [simclr+sigreg] epoch 44/120  nt-xent=5.1623  sigreg=0.0436
  [simclr+sigreg] epoch 45/120  nt-xent=5.1590  sigreg=0.0420
  [simclr+sigreg] epoch 46/120  nt-xent=5.1573  sigreg=0.0408
  [simclr+sigreg] epoch 47/120  nt-xent=5.1540  sigreg=0.0387
  [simclr+sigreg] epoch 48/120  nt-xent=5.1539  sigreg=0.0399
  [simclr+sigreg] epoch 49/120  nt-xent=5.1511  sigreg=0.0399
  [simclr+sigreg] epoch 50/120  nt-xent=5.1456  sigreg=0.0363
  [simclr+sigreg] epoch 51/120  nt-xent=5.1472  sigreg=0.0398
  [simclr+sigreg] epoch 52/120  nt-xent=5.1410  sigreg=0.0356
  [simclr+sigreg] epoch 53/120  nt-xent=5.1431  sigreg=0.0354
  [simclr+sigreg] epoch 54/120  nt-xent=5.1388  sigreg=0.0357
  [simclr+sigreg] epoch 55/120  nt-xent=5.1420  sigreg=0.0371
  [simclr+sigreg] epoch 56/120  nt-xent=5.1419  sigreg=0.0357
  [simclr+sigreg] epoch 57/120  nt-xent=5.1367  sigreg=0.0343
  [simclr+sigreg] epoch 58/120  nt-xent=5.1331  sigreg=0.0326
  [simclr+sigreg] epoch 59/120  nt-xent=5.1347  sigreg=0.0327
  [simclr+sigreg] epoch 60/120  nt-xent=5.1370  sigreg=0.0361
  [simclr+sigreg] epoch 61/120  nt-xent=5.1375  sigreg=0.0329
  [simclr+sigreg] epoch 62/120  nt-xent=5.1310  sigreg=0.0348
  [simclr+sigreg] epoch 63/120  nt-xent=5.1335  sigreg=0.0340
  [simclr+sigreg] epoch 64/120  nt-xent=5.1328  sigreg=0.0325
  [simclr+sigreg] epoch 65/120  nt-xent=5.1306  sigreg=0.0341
  [simclr+sigreg] epoch 66/120  nt-xent=5.1297  sigreg=0.0327
  [simclr+sigreg] epoch 67/120  nt-xent=5.1253  sigreg=0.0307
  [simclr+sigreg] epoch 68/120  nt-xent=5.1260  sigreg=0.0314
  [simclr+sigreg] epoch 69/120  nt-xent=5.1245  sigreg=0.0315
  [simclr+sigreg] epoch 70/120  nt-xent=5.1254  sigreg=0.0320
  [simclr+sigreg] epoch 71/120  nt-xent=5.1224  sigreg=0.0299
  [simclr+sigreg] epoch 72/120  nt-xent=5.1221  sigreg=0.0297
  [simclr+sigreg] epoch 73/120  nt-xent=5.1200  sigreg=0.0297
  [simclr+sigreg] epoch 74/120  nt-xent=5.1208  sigreg=0.0302
  [simclr+sigreg] epoch 75/120  nt-xent=5.1230  sigreg=0.0309
  [simclr+sigreg] epoch 76/120  nt-xent=5.1201  sigreg=0.0306
  [simclr+sigreg] epoch 77/120  nt-xent=5.1195  sigreg=0.0297
  [simclr+sigreg] epoch 78/120  nt-xent=5.1173  sigreg=0.0283
  [simclr+sigreg] epoch 79/120  nt-xent=5.1165  sigreg=0.0309
  [simclr+sigreg] epoch 80/120  nt-xent=5.1194  sigreg=0.0311
  [simclr+sigreg] epoch 81/120  nt-xent=5.1138  sigreg=0.0283
  [simclr+sigreg] epoch 82/120  nt-xent=5.1128  sigreg=0.0287
  [simclr+sigreg] epoch 83/120  nt-xent=5.1127  sigreg=0.0285
  [simclr+sigreg] epoch 84/120  nt-xent=5.1137  sigreg=0.0273
  [simclr+sigreg] epoch 85/120  nt-xent=5.1119  sigreg=0.0283
  [simclr+sigreg] epoch 86/120  nt-xent=5.1135  sigreg=0.0280
  [simclr+sigreg] epoch 87/120  nt-xent=5.1116  sigreg=0.0275
  [simclr+sigreg] epoch 88/120  nt-xent=5.1100  sigreg=0.0266
  [simclr+sigreg] epoch 89/120  nt-xent=5.1091  sigreg=0.0261
  [simclr+sigreg] epoch 90/120  nt-xent=5.1104  sigreg=0.0291
  [simclr+sigreg] epoch 91/120  nt-xent=5.1098  sigreg=0.0270
  [simclr+sigreg] epoch 92/120  nt-xent=5.1087  sigreg=0.0273
  [simclr+sigreg] epoch 93/120  nt-xent=5.1106  sigreg=0.0290
  [simclr+sigreg] epoch 94/120  nt-xent=5.1082  sigreg=0.0292
  [simclr+sigreg] epoch 95/120  nt-xent=5.1074  sigreg=0.0278
  [simclr+sigreg] epoch 96/120  nt-xent=5.1053  sigreg=0.0261
  [simclr+sigreg] epoch 97/120  nt-xent=5.1046  sigreg=0.0268
  [simclr+sigreg] epoch 98/120  nt-xent=5.1024  sigreg=0.0250
  [simclr+sigreg] epoch 99/120  nt-xent=5.1069  sigreg=0.0263
  [simclr+sigreg] epoch 100/120  nt-xent=5.1061  sigreg=0.0276
  [simclr+sigreg] epoch 101/120  nt-xent=5.1067  sigreg=0.0280
  [simclr+sigreg] epoch 102/120  nt-xent=5.1053  sigreg=0.0268
  [simclr+sigreg] epoch 103/120  nt-xent=5.1040  sigreg=0.0277
  [simclr+sigreg] epoch 104/120  nt-xent=5.1069  sigreg=0.0271
  [simclr+sigreg] epoch 105/120  nt-xent=5.1043  sigreg=0.0266
  [simclr+sigreg] epoch 106/120  nt-xent=5.0997  sigreg=0.0240
  [simclr+sigreg] epoch 107/120  nt-xent=5.1026  sigreg=0.0251
  [simclr+sigreg] epoch 108/120  nt-xent=5.1054  sigreg=0.0268
  [simclr+sigreg] epoch 109/120  nt-xent=5.1039  sigreg=0.0259
  [simclr+sigreg] epoch 110/120  nt-xent=5.0998  sigreg=0.0248
  [simclr+sigreg] epoch 111/120  nt-xent=5.0998  sigreg=0.0254
  [simclr+sigreg] epoch 112/120  nt-xent=5.1012  sigreg=0.0253
  [simclr+sigreg] epoch 113/120  nt-xent=5.0997  sigreg=0.0244
  [simclr+sigreg] epoch 114/120  nt-xent=5.0968  sigreg=0.0248
  [simclr+sigreg] epoch 115/120  nt-xent=5.0960  sigreg=0.0244
  [simclr+sigreg] epoch 116/120  nt-xent=5.0967  sigreg=0.0247
  [simclr+sigreg] epoch 117/120  nt-xent=5.0984  sigreg=0.0247
  [simclr+sigreg] epoch 118/120  nt-xent=5.0989  sigreg=0.0255
  [simclr+sigreg] epoch 119/120  nt-xent=5.0958  sigreg=0.0233
  [simclr+sigreg] epoch 120/120  nt-xent=5.0945  sigreg=0.0242
--- [cars/visreg] sup-SIGReg (proto) ---
  seed anchors (random-direction): min pairwise distance=3.89 sigma
  balanced loader: 8144 samples, 14 batches of 24x24
  [sigreg+proto] epoch 1/120  sigreg=0.9780  proto=5.6170  min_dist=4.01  mean_dist=5.13
  [sigreg+proto] epoch 2/120  sigreg=0.9730  proto=5.2711  min_dist=4.13  mean_dist=5.26
  [sigreg+proto] epoch 3/120  sigreg=0.9474  proto=5.2335  min_dist=4.24  mean_dist=5.39
  [sigreg+proto] epoch 4/120  sigreg=0.9188  proto=5.1956  min_dist=4.35  mean_dist=5.52
  [sigreg+proto] epoch 5/120  sigreg=0.9069  proto=5.0895  min_dist=4.45  mean_dist=5.64
  [sigreg+proto] epoch 6/120  sigreg=0.8969  proto=5.0400  min_dist=4.55  mean_dist=5.76
  [sigreg+proto] epoch 7/120  sigreg=0.8843  proto=4.9738  min_dist=4.63  mean_dist=5.87
  [sigreg+proto] epoch 8/120  sigreg=0.8806  proto=4.9678  min_dist=4.72  mean_dist=5.99
  [sigreg+proto] epoch 9/120  sigreg=0.8590  proto=4.6902  min_dist=4.80  mean_dist=6.09
  [sigreg+proto] epoch 10/120  sigreg=0.8456  proto=4.7076  min_dist=4.87  mean_dist=6.20
  [sigreg+proto] epoch 11/120  sigreg=0.8673  proto=4.6946  min_dist=4.95  mean_dist=6.30
  [sigreg+proto] epoch 12/120  sigreg=0.8692  proto=4.7245  min_dist=5.01  mean_dist=6.39
  [sigreg+proto] epoch 13/120  sigreg=0.8556  proto=4.5459  min_dist=5.10  mean_dist=6.49
  [sigreg+proto] epoch 14/120  sigreg=0.8443  proto=4.4720  min_dist=5.18  mean_dist=6.58
  [sigreg+proto] epoch 15/120  sigreg=0.8550  proto=4.5632  min_dist=5.25  mean_dist=6.67
  [sigreg+proto] epoch 16/120  sigreg=0.8568  proto=4.3464  min_dist=5.32  mean_dist=6.76
  [sigreg+proto] epoch 17/120  sigreg=0.8541  proto=4.3900  min_dist=5.40  mean_dist=6.84
  [sigreg+proto] epoch 18/120  sigreg=0.8455  proto=4.3373  min_dist=5.48  mean_dist=6.93
  [sigreg+proto] epoch 19/120  sigreg=0.8637  proto=4.2553  min_dist=5.55  mean_dist=7.01
  [sigreg+proto] epoch 20/120  sigreg=0.8583  proto=4.3685  min_dist=5.61  mean_dist=7.09
  [sigreg+proto] epoch 21/120  sigreg=0.8485  proto=4.2112  min_dist=5.70  mean_dist=7.16
  [sigreg+proto] epoch 22/120  sigreg=0.8491  proto=4.0661  min_dist=5.75  mean_dist=7.24
  [sigreg+proto] epoch 23/120  sigreg=0.8619  proto=4.0539  min_dist=5.80  mean_dist=7.31
  [sigreg+proto] epoch 24/120  sigreg=0.8688  proto=4.0486  min_dist=5.88  mean_dist=7.38
  [sigreg+proto] epoch 25/120  sigreg=0.8689  proto=4.0583  min_dist=5.95  mean_dist=7.45
  [sigreg+proto] epoch 26/120  sigreg=0.8689  proto=3.9705  min_dist=6.02  mean_dist=7.52
  [sigreg+proto] epoch 27/120  sigreg=0.8634  proto=3.9305  min_dist=6.10  mean_dist=7.59
  [sigreg+proto] epoch 28/120  sigreg=0.8782  proto=3.8413  min_dist=6.16  mean_dist=7.66
  [sigreg+proto] epoch 29/120  sigreg=0.8800  proto=3.9011  min_dist=6.21  mean_dist=7.72
  [sigreg+proto] epoch 30/120  sigreg=0.8687  proto=3.7646  min_dist=6.28  mean_dist=7.78
  [sigreg+proto] epoch 31/120  sigreg=0.8749  proto=3.6601  min_dist=6.33  mean_dist=7.85
  [sigreg+proto] epoch 32/120  sigreg=0.8619  proto=3.8058  min_dist=6.39  mean_dist=7.91
  [sigreg+proto] epoch 33/120  sigreg=0.8744  proto=3.6152  min_dist=6.46  mean_dist=7.97
  [sigreg+proto] epoch 34/120  sigreg=0.8671  proto=3.6130  min_dist=6.50  mean_dist=8.03
  [sigreg+proto] epoch 35/120  sigreg=0.8760  proto=3.5666  min_dist=6.56  mean_dist=8.09
  [sigreg+proto] epoch 36/120  sigreg=0.8757  proto=3.6052  min_dist=6.57  mean_dist=8.14
  [sigreg+proto] epoch 37/120  sigreg=0.8703  proto=3.4409  min_dist=6.60  mean_dist=8.20
  [sigreg+proto] epoch 38/120  sigreg=0.8715  proto=3.5114  min_dist=6.67  mean_dist=8.25
  [sigreg+proto] epoch 39/120  sigreg=0.8731  proto=3.3414  min_dist=6.73  mean_dist=8.31
  [sigreg+proto] epoch 40/120  sigreg=0.8773  proto=3.3771  min_dist=6.77  mean_dist=8.36
  [sigreg+proto] epoch 41/120  sigreg=0.8828  proto=3.4483  min_dist=6.79  mean_dist=8.42
  [sigreg+proto] epoch 42/120  sigreg=0.8768  proto=3.2912  min_dist=6.84  mean_dist=8.47
  [sigreg+proto] epoch 43/120  sigreg=0.8909  proto=3.2833  min_dist=6.89  mean_dist=8.52
  [sigreg+proto] epoch 44/120  sigreg=0.8777  proto=3.2523  min_dist=6.96  mean_dist=8.57
  [sigreg+proto] epoch 45/120  sigreg=0.8911  proto=3.2315  min_dist=7.02  mean_dist=8.62
  [sigreg+proto] epoch 46/120  sigreg=0.8713  proto=3.1485  min_dist=7.03  mean_dist=8.67
  [sigreg+proto] epoch 47/120  sigreg=0.8854  proto=3.1422  min_dist=7.06  mean_dist=8.72
  [sigreg+proto] epoch 48/120  sigreg=0.8904  proto=3.0974  min_dist=7.09  mean_dist=8.76
  [sigreg+proto] epoch 49/120  sigreg=0.9014  proto=3.1171  min_dist=7.11  mean_dist=8.81
  [sigreg+proto] epoch 50/120  sigreg=0.8871  proto=2.9254  min_dist=7.16  mean_dist=8.86
  [sigreg+proto] epoch 51/120  sigreg=0.8948  proto=3.0992  min_dist=7.22  mean_dist=8.90
  [sigreg+proto] epoch 52/120  sigreg=0.9056  proto=3.0671  min_dist=7.24  mean_dist=8.95
  [sigreg+proto] epoch 53/120  sigreg=0.8906  proto=2.9023  min_dist=7.26  mean_dist=8.99
  [sigreg+proto] epoch 54/120  sigreg=0.8966  proto=2.8827  min_dist=7.32  mean_dist=9.04
  [sigreg+proto] epoch 55/120  sigreg=0.8892  proto=2.9038  min_dist=7.34  mean_dist=9.08
  [sigreg+proto] epoch 56/120  sigreg=0.8978  proto=2.7985  min_dist=7.38  mean_dist=9.12
  [sigreg+proto] epoch 57/120  sigreg=0.8928  proto=2.8106  min_dist=7.40  mean_dist=9.17
  [sigreg+proto] epoch 58/120  sigreg=0.9024  proto=2.8905  min_dist=7.42  mean_dist=9.21
  [sigreg+proto] epoch 59/120  sigreg=0.9087  proto=2.7599  min_dist=7.44  mean_dist=9.25
  [sigreg+proto] epoch 60/120  sigreg=0.9082  proto=2.8272  min_dist=7.47  mean_dist=9.29
  [sigreg+proto] epoch 61/120  sigreg=0.9026  proto=2.8301  min_dist=7.51  mean_dist=9.33
  [sigreg+proto] epoch 62/120  sigreg=0.9043  proto=2.6175  min_dist=7.55  mean_dist=9.37
  [sigreg+proto] epoch 63/120  sigreg=0.8843  proto=2.6482  min_dist=7.61  mean_dist=9.41
  [sigreg+proto] epoch 64/120  sigreg=0.9013  proto=2.7007  min_dist=7.61  mean_dist=9.45
  [sigreg+proto] epoch 65/120  sigreg=0.9020  proto=2.6117  min_dist=7.62  mean_dist=9.49
  [sigreg+proto] epoch 66/120  sigreg=0.8964  proto=2.5480  min_dist=7.68  mean_dist=9.52
  [sigreg+proto] epoch 67/120  sigreg=0.8890  proto=2.6316  min_dist=7.70  mean_dist=9.56
  [sigreg+proto] epoch 68/120  sigreg=0.8973  proto=2.6328  min_dist=7.71  mean_dist=9.60
  [sigreg+proto] epoch 69/120  sigreg=0.8993  proto=2.3984  min_dist=7.75  mean_dist=9.64
  [sigreg+proto] epoch 70/120  sigreg=0.8938  proto=2.4803  min_dist=7.81  mean_dist=9.67
  [sigreg+proto] epoch 71/120  sigreg=0.8979  proto=2.4253  min_dist=7.84  mean_dist=9.71
  [sigreg+proto] epoch 72/120  sigreg=0.8933  proto=2.5509  min_dist=7.88  mean_dist=9.75
  [sigreg+proto] epoch 73/120  sigreg=0.9125  proto=2.4412  min_dist=7.88  mean_dist=9.78
  [sigreg+proto] epoch 74/120  sigreg=0.9021  proto=2.3563  min_dist=7.88  mean_dist=9.82
  [sigreg+proto] epoch 75/120  sigreg=0.9126  proto=2.5315  min_dist=7.89  mean_dist=9.85
  [sigreg+proto] epoch 76/120  sigreg=0.9090  proto=2.4656  min_dist=7.95  mean_dist=9.89
  [sigreg+proto] epoch 77/120  sigreg=0.9024  proto=2.3319  min_dist=7.97  mean_dist=9.92
  [sigreg+proto] epoch 78/120  sigreg=0.8956  proto=2.3497  min_dist=8.03  mean_dist=9.96
  [sigreg+proto] epoch 79/120  sigreg=0.9198  proto=2.4289  min_dist=8.05  mean_dist=9.99
  [sigreg+proto] epoch 80/120  sigreg=0.9018  proto=2.2633  min_dist=8.04  mean_dist=10.02
  [sigreg+proto] epoch 81/120  sigreg=0.9168  proto=2.2923  min_dist=8.06  mean_dist=10.05
  [sigreg+proto] epoch 82/120  sigreg=0.9148  proto=2.2276  min_dist=8.08  mean_dist=10.09
  [sigreg+proto] epoch 83/120  sigreg=0.8968  proto=2.1383  min_dist=8.11  mean_dist=10.12
  [sigreg+proto] epoch 84/120  sigreg=0.8944  proto=2.2189  min_dist=8.14  mean_dist=10.15
  [sigreg+proto] epoch 85/120  sigreg=0.9145  proto=2.2268  min_dist=8.17  mean_dist=10.18
  [sigreg+proto] epoch 86/120  sigreg=0.9116  proto=2.2094  min_dist=8.22  mean_dist=10.22
  [sigreg+proto] epoch 87/120  sigreg=0.9157  proto=2.1933  min_dist=8.25  mean_dist=10.25
  [sigreg+proto] epoch 88/120  sigreg=0.9057  proto=2.0914  min_dist=8.25  mean_dist=10.28
  [sigreg+proto] epoch 89/120  sigreg=0.9203  proto=2.2237  min_dist=8.30  mean_dist=10.31
  [sigreg+proto] epoch 90/120  sigreg=0.9151  proto=2.1585  min_dist=8.32  mean_dist=10.34
  [sigreg+proto] epoch 91/120  sigreg=0.9077  proto=2.0148  min_dist=8.35  mean_dist=10.37
  [sigreg+proto] epoch 92/120  sigreg=0.9034  proto=2.0157  min_dist=8.36  mean_dist=10.40
  [sigreg+proto] epoch 93/120  sigreg=0.9174  proto=2.0606  min_dist=8.35  mean_dist=10.43
  [sigreg+proto] epoch 94/120  sigreg=0.9073  proto=2.0231  min_dist=8.35  mean_dist=10.46
  [sigreg+proto] epoch 95/120  sigreg=0.8923  proto=1.8984  min_dist=8.37  mean_dist=10.49
  [sigreg+proto] epoch 96/120  sigreg=0.9068  proto=2.0049  min_dist=8.40  mean_dist=10.52
  [sigreg+proto] epoch 97/120  sigreg=0.9031  proto=1.9641  min_dist=8.44  mean_dist=10.55
  [sigreg+proto] epoch 98/120  sigreg=0.9194  proto=1.9643  min_dist=8.47  mean_dist=10.58
  [sigreg+proto] epoch 99/120  sigreg=0.9133  proto=1.9091  min_dist=8.49  mean_dist=10.60
  [sigreg+proto] epoch 100/120  sigreg=0.9110  proto=1.9075  min_dist=8.48  mean_dist=10.63
  [sigreg+proto] epoch 101/120  sigreg=0.9084  proto=1.9842  min_dist=8.49  mean_dist=10.66
  [sigreg+proto] epoch 102/120  sigreg=0.9208  proto=1.9787  min_dist=8.52  mean_dist=10.69
  [sigreg+proto] epoch 103/120  sigreg=0.9109  proto=1.9324  min_dist=8.55  mean_dist=10.72
  [sigreg+proto] epoch 104/120  sigreg=0.9234  proto=1.8198  min_dist=8.57  mean_dist=10.74
  [sigreg+proto] epoch 105/120  sigreg=0.9094  proto=1.8742  min_dist=8.61  mean_dist=10.77
  [sigreg+proto] epoch 106/120  sigreg=0.9095  proto=1.7824  min_dist=8.60  mean_dist=10.80
  [sigreg+proto] epoch 107/120  sigreg=0.9030  proto=1.6859  min_dist=8.61  mean_dist=10.82
  [sigreg+proto] epoch 108/120  sigreg=0.9152  proto=1.7493  min_dist=8.64  mean_dist=10.85
  [sigreg+proto] epoch 109/120  sigreg=0.8880  proto=1.7160  min_dist=8.69  mean_dist=10.88
  [sigreg+proto] epoch 110/120  sigreg=0.9158  proto=1.8109  min_dist=8.73  mean_dist=10.90
  [sigreg+proto] epoch 111/120  sigreg=0.9045  proto=1.7709  min_dist=8.75  mean_dist=10.93
  [sigreg+proto] epoch 112/120  sigreg=0.9140  proto=1.6643  min_dist=8.73  mean_dist=10.95
  [sigreg+proto] epoch 113/120  sigreg=0.9096  proto=1.7006  min_dist=8.73  mean_dist=10.98
  [sigreg+proto] epoch 114/120  sigreg=0.9129  proto=1.6784  min_dist=8.78  mean_dist=11.01
  [sigreg+proto] epoch 115/120  sigreg=0.9085  proto=1.7280  min_dist=8.82  mean_dist=11.03
  [sigreg+proto] epoch 116/120  sigreg=0.9063  proto=1.5569  min_dist=8.87  mean_dist=11.06
  [sigreg+proto] epoch 117/120  sigreg=0.9172  proto=1.6518  min_dist=8.87  mean_dist=11.08
  [sigreg+proto] epoch 118/120  sigreg=0.9107  proto=1.6420  min_dist=8.89  mean_dist=11.11
  [sigreg+proto] epoch 119/120  sigreg=0.9024  proto=1.6261  min_dist=8.90  mean_dist=11.13
  [sigreg+proto] epoch 120/120  sigreg=0.9096  proto=1.5614  min_dist=8.90  mean_dist=11.16
--- [cars/visreg] sup-SIGReg (ce) ---
  seed anchors (random-direction): min pairwise distance=3.89 sigma
  balanced loader: 8144 samples, 14 batches of 24x24
  [sigreg+ce] epoch 1/120  sigreg=0.8558  ce=5.2574  min_dist=4.02  mean_dist=5.15
  [sigreg+ce] epoch 2/120  sigreg=0.6424  ce=5.1609  min_dist=4.15  mean_dist=5.31
  [sigreg+ce] epoch 3/120  sigreg=0.5963  ce=5.0782  min_dist=4.28  mean_dist=5.47
  [sigreg+ce] epoch 4/120  sigreg=0.5710  ce=4.9898  min_dist=4.41  mean_dist=5.62
  [sigreg+ce] epoch 5/120  sigreg=0.5864  ce=4.8903  min_dist=4.53  mean_dist=5.77
  [sigreg+ce] epoch 6/120  sigreg=0.5990  ce=4.7373  min_dist=4.65  mean_dist=5.92
  [sigreg+ce] epoch 7/120  sigreg=0.6123  ce=4.7249  min_dist=4.75  mean_dist=6.06
  [sigreg+ce] epoch 8/120  sigreg=0.6290  ce=4.6393  min_dist=4.85  mean_dist=6.20
  [sigreg+ce] epoch 9/120  sigreg=0.6355  ce=4.5914  min_dist=4.95  mean_dist=6.33
  [sigreg+ce] epoch 10/120  sigreg=0.6354  ce=4.5152  min_dist=5.05  mean_dist=6.47
  [sigreg+ce] epoch 11/120  sigreg=0.6857  ce=4.3858  min_dist=5.15  mean_dist=6.60
  [sigreg+ce] epoch 12/120  sigreg=0.6824  ce=4.3083  min_dist=5.25  mean_dist=6.73
  [sigreg+ce] epoch 13/120  sigreg=0.6943  ce=4.2607  min_dist=5.34  mean_dist=6.85
  [sigreg+ce] epoch 14/120  sigreg=0.7074  ce=4.1994  min_dist=5.43  mean_dist=6.98
  [sigreg+ce] epoch 15/120  sigreg=0.7110  ce=4.1653  min_dist=5.53  mean_dist=7.10
  [sigreg+ce] epoch 16/120  sigreg=0.7485  ce=4.0644  min_dist=5.62  mean_dist=7.22
  [sigreg+ce] epoch 17/120  sigreg=0.7656  ce=3.9995  min_dist=5.70  mean_dist=7.33
  [sigreg+ce] epoch 18/120  sigreg=0.7522  ce=4.0133  min_dist=5.79  mean_dist=7.45
  [sigreg+ce] epoch 19/120  sigreg=0.7824  ce=3.8876  min_dist=5.88  mean_dist=7.56
  [sigreg+ce] epoch 20/120  sigreg=0.8066  ce=3.8170  min_dist=5.96  mean_dist=7.67
  [sigreg+ce] epoch 21/120  sigreg=0.8009  ce=3.8023  min_dist=6.05  mean_dist=7.77
  [sigreg+ce] epoch 22/120  sigreg=0.8037  ce=3.7527  min_dist=6.13  mean_dist=7.88
  [sigreg+ce] epoch 23/120  sigreg=0.8058  ce=3.7275  min_dist=6.21  mean_dist=7.98
  [sigreg+ce] epoch 24/120  sigreg=0.8395  ce=3.5623  min_dist=6.29  mean_dist=8.09
  [sigreg+ce] epoch 25/120  sigreg=0.8474  ce=3.5058  min_dist=6.36  mean_dist=8.19
  [sigreg+ce] epoch 26/120  sigreg=0.8346  ce=3.5966  min_dist=6.43  mean_dist=8.28
  [sigreg+ce] epoch 27/120  sigreg=0.8425  ce=3.5131  min_dist=6.50  mean_dist=8.38
  [sigreg+ce] epoch 28/120  sigreg=0.8521  ce=3.4299  min_dist=6.57  mean_dist=8.48
  [sigreg+ce] epoch 29/120  sigreg=0.8959  ce=3.3878  min_dist=6.64  mean_dist=8.57
  [sigreg+ce] epoch 30/120  sigreg=0.8804  ce=3.2992  min_dist=6.70  mean_dist=8.66
  [sigreg+ce] epoch 31/120  sigreg=0.8876  ce=3.2779  min_dist=6.77  mean_dist=8.76
  [sigreg+ce] epoch 32/120  sigreg=0.9070  ce=3.2029  min_dist=6.84  mean_dist=8.85
  [sigreg+ce] epoch 33/120  sigreg=0.9195  ce=3.2264  min_dist=6.90  mean_dist=8.93
  [sigreg+ce] epoch 34/120  sigreg=0.9279  ce=3.1104  min_dist=6.97  mean_dist=9.02
  [sigreg+ce] epoch 35/120  sigreg=0.9259  ce=3.1237  min_dist=7.03  mean_dist=9.11
  [sigreg+ce] epoch 36/120  sigreg=0.9506  ce=3.0634  min_dist=7.09  mean_dist=9.19
  [sigreg+ce] epoch 37/120  sigreg=0.9333  ce=3.0693  min_dist=7.15  mean_dist=9.27
  [sigreg+ce] epoch 38/120  sigreg=0.9476  ce=2.9586  min_dist=7.21  mean_dist=9.36
  [sigreg+ce] epoch 39/120  sigreg=0.9683  ce=2.8772  min_dist=7.27  mean_dist=9.44
  [sigreg+ce] epoch 40/120  sigreg=0.9475  ce=2.8772  min_dist=7.33  mean_dist=9.52
  [sigreg+ce] epoch 41/120  sigreg=0.9877  ce=2.7763  min_dist=7.39  mean_dist=9.60
  [sigreg+ce] epoch 42/120  sigreg=0.9785  ce=2.8723  min_dist=7.45  mean_dist=9.68
  [sigreg+ce] epoch 43/120  sigreg=0.9542  ce=2.8653  min_dist=7.50  mean_dist=9.75
  [sigreg+ce] epoch 44/120  sigreg=0.9932  ce=2.7377  min_dist=7.56  mean_dist=9.83
  [sigreg+ce] epoch 45/120  sigreg=0.9971  ce=2.7447  min_dist=7.61  mean_dist=9.90
  [sigreg+ce] epoch 46/120  sigreg=1.0016  ce=2.6673  min_dist=7.67  mean_dist=9.98
  [sigreg+ce] epoch 47/120  sigreg=1.0486  ce=2.5895  min_dist=7.72  mean_dist=10.05
  [sigreg+ce] epoch 48/120  sigreg=0.9813  ce=2.7816  min_dist=7.78  mean_dist=10.12
  [sigreg+ce] epoch 49/120  sigreg=1.0299  ce=2.6044  min_dist=7.83  mean_dist=10.19
  [sigreg+ce] epoch 50/120  sigreg=1.0363  ce=2.5735  min_dist=7.88  mean_dist=10.27
  [sigreg+ce] epoch 51/120  sigreg=1.0155  ce=2.5145  min_dist=7.93  mean_dist=10.34
  [sigreg+ce] epoch 52/120  sigreg=1.0294  ce=2.5377  min_dist=7.98  mean_dist=10.40
  [sigreg+ce] epoch 53/120  sigreg=1.0336  ce=2.4988  min_dist=8.03  mean_dist=10.47
  [sigreg+ce] epoch 54/120  sigreg=1.0459  ce=2.4918  min_dist=8.08  mean_dist=10.54
  [sigreg+ce] epoch 55/120  sigreg=1.0587  ce=2.4364  min_dist=8.13  mean_dist=10.61
  [sigreg+ce] epoch 56/120  sigreg=1.0700  ce=2.4108  min_dist=8.18  mean_dist=10.67
  [sigreg+ce] epoch 57/120  sigreg=1.0889  ce=2.3889  min_dist=8.23  mean_dist=10.74
  [sigreg+ce] epoch 58/120  sigreg=1.0680  ce=2.3227  min_dist=8.28  mean_dist=10.80
  [sigreg+ce] epoch 59/120  sigreg=1.0651  ce=2.2298  min_dist=8.32  mean_dist=10.86
  [sigreg+ce] epoch 60/120  sigreg=1.0831  ce=2.2646  min_dist=8.37  mean_dist=10.93
  [sigreg+ce] epoch 61/120  sigreg=1.0761  ce=2.2365  min_dist=8.42  mean_dist=10.99
  [sigreg+ce] epoch 62/120  sigreg=1.0919  ce=2.1995  min_dist=8.46  mean_dist=11.05
  [sigreg+ce] epoch 63/120  sigreg=1.0702  ce=2.2331  min_dist=8.51  mean_dist=11.11
  [sigreg+ce] epoch 64/120  sigreg=1.1113  ce=2.2122  min_dist=8.56  mean_dist=11.17
  [sigreg+ce] epoch 65/120  sigreg=1.0999  ce=2.1096  min_dist=8.60  mean_dist=11.23
  [sigreg+ce] epoch 66/120  sigreg=1.1186  ce=2.0507  min_dist=8.65  mean_dist=11.29
  [sigreg+ce] epoch 67/120  sigreg=1.1307  ce=2.1204  min_dist=8.69  mean_dist=11.35
  [sigreg+ce] epoch 68/120  sigreg=1.1187  ce=2.0404  min_dist=8.74  mean_dist=11.40
  [sigreg+ce] epoch 69/120  sigreg=1.1129  ce=1.9617  min_dist=8.78  mean_dist=11.46
  [sigreg+ce] epoch 70/120  sigreg=1.1400  ce=1.9989  min_dist=8.82  mean_dist=11.52
  [sigreg+ce] epoch 71/120  sigreg=1.1298  ce=1.9603  min_dist=8.87  mean_dist=11.57
  [sigreg+ce] epoch 72/120  sigreg=1.1017  ce=1.9473  min_dist=8.91  mean_dist=11.63
  [sigreg+ce] epoch 73/120  sigreg=1.1497  ce=1.9303  min_dist=8.94  mean_dist=11.68
  [sigreg+ce] epoch 74/120  sigreg=1.1442  ce=1.8681  min_dist=8.99  mean_dist=11.74
  [sigreg+ce] epoch 75/120  sigreg=1.1478  ce=1.9489  min_dist=9.02  mean_dist=11.79
  [sigreg+ce] epoch 76/120  sigreg=1.1601  ce=1.8385  min_dist=9.06  mean_dist=11.84
  [sigreg+ce] epoch 77/120  sigreg=1.1510  ce=1.8104  min_dist=9.10  mean_dist=11.89
  [sigreg+ce] epoch 78/120  sigreg=1.1590  ce=1.7837  min_dist=9.14  mean_dist=11.94
  [sigreg+ce] epoch 79/120  sigreg=1.1658  ce=1.8588  min_dist=9.18  mean_dist=12.00
  [sigreg+ce] epoch 80/120  sigreg=1.1732  ce=1.7590  min_dist=9.22  mean_dist=12.05
  [sigreg+ce] epoch 81/120  sigreg=1.1589  ce=1.7177  min_dist=9.26  mean_dist=12.10
  [sigreg+ce] epoch 82/120  sigreg=1.1475  ce=1.7299  min_dist=9.29  mean_dist=12.15
  [sigreg+ce] epoch 83/120  sigreg=1.1834  ce=1.6871  min_dist=9.33  mean_dist=12.19
  [sigreg+ce] epoch 84/120  sigreg=1.1718  ce=1.6732  min_dist=9.37  mean_dist=12.24
  [sigreg+ce] epoch 85/120  sigreg=1.1847  ce=1.6258  min_dist=9.41  mean_dist=12.29
  [sigreg+ce] epoch 86/120  sigreg=1.2012  ce=1.6266  min_dist=9.45  mean_dist=12.34
  [sigreg+ce] epoch 87/120  sigreg=1.1693  ce=1.5931  min_dist=9.48  mean_dist=12.38
  [sigreg+ce] epoch 88/120  sigreg=1.1664  ce=1.5522  min_dist=9.52  mean_dist=12.43
  [sigreg+ce] epoch 89/120  sigreg=1.1906  ce=1.5797  min_dist=9.56  mean_dist=12.48
  [sigreg+ce] epoch 90/120  sigreg=1.1956  ce=1.5392  min_dist=9.60  mean_dist=12.52
  [sigreg+ce] epoch 91/120  sigreg=1.2024  ce=1.5556  min_dist=9.63  mean_dist=12.57
  [sigreg+ce] epoch 92/120  sigreg=1.2313  ce=1.4907  min_dist=9.67  mean_dist=12.61
  [sigreg+ce] epoch 93/120  sigreg=1.1896  ce=1.4929  min_dist=9.70  mean_dist=12.66
  [sigreg+ce] epoch 94/120  sigreg=1.2119  ce=1.4838  min_dist=9.74  mean_dist=12.70
  [sigreg+ce] epoch 95/120  sigreg=1.2026  ce=1.4955  min_dist=9.77  mean_dist=12.74
  [sigreg+ce] epoch 96/120  sigreg=1.1903  ce=1.4508  min_dist=9.81  mean_dist=12.79
  [sigreg+ce] epoch 97/120  sigreg=1.2069  ce=1.4189  min_dist=9.84  mean_dist=12.83
  [sigreg+ce] epoch 98/120  sigreg=1.2189  ce=1.3998  min_dist=9.88  mean_dist=12.87
  [sigreg+ce] epoch 99/120  sigreg=1.1969  ce=1.3661  min_dist=9.91  mean_dist=12.91
  [sigreg+ce] epoch 100/120  sigreg=1.2056  ce=1.2889  min_dist=9.95  mean_dist=12.95
  [sigreg+ce] epoch 101/120  sigreg=1.2157  ce=1.3597  min_dist=9.98  mean_dist=12.99
  [sigreg+ce] epoch 102/120  sigreg=1.2238  ce=1.2784  min_dist=10.01  mean_dist=13.03
  [sigreg+ce] epoch 103/120  sigreg=1.2580  ce=1.3191  min_dist=10.05  mean_dist=13.07
  [sigreg+ce] epoch 104/120  sigreg=1.1908  ce=1.3446  min_dist=10.08  mean_dist=13.11
  [sigreg+ce] epoch 105/120  sigreg=1.2141  ce=1.1927  min_dist=10.10  mean_dist=13.15
  [sigreg+ce] epoch 106/120  sigreg=1.2239  ce=1.2944  min_dist=10.13  mean_dist=13.19
  [sigreg+ce] epoch 107/120  sigreg=1.2294  ce=1.2807  min_dist=10.16  mean_dist=13.23
  [sigreg+ce] epoch 108/120  sigreg=1.1910  ce=1.2651  min_dist=10.18  mean_dist=13.26
  [sigreg+ce] epoch 109/120  sigreg=1.2162  ce=1.2283  min_dist=10.21  mean_dist=13.30
  [sigreg+ce] epoch 110/120  sigreg=1.2441  ce=1.1959  min_dist=10.24  mean_dist=13.34
  [sigreg+ce] epoch 111/120  sigreg=1.2401  ce=1.1998  min_dist=10.27  mean_dist=13.37
  [sigreg+ce] epoch 112/120  sigreg=1.2278  ce=1.2191  min_dist=10.30  mean_dist=13.41
  [sigreg+ce] epoch 113/120  sigreg=1.2792  ce=1.2098  min_dist=10.33  mean_dist=13.45
  [sigreg+ce] epoch 114/120  sigreg=1.2324  ce=1.1298  min_dist=10.35  mean_dist=13.48
  [sigreg+ce] epoch 115/120  sigreg=1.2446  ce=1.1581  min_dist=10.38  mean_dist=13.52
  [sigreg+ce] epoch 116/120  sigreg=1.2436  ce=1.1340  min_dist=10.41  mean_dist=13.55
  [sigreg+ce] epoch 117/120  sigreg=1.2592  ce=1.1316  min_dist=10.44  mean_dist=13.59
  [sigreg+ce] epoch 118/120  sigreg=1.2440  ce=1.0921  min_dist=10.47  mean_dist=13.62
  [sigreg+ce] epoch 119/120  sigreg=1.2415  ce=1.0638  min_dist=10.50  mean_dist=13.65
  [sigreg+ce] epoch 120/120  sigreg=1.2495  ce=1.0968  min_dist=10.53  mean_dist=13.69
  [cars/visreg] raw probe (768d)             47.3
  [cars/visreg] sup-proto                    34.8
  [cars/visreg] sup-proto (posterior)        28.1
  [cars/visreg] sup-proto+hybrid (concat)    33.2
  [cars/visreg] sup-ce                       44.2
  [cars/visreg] sup-ce+hybrid (concat)       43.9

######## flowers on DINO ViT-B/16 ########
  [simclr+sigreg] epoch 1/120  nt-xent=6.1104  sigreg=0.4964
  [simclr+sigreg] epoch 2/120  nt-xent=5.7846  sigreg=0.3436
  [simclr+sigreg] epoch 3/120  nt-xent=5.6703  sigreg=0.2394
  [simclr+sigreg] epoch 4/120  nt-xent=5.5888  sigreg=0.1907
  [simclr+sigreg] epoch 5/120  nt-xent=5.4864  sigreg=0.1517
  [simclr+sigreg] epoch 6/120  nt-xent=5.4426  sigreg=0.1448
  [simclr+sigreg] epoch 7/120  nt-xent=5.4147  sigreg=0.1090
  [simclr+sigreg] epoch 8/120  nt-xent=5.3958  sigreg=0.0985
  [simclr+sigreg] epoch 9/120  nt-xent=5.3553  sigreg=0.0846
  [simclr+sigreg] epoch 10/120  nt-xent=5.3385  sigreg=0.0868
  [simclr+sigreg] epoch 11/120  nt-xent=5.3204  sigreg=0.0764
  [simclr+sigreg] epoch 12/120  nt-xent=5.3096  sigreg=0.0647
  [simclr+sigreg] epoch 13/120  nt-xent=5.2961  sigreg=0.0627
  [simclr+sigreg] epoch 14/120  nt-xent=5.2955  sigreg=0.0646
  [simclr+sigreg] epoch 15/120  nt-xent=5.2805  sigreg=0.0512
  [simclr+sigreg] epoch 16/120  nt-xent=5.2769  sigreg=0.0592
  [simclr+sigreg] epoch 17/120  nt-xent=5.2726  sigreg=0.0514
  [simclr+sigreg] epoch 18/120  nt-xent=5.2689  sigreg=0.0494
  [simclr+sigreg] epoch 19/120  nt-xent=5.2628  sigreg=0.0483
  [simclr+sigreg] epoch 20/120  nt-xent=5.2616  sigreg=0.0469
  [simclr+sigreg] epoch 21/120  nt-xent=5.2509  sigreg=0.0481
  [simclr+sigreg] epoch 22/120  nt-xent=5.2487  sigreg=0.0408
  [simclr+sigreg] epoch 23/120  nt-xent=5.2453  sigreg=0.0448
  [simclr+sigreg] epoch 24/120  nt-xent=5.2501  sigreg=0.0410
  [simclr+sigreg] epoch 25/120  nt-xent=5.2438  sigreg=0.0364
  [simclr+sigreg] epoch 26/120  nt-xent=5.2428  sigreg=0.0340
  [simclr+sigreg] epoch 27/120  nt-xent=5.2359  sigreg=0.0405
  [simclr+sigreg] epoch 28/120  nt-xent=5.2295  sigreg=0.0393
  [simclr+sigreg] epoch 29/120  nt-xent=5.2338  sigreg=0.0380
  [simclr+sigreg] epoch 30/120  nt-xent=5.2247  sigreg=0.0360
  [simclr+sigreg] epoch 31/120  nt-xent=5.2260  sigreg=0.0383
  [simclr+sigreg] epoch 32/120  nt-xent=5.2215  sigreg=0.0363
  [simclr+sigreg] epoch 33/120  nt-xent=5.2171  sigreg=0.0332
  [simclr+sigreg] epoch 34/120  nt-xent=5.2226  sigreg=0.0346
  [simclr+sigreg] epoch 35/120  nt-xent=5.2147  sigreg=0.0360
  [simclr+sigreg] epoch 36/120  nt-xent=5.2102  sigreg=0.0361
  [simclr+sigreg] epoch 37/120  nt-xent=5.2118  sigreg=0.0326
  [simclr+sigreg] epoch 38/120  nt-xent=5.2122  sigreg=0.0315
  [simclr+sigreg] epoch 39/120  nt-xent=5.2076  sigreg=0.0326
  [simclr+sigreg] epoch 40/120  nt-xent=5.2068  sigreg=0.0330
  [simclr+sigreg] epoch 41/120  nt-xent=5.2036  sigreg=0.0348
  [simclr+sigreg] epoch 42/120  nt-xent=5.2080  sigreg=0.0323
  [simclr+sigreg] epoch 43/120  nt-xent=5.2052  sigreg=0.0312
  [simclr+sigreg] epoch 44/120  nt-xent=5.2021  sigreg=0.0364
  [simclr+sigreg] epoch 45/120  nt-xent=5.2020  sigreg=0.0351
  [simclr+sigreg] epoch 46/120  nt-xent=5.1970  sigreg=0.0325
  [simclr+sigreg] epoch 47/120  nt-xent=5.1936  sigreg=0.0312
  [simclr+sigreg] epoch 48/120  nt-xent=5.1952  sigreg=0.0295
  [simclr+sigreg] epoch 49/120  nt-xent=5.1923  sigreg=0.0331
  [simclr+sigreg] epoch 50/120  nt-xent=5.1889  sigreg=0.0295
  [simclr+sigreg] epoch 51/120  nt-xent=5.1916  sigreg=0.0301
  [simclr+sigreg] epoch 52/120  nt-xent=5.1872  sigreg=0.0313
  [simclr+sigreg] epoch 53/120  nt-xent=5.1956  sigreg=0.0302
  [simclr+sigreg] epoch 54/120  nt-xent=5.1874  sigreg=0.0305
  [simclr+sigreg] epoch 55/120  nt-xent=5.1856  sigreg=0.0276
  [simclr+sigreg] epoch 56/120  nt-xent=5.1847  sigreg=0.0283
  [simclr+sigreg] epoch 57/120  nt-xent=5.1802  sigreg=0.0265
  [simclr+sigreg] epoch 58/120  nt-xent=5.1843  sigreg=0.0298
  [simclr+sigreg] epoch 59/120  nt-xent=5.1846  sigreg=0.0255
  [simclr+sigreg] epoch 60/120  nt-xent=5.1786  sigreg=0.0294
  [simclr+sigreg] epoch 61/120  nt-xent=5.1770  sigreg=0.0287
  [simclr+sigreg] epoch 62/120  nt-xent=5.1798  sigreg=0.0302
  [simclr+sigreg] epoch 63/120  nt-xent=5.1784  sigreg=0.0265
  [simclr+sigreg] epoch 64/120  nt-xent=5.1748  sigreg=0.0262
  [simclr+sigreg] epoch 65/120  nt-xent=5.1731  sigreg=0.0290
  [simclr+sigreg] epoch 66/120  nt-xent=5.1736  sigreg=0.0268
  [simclr+sigreg] epoch 67/120  nt-xent=5.1740  sigreg=0.0292
  [simclr+sigreg] epoch 68/120  nt-xent=5.1730  sigreg=0.0304
  [simclr+sigreg] epoch 69/120  nt-xent=5.1709  sigreg=0.0275
  [simclr+sigreg] epoch 70/120  nt-xent=5.1683  sigreg=0.0284
  [simclr+sigreg] epoch 71/120  nt-xent=5.1646  sigreg=0.0294
  [simclr+sigreg] epoch 72/120  nt-xent=5.1604  sigreg=0.0259
  [simclr+sigreg] epoch 73/120  nt-xent=5.1655  sigreg=0.0266
  [simclr+sigreg] epoch 74/120  nt-xent=5.1715  sigreg=0.0275
  [simclr+sigreg] epoch 75/120  nt-xent=5.1612  sigreg=0.0257
  [simclr+sigreg] epoch 76/120  nt-xent=5.1672  sigreg=0.0236
  [simclr+sigreg] epoch 77/120  nt-xent=5.1607  sigreg=0.0284
  [simclr+sigreg] epoch 78/120  nt-xent=5.1623  sigreg=0.0269
  [simclr+sigreg] epoch 79/120  nt-xent=5.1621  sigreg=0.0268
  [simclr+sigreg] epoch 80/120  nt-xent=5.1628  sigreg=0.0277
  [simclr+sigreg] epoch 81/120  nt-xent=5.1566  sigreg=0.0246
  [simclr+sigreg] epoch 82/120  nt-xent=5.1568  sigreg=0.0260
  [simclr+sigreg] epoch 83/120  nt-xent=5.1533  sigreg=0.0219
  [simclr+sigreg] epoch 84/120  nt-xent=5.1511  sigreg=0.0231
  [simclr+sigreg] epoch 85/120  nt-xent=5.1532  sigreg=0.0255
  [simclr+sigreg] epoch 86/120  nt-xent=5.1477  sigreg=0.0237
  [simclr+sigreg] epoch 87/120  nt-xent=5.1510  sigreg=0.0243
  [simclr+sigreg] epoch 88/120  nt-xent=5.1476  sigreg=0.0252
  [simclr+sigreg] epoch 89/120  nt-xent=5.1477  sigreg=0.0244
  [simclr+sigreg] epoch 90/120  nt-xent=5.1514  sigreg=0.0245
  [simclr+sigreg] epoch 91/120  nt-xent=5.1481  sigreg=0.0201
  [simclr+sigreg] epoch 92/120  nt-xent=5.1439  sigreg=0.0252
  [simclr+sigreg] epoch 93/120  nt-xent=5.1467  sigreg=0.0253
  [simclr+sigreg] epoch 94/120  nt-xent=5.1437  sigreg=0.0235
  [simclr+sigreg] epoch 95/120  nt-xent=5.1413  sigreg=0.0255
  [simclr+sigreg] epoch 96/120  nt-xent=5.1430  sigreg=0.0225
  [simclr+sigreg] epoch 97/120  nt-xent=5.1401  sigreg=0.0241
  [simclr+sigreg] epoch 98/120  nt-xent=5.1420  sigreg=0.0239
  [simclr+sigreg] epoch 99/120  nt-xent=5.1375  sigreg=0.0211
  [simclr+sigreg] epoch 100/120  nt-xent=5.1400  sigreg=0.0257
  [simclr+sigreg] epoch 101/120  nt-xent=5.1381  sigreg=0.0225
  [simclr+sigreg] epoch 102/120  nt-xent=5.1328  sigreg=0.0205
  [simclr+sigreg] epoch 103/120  nt-xent=5.1356  sigreg=0.0202
  [simclr+sigreg] epoch 104/120  nt-xent=5.1388  sigreg=0.0220
  [simclr+sigreg] epoch 105/120  nt-xent=5.1350  sigreg=0.0234
  [simclr+sigreg] epoch 106/120  nt-xent=5.1366  sigreg=0.0219
  [simclr+sigreg] epoch 107/120  nt-xent=5.1298  sigreg=0.0224
  [simclr+sigreg] epoch 108/120  nt-xent=5.1330  sigreg=0.0217
  [simclr+sigreg] epoch 109/120  nt-xent=5.1319  sigreg=0.0204
  [simclr+sigreg] epoch 110/120  nt-xent=5.1321  sigreg=0.0223
  [simclr+sigreg] epoch 111/120  nt-xent=5.1317  sigreg=0.0207
  [simclr+sigreg] epoch 112/120  nt-xent=5.1281  sigreg=0.0202
  [simclr+sigreg] epoch 113/120  nt-xent=5.1308  sigreg=0.0221
  [simclr+sigreg] epoch 114/120  nt-xent=5.1237  sigreg=0.0217
  [simclr+sigreg] epoch 115/120  nt-xent=5.1265  sigreg=0.0205
  [simclr+sigreg] epoch 116/120  nt-xent=5.1278  sigreg=0.0220
  [simclr+sigreg] epoch 117/120  nt-xent=5.1260  sigreg=0.0213
  [simclr+sigreg] epoch 118/120  nt-xent=5.1245  sigreg=0.0204
  [simclr+sigreg] epoch 119/120  nt-xent=5.1280  sigreg=0.0197
  [simclr+sigreg] epoch 120/120  nt-xent=5.1206  sigreg=0.0207
--- [flowers/dino] sup-SIGReg (proto) ---
  seed anchors (random-direction): min pairwise distance=3.97 sigma
  balanced loader: 2040 samples, 3 batches of 24x24
  [sigreg+proto] epoch 1/120  sigreg=0.8925  proto=5.8050  min_dist=4.00  mean_dist=5.02
  [sigreg+proto] epoch 2/120  sigreg=0.8236  proto=4.8546  min_dist=4.02  mean_dist=5.05
  [sigreg+proto] epoch 3/120  sigreg=0.8096  proto=4.0868  min_dist=4.05  mean_dist=5.08
  [sigreg+proto] epoch 4/120  sigreg=0.7955  proto=3.2940  min_dist=4.08  mean_dist=5.11
  [sigreg+proto] epoch 5/120  sigreg=0.7699  proto=2.8023  min_dist=4.10  mean_dist=5.14
  [sigreg+proto] epoch 6/120  sigreg=0.7667  proto=2.3245  min_dist=4.12  mean_dist=5.17
  [sigreg+proto] epoch 7/120  sigreg=0.7811  proto=2.5141  min_dist=4.14  mean_dist=5.20
  [sigreg+proto] epoch 8/120  sigreg=0.7577  proto=1.7634  min_dist=4.16  mean_dist=5.23
  [sigreg+proto] epoch 9/120  sigreg=0.7305  proto=1.2735  min_dist=4.19  mean_dist=5.26
  [sigreg+proto] epoch 10/120  sigreg=0.7649  proto=1.0447  min_dist=4.21  mean_dist=5.29
  [sigreg+proto] epoch 11/120  sigreg=0.7615  proto=1.0169  min_dist=4.23  mean_dist=5.32
  [sigreg+proto] epoch 12/120  sigreg=0.7364  proto=0.6433  min_dist=4.25  mean_dist=5.35
  [sigreg+proto] epoch 13/120  sigreg=0.7437  proto=0.5779  min_dist=4.27  mean_dist=5.38
  [sigreg+proto] epoch 14/120  sigreg=0.7420  proto=0.3822  min_dist=4.30  mean_dist=5.41
  [sigreg+proto] epoch 15/120  sigreg=0.7207  proto=0.3019  min_dist=4.32  mean_dist=5.44
  [sigreg+proto] epoch 16/120  sigreg=0.6918  proto=0.4033  min_dist=4.34  mean_dist=5.47
  [sigreg+proto] epoch 17/120  sigreg=0.6562  proto=0.2403  min_dist=4.36  mean_dist=5.50
  [sigreg+proto] epoch 18/120  sigreg=0.6756  proto=0.2650  min_dist=4.38  mean_dist=5.53
  [sigreg+proto] epoch 19/120  sigreg=0.6755  proto=0.2032  min_dist=4.40  mean_dist=5.56
  [sigreg+proto] epoch 20/120  sigreg=0.6432  proto=0.1806  min_dist=4.42  mean_dist=5.59
  [sigreg+proto] epoch 21/120  sigreg=0.6731  proto=0.1075  min_dist=4.44  mean_dist=5.61
  [sigreg+proto] epoch 22/120  sigreg=0.6506  proto=0.2031  min_dist=4.47  mean_dist=5.64
  [sigreg+proto] epoch 23/120  sigreg=0.6298  proto=0.1286  min_dist=4.49  mean_dist=5.67
  [sigreg+proto] epoch 24/120  sigreg=0.6306  proto=0.1019  min_dist=4.51  mean_dist=5.70
  [sigreg+proto] epoch 25/120  sigreg=0.6107  proto=0.1183  min_dist=4.53  mean_dist=5.73
  [sigreg+proto] epoch 26/120  sigreg=0.6234  proto=0.0572  min_dist=4.55  mean_dist=5.76
  [sigreg+proto] epoch 27/120  sigreg=0.6322  proto=0.0898  min_dist=4.57  mean_dist=5.79
  [sigreg+proto] epoch 28/120  sigreg=0.5917  proto=0.0533  min_dist=4.59  mean_dist=5.81
  [sigreg+proto] epoch 29/120  sigreg=0.5792  proto=0.0305  min_dist=4.61  mean_dist=5.84
  [sigreg+proto] epoch 30/120  sigreg=0.5827  proto=0.0409  min_dist=4.63  mean_dist=5.87
  [sigreg+proto] epoch 31/120  sigreg=0.5579  proto=0.0333  min_dist=4.65  mean_dist=5.90
  [sigreg+proto] epoch 32/120  sigreg=0.5731  proto=0.0262  min_dist=4.67  mean_dist=5.93
  [sigreg+proto] epoch 33/120  sigreg=0.5507  proto=0.0271  min_dist=4.69  mean_dist=5.95
  [sigreg+proto] epoch 34/120  sigreg=0.5581  proto=0.0168  min_dist=4.71  mean_dist=5.98
  [sigreg+proto] epoch 35/120  sigreg=0.5631  proto=0.0178  min_dist=4.72  mean_dist=6.01
  [sigreg+proto] epoch 36/120  sigreg=0.5451  proto=0.0100  min_dist=4.74  mean_dist=6.04
  [sigreg+proto] epoch 37/120  sigreg=0.5368  proto=0.0095  min_dist=4.76  mean_dist=6.06
  [sigreg+proto] epoch 38/120  sigreg=0.5239  proto=0.0133  min_dist=4.78  mean_dist=6.09
  [sigreg+proto] epoch 39/120  sigreg=0.5045  proto=0.0100  min_dist=4.80  mean_dist=6.12
  [sigreg+proto] epoch 40/120  sigreg=0.5309  proto=0.0083  min_dist=4.82  mean_dist=6.14
  [sigreg+proto] epoch 41/120  sigreg=0.5154  proto=0.0094  min_dist=4.84  mean_dist=6.17
  [sigreg+proto] epoch 42/120  sigreg=0.5040  proto=0.0094  min_dist=4.86  mean_dist=6.20
  [sigreg+proto] epoch 43/120  sigreg=0.4986  proto=0.0097  min_dist=4.88  mean_dist=6.22
  [sigreg+proto] epoch 44/120  sigreg=0.4738  proto=0.0105  min_dist=4.90  mean_dist=6.25
  [sigreg+proto] epoch 45/120  sigreg=0.5056  proto=0.0092  min_dist=4.91  mean_dist=6.27
  [sigreg+proto] epoch 46/120  sigreg=0.4787  proto=0.0067  min_dist=4.93  mean_dist=6.30
  [sigreg+proto] epoch 47/120  sigreg=0.4834  proto=0.0081  min_dist=4.95  mean_dist=6.33
  [sigreg+proto] epoch 48/120  sigreg=0.4657  proto=0.0085  min_dist=4.97  mean_dist=6.35
  [sigreg+proto] epoch 49/120  sigreg=0.4639  proto=0.0077  min_dist=4.99  mean_dist=6.38
  [sigreg+proto] epoch 50/120  sigreg=0.4645  proto=0.0090  min_dist=5.01  mean_dist=6.40
  [sigreg+proto] epoch 51/120  sigreg=0.4402  proto=0.0086  min_dist=5.02  mean_dist=6.43
  [sigreg+proto] epoch 52/120  sigreg=0.4512  proto=0.0062  min_dist=5.04  mean_dist=6.45
  [sigreg+proto] epoch 53/120  sigreg=0.4463  proto=0.0074  min_dist=5.06  mean_dist=6.48
  [sigreg+proto] epoch 54/120  sigreg=0.4279  proto=0.0081  min_dist=5.08  mean_dist=6.51
  [sigreg+proto] epoch 55/120  sigreg=0.4457  proto=0.0076  min_dist=5.09  mean_dist=6.53
  [sigreg+proto] epoch 56/120  sigreg=0.4172  proto=0.0079  min_dist=5.11  mean_dist=6.56
  [sigreg+proto] epoch 57/120  sigreg=0.4294  proto=0.0066  min_dist=5.13  mean_dist=6.58
  [sigreg+proto] epoch 58/120  sigreg=0.4078  proto=0.0072  min_dist=5.15  mean_dist=6.61
  [sigreg+proto] epoch 59/120  sigreg=0.4241  proto=0.0066  min_dist=5.17  mean_dist=6.63
  [sigreg+proto] epoch 60/120  sigreg=0.4093  proto=0.0069  min_dist=5.18  mean_dist=6.65
  [sigreg+proto] epoch 61/120  sigreg=0.4160  proto=0.0061  min_dist=5.20  mean_dist=6.68
  [sigreg+proto] epoch 62/120  sigreg=0.4094  proto=0.0057  min_dist=5.22  mean_dist=6.70
  [sigreg+proto] epoch 63/120  sigreg=0.4080  proto=0.0053  min_dist=5.24  mean_dist=6.73
  [sigreg+proto] epoch 64/120  sigreg=0.3901  proto=0.0069  min_dist=5.25  mean_dist=6.75
  [sigreg+proto] epoch 65/120  sigreg=0.3958  proto=0.0066  min_dist=5.27  mean_dist=6.78
  [sigreg+proto] epoch 66/120  sigreg=0.3872  proto=0.0064  min_dist=5.29  mean_dist=6.80
  [sigreg+proto] epoch 67/120  sigreg=0.3853  proto=0.0064  min_dist=5.30  mean_dist=6.82
  [sigreg+proto] epoch 68/120  sigreg=0.3785  proto=0.0052  min_dist=5.32  mean_dist=6.85
  [sigreg+proto] epoch 69/120  sigreg=0.3813  proto=0.0055  min_dist=5.34  mean_dist=6.87
  [sigreg+proto] epoch 70/120  sigreg=0.3706  proto=0.0062  min_dist=5.35  mean_dist=6.90
  [sigreg+proto] epoch 71/120  sigreg=0.3678  proto=0.0056  min_dist=5.37  mean_dist=6.92
  [sigreg+proto] epoch 72/120  sigreg=0.3767  proto=0.0048  min_dist=5.39  mean_dist=6.94
  [sigreg+proto] epoch 73/120  sigreg=0.3702  proto=0.0047  min_dist=5.41  mean_dist=6.97
  [sigreg+proto] epoch 74/120  sigreg=0.3684  proto=0.0040  min_dist=5.42  mean_dist=6.99
  [sigreg+proto] epoch 75/120  sigreg=0.3605  proto=0.0049  min_dist=5.44  mean_dist=7.01
  [sigreg+proto] epoch 76/120  sigreg=0.3565  proto=0.0044  min_dist=5.46  mean_dist=7.04
  [sigreg+proto] epoch 77/120  sigreg=0.3511  proto=0.0043  min_dist=5.47  mean_dist=7.06
  [sigreg+proto] epoch 78/120  sigreg=0.3525  proto=0.0058  min_dist=5.49  mean_dist=7.08
  [sigreg+proto] epoch 79/120  sigreg=0.3683  proto=0.0039  min_dist=5.51  mean_dist=7.11
  [sigreg+proto] epoch 80/120  sigreg=0.3365  proto=0.0042  min_dist=5.52  mean_dist=7.13
  [sigreg+proto] epoch 81/120  sigreg=0.3500  proto=0.0034  min_dist=5.54  mean_dist=7.15
  [sigreg+proto] epoch 82/120  sigreg=0.3454  proto=0.0046  min_dist=5.55  mean_dist=7.17
  [sigreg+proto] epoch 83/120  sigreg=0.3375  proto=0.0040  min_dist=5.57  mean_dist=7.20
  [sigreg+proto] epoch 84/120  sigreg=0.3412  proto=0.0038  min_dist=5.59  mean_dist=7.22
  [sigreg+proto] epoch 85/120  sigreg=0.3329  proto=0.0035  min_dist=5.60  mean_dist=7.24
  [sigreg+proto] epoch 86/120  sigreg=0.3326  proto=0.0030  min_dist=5.62  mean_dist=7.27
  [sigreg+proto] epoch 87/120  sigreg=0.3251  proto=0.0031  min_dist=5.64  mean_dist=7.29
  [sigreg+proto] epoch 88/120  sigreg=0.3369  proto=0.0038  min_dist=5.65  mean_dist=7.31
  [sigreg+proto] epoch 89/120  sigreg=0.3281  proto=0.0030  min_dist=5.67  mean_dist=7.33
  [sigreg+proto] epoch 90/120  sigreg=0.3267  proto=0.0045  min_dist=5.68  mean_dist=7.35
  [sigreg+proto] epoch 91/120  sigreg=0.3173  proto=0.0031  min_dist=5.70  mean_dist=7.38
  [sigreg+proto] epoch 92/120  sigreg=0.3267  proto=0.0031  min_dist=5.71  mean_dist=7.40
  [sigreg+proto] epoch 93/120  sigreg=0.3284  proto=0.0028  min_dist=5.73  mean_dist=7.42
  [sigreg+proto] epoch 94/120  sigreg=0.3215  proto=0.0024  min_dist=5.75  mean_dist=7.44
  [sigreg+proto] epoch 95/120  sigreg=0.3069  proto=0.0024  min_dist=5.76  mean_dist=7.46
  [sigreg+proto] epoch 96/120  sigreg=0.3191  proto=0.0022  min_dist=5.78  mean_dist=7.49
  [sigreg+proto] epoch 97/120  sigreg=0.3168  proto=0.0024  min_dist=5.79  mean_dist=7.51
  [sigreg+proto] epoch 98/120  sigreg=0.3128  proto=0.0020  min_dist=5.81  mean_dist=7.53
  [sigreg+proto] epoch 99/120  sigreg=0.3097  proto=0.0022  min_dist=5.82  mean_dist=7.55
  [sigreg+proto] epoch 100/120  sigreg=0.2993  proto=0.0025  min_dist=5.84  mean_dist=7.57
  [sigreg+proto] epoch 101/120  sigreg=0.3096  proto=0.0021  min_dist=5.86  mean_dist=7.59
  [sigreg+proto] epoch 102/120  sigreg=0.3089  proto=0.0019  min_dist=5.87  mean_dist=7.62
  [sigreg+proto] epoch 103/120  sigreg=0.3169  proto=0.0029  min_dist=5.89  mean_dist=7.64
  [sigreg+proto] epoch 104/120  sigreg=0.3088  proto=0.0018  min_dist=5.90  mean_dist=7.66
  [sigreg+proto] epoch 105/120  sigreg=0.3002  proto=0.0023  min_dist=5.92  mean_dist=7.68
  [sigreg+proto] epoch 106/120  sigreg=0.3054  proto=0.0028  min_dist=5.93  mean_dist=7.70
  [sigreg+proto] epoch 107/120  sigreg=0.2932  proto=0.0018  min_dist=5.95  mean_dist=7.72
  [sigreg+proto] epoch 108/120  sigreg=0.2956  proto=0.0026  min_dist=5.96  mean_dist=7.74
  [sigreg+proto] epoch 109/120  sigreg=0.2931  proto=0.0028  min_dist=5.98  mean_dist=7.76
  [sigreg+proto] epoch 110/120  sigreg=0.2943  proto=0.0014  min_dist=5.99  mean_dist=7.78
  [sigreg+proto] epoch 111/120  sigreg=0.2948  proto=0.0024  min_dist=6.01  mean_dist=7.81
  [sigreg+proto] epoch 112/120  sigreg=0.2961  proto=0.0017  min_dist=6.02  mean_dist=7.83
  [sigreg+proto] epoch 113/120  sigreg=0.2845  proto=0.0013  min_dist=6.04  mean_dist=7.85
  [sigreg+proto] epoch 114/120  sigreg=0.2987  proto=0.0017  min_dist=6.05  mean_dist=7.87
  [sigreg+proto] epoch 115/120  sigreg=0.2934  proto=0.0016  min_dist=6.07  mean_dist=7.89
  [sigreg+proto] epoch 116/120  sigreg=0.2958  proto=0.0016  min_dist=6.08  mean_dist=7.91
  [sigreg+proto] epoch 117/120  sigreg=0.2836  proto=0.0012  min_dist=6.10  mean_dist=7.93
  [sigreg+proto] epoch 118/120  sigreg=0.2721  proto=0.0013  min_dist=6.11  mean_dist=7.95
  [sigreg+proto] epoch 119/120  sigreg=0.2903  proto=0.0010  min_dist=6.13  mean_dist=7.97
  [sigreg+proto] epoch 120/120  sigreg=0.2712  proto=0.0012  min_dist=6.14  mean_dist=7.99
--- [flowers/dino] sup-SIGReg (ce) ---
  seed anchors (random-direction): min pairwise distance=3.97 sigma
  balanced loader: 2040 samples, 3 batches of 24x24
  [sigreg+ce] epoch 1/120  sigreg=0.8602  ce=4.6166  min_dist=4.00  mean_dist=5.02
  [sigreg+ce] epoch 2/120  sigreg=0.8275  ce=4.3077  min_dist=4.03  mean_dist=5.06
  [sigreg+ce] epoch 3/120  sigreg=0.8292  ce=4.1703  min_dist=4.06  mean_dist=5.09
  [sigreg+ce] epoch 4/120  sigreg=0.8299  ce=3.9177  min_dist=4.09  mean_dist=5.13
  [sigreg+ce] epoch 5/120  sigreg=0.9238  ce=3.4364  min_dist=4.12  mean_dist=5.16
  [sigreg+ce] epoch 6/120  sigreg=0.9107  ce=3.3776  min_dist=4.14  mean_dist=5.20
  [sigreg+ce] epoch 7/120  sigreg=0.9856  ce=3.1462  min_dist=4.17  mean_dist=5.23
  [sigreg+ce] epoch 8/120  sigreg=1.0024  ce=2.8311  min_dist=4.19  mean_dist=5.26
  [sigreg+ce] epoch 9/120  sigreg=1.0689  ce=2.7218  min_dist=4.22  mean_dist=5.30
  [sigreg+ce] epoch 10/120  sigreg=1.1914  ce=2.1334  min_dist=4.24  mean_dist=5.33
  [sigreg+ce] epoch 11/120  sigreg=1.1217  ce=2.1873  min_dist=4.26  mean_dist=5.36
  [sigreg+ce] epoch 12/120  sigreg=1.1252  ce=2.2349  min_dist=4.29  mean_dist=5.40
  [sigreg+ce] epoch 13/120  sigreg=1.1651  ce=1.8358  min_dist=4.31  mean_dist=5.43
  [sigreg+ce] epoch 14/120  sigreg=1.0980  ce=1.8934  min_dist=4.33  mean_dist=5.46
  [sigreg+ce] epoch 15/120  sigreg=1.1521  ce=1.6986  min_dist=4.36  mean_dist=5.50
  [sigreg+ce] epoch 16/120  sigreg=1.1854  ce=1.5284  min_dist=4.38  mean_dist=5.53
  [sigreg+ce] epoch 17/120  sigreg=1.2197  ce=1.4344  min_dist=4.40  mean_dist=5.56
  [sigreg+ce] epoch 18/120  sigreg=1.1289  ce=1.4712  min_dist=4.43  mean_dist=5.60
  [sigreg+ce] epoch 19/120  sigreg=1.1882  ce=1.2303  min_dist=4.45  mean_dist=5.63
  [sigreg+ce] epoch 20/120  sigreg=1.1854  ce=1.1467  min_dist=4.47  mean_dist=5.66
  [sigreg+ce] epoch 21/120  sigreg=1.2343  ce=1.2168  min_dist=4.50  mean_dist=5.69
  [sigreg+ce] epoch 22/120  sigreg=1.1595  ce=1.1355  min_dist=4.52  mean_dist=5.73
  [sigreg+ce] epoch 23/120  sigreg=1.1564  ce=1.1067  min_dist=4.54  mean_dist=5.76
  [sigreg+ce] epoch 24/120  sigreg=1.1886  ce=0.8747  min_dist=4.57  mean_dist=5.79
  [sigreg+ce] epoch 25/120  sigreg=1.1612  ce=1.0277  min_dist=4.59  mean_dist=5.82
  [sigreg+ce] epoch 26/120  sigreg=1.1354  ce=0.8481  min_dist=4.61  mean_dist=5.85
  [sigreg+ce] epoch 27/120  sigreg=1.1541  ce=0.7895  min_dist=4.64  mean_dist=5.88
  [sigreg+ce] epoch 28/120  sigreg=1.1854  ce=0.7649  min_dist=4.66  mean_dist=5.91
  [sigreg+ce] epoch 29/120  sigreg=1.1430  ce=0.6846  min_dist=4.68  mean_dist=5.94
  [sigreg+ce] epoch 30/120  sigreg=1.1432  ce=0.6522  min_dist=4.70  mean_dist=5.98
  [sigreg+ce] epoch 31/120  sigreg=1.1164  ce=0.6198  min_dist=4.73  mean_dist=6.01
  [sigreg+ce] epoch 32/120  sigreg=1.1099  ce=0.6089  min_dist=4.75  mean_dist=6.04
  [sigreg+ce] epoch 33/120  sigreg=1.1090  ce=0.6229  min_dist=4.77  mean_dist=6.07
  [sigreg+ce] epoch 34/120  sigreg=1.1405  ce=0.6313  min_dist=4.79  mean_dist=6.10
  [sigreg+ce] epoch 35/120  sigreg=1.0953  ce=0.5505  min_dist=4.82  mean_dist=6.13
  [sigreg+ce] epoch 36/120  sigreg=1.0910  ce=0.5275  min_dist=4.84  mean_dist=6.16
  [sigreg+ce] epoch 37/120  sigreg=1.1045  ce=0.5323  min_dist=4.86  mean_dist=6.19
  [sigreg+ce] epoch 38/120  sigreg=1.0526  ce=0.5441  min_dist=4.88  mean_dist=6.22
  [sigreg+ce] epoch 39/120  sigreg=1.0472  ce=0.5003  min_dist=4.90  mean_dist=6.25
  [sigreg+ce] epoch 40/120  sigreg=1.0398  ce=0.4716  min_dist=4.93  mean_dist=6.28
  [sigreg+ce] epoch 41/120  sigreg=1.0592  ce=0.4589  min_dist=4.95  mean_dist=6.30
  [sigreg+ce] epoch 42/120  sigreg=1.1093  ce=0.3773  min_dist=4.97  mean_dist=6.33
  [sigreg+ce] epoch 43/120  sigreg=1.0283  ce=0.4330  min_dist=4.99  mean_dist=6.36
  [sigreg+ce] epoch 44/120  sigreg=1.0276  ce=0.4390  min_dist=5.01  mean_dist=6.39
  [sigreg+ce] epoch 45/120  sigreg=1.0319  ce=0.4227  min_dist=5.03  mean_dist=6.42
  [sigreg+ce] epoch 46/120  sigreg=1.0040  ce=0.3851  min_dist=5.06  mean_dist=6.45
  [sigreg+ce] epoch 47/120  sigreg=1.0658  ce=0.3694  min_dist=5.08  mean_dist=6.48
  [sigreg+ce] epoch 48/120  sigreg=1.0049  ce=0.3534  min_dist=5.10  mean_dist=6.51
  [sigreg+ce] epoch 49/120  sigreg=0.9949  ce=0.3429  min_dist=5.12  mean_dist=6.53
  [sigreg+ce] epoch 50/120  sigreg=0.9893  ce=0.3134  min_dist=5.14  mean_dist=6.56
  [sigreg+ce] epoch 51/120  sigreg=1.0139  ce=0.3578  min_dist=5.16  mean_dist=6.59
  [sigreg+ce] epoch 52/120  sigreg=0.9920  ce=0.3197  min_dist=5.18  mean_dist=6.62
  [sigreg+ce] epoch 53/120  sigreg=0.9940  ce=0.3077  min_dist=5.20  mean_dist=6.65
  [sigreg+ce] epoch 54/120  sigreg=0.9509  ce=0.3079  min_dist=5.23  mean_dist=6.67
  [sigreg+ce] epoch 55/120  sigreg=0.9078  ce=0.3011  min_dist=5.25  mean_dist=6.70
  [sigreg+ce] epoch 56/120  sigreg=0.9837  ce=0.2861  min_dist=5.27  mean_dist=6.73
  [sigreg+ce] epoch 57/120  sigreg=0.9679  ce=0.2759  min_dist=5.29  mean_dist=6.76
  [sigreg+ce] epoch 58/120  sigreg=0.9591  ce=0.2522  min_dist=5.31  mean_dist=6.78
  [sigreg+ce] epoch 59/120  sigreg=0.9526  ce=0.2789  min_dist=5.33  mean_dist=6.81
  [sigreg+ce] epoch 60/120  sigreg=0.9137  ce=0.2818  min_dist=5.35  mean_dist=6.84
  [sigreg+ce] epoch 61/120  sigreg=0.9077  ce=0.2858  min_dist=5.37  mean_dist=6.86
  [sigreg+ce] epoch 62/120  sigreg=0.9243  ce=0.2531  min_dist=5.39  mean_dist=6.89
  [sigreg+ce] epoch 63/120  sigreg=0.9129  ce=0.2557  min_dist=5.41  mean_dist=6.92
  [sigreg+ce] epoch 64/120  sigreg=0.9063  ce=0.2381  min_dist=5.43  mean_dist=6.94
  [sigreg+ce] epoch 65/120  sigreg=0.8916  ce=0.2395  min_dist=5.45  mean_dist=6.97
  [sigreg+ce] epoch 66/120  sigreg=0.9140  ce=0.2242  min_dist=5.47  mean_dist=6.99
  [sigreg+ce] epoch 67/120  sigreg=0.8839  ce=0.2394  min_dist=5.49  mean_dist=7.02
  [sigreg+ce] epoch 68/120  sigreg=0.8840  ce=0.2428  min_dist=5.51  mean_dist=7.05
  [sigreg+ce] epoch 69/120  sigreg=0.8951  ce=0.2318  min_dist=5.53  mean_dist=7.07
  [sigreg+ce] epoch 70/120  sigreg=0.8485  ce=0.2174  min_dist=5.55  mean_dist=7.10
  [sigreg+ce] epoch 71/120  sigreg=0.8490  ce=0.2088  min_dist=5.57  mean_dist=7.12
  [sigreg+ce] epoch 72/120  sigreg=0.8480  ce=0.2132  min_dist=5.59  mean_dist=7.15
  [sigreg+ce] epoch 73/120  sigreg=0.8641  ce=0.2072  min_dist=5.61  mean_dist=7.18
  [sigreg+ce] epoch 74/120  sigreg=0.8366  ce=0.2090  min_dist=5.63  mean_dist=7.20
  [sigreg+ce] epoch 75/120  sigreg=0.8191  ce=0.2148  min_dist=5.65  mean_dist=7.23
  [sigreg+ce] epoch 76/120  sigreg=0.8227  ce=0.2161  min_dist=5.67  mean_dist=7.25
  [sigreg+ce] epoch 77/120  sigreg=0.8304  ce=0.2008  min_dist=5.69  mean_dist=7.28
  [sigreg+ce] epoch 78/120  sigreg=0.7972  ce=0.1968  min_dist=5.71  mean_dist=7.30
  [sigreg+ce] epoch 79/120  sigreg=0.8278  ce=0.1793  min_dist=5.73  mean_dist=7.33
  [sigreg+ce] epoch 80/120  sigreg=0.8381  ce=0.1843  min_dist=5.75  mean_dist=7.35
  [sigreg+ce] epoch 81/120  sigreg=0.7796  ce=0.1902  min_dist=5.77  mean_dist=7.38
  [sigreg+ce] epoch 82/120  sigreg=0.7740  ce=0.1824  min_dist=5.79  mean_dist=7.40
  [sigreg+ce] epoch 83/120  sigreg=0.8090  ce=0.1809  min_dist=5.81  mean_dist=7.42
  [sigreg+ce] epoch 84/120  sigreg=0.7920  ce=0.1757  min_dist=5.82  mean_dist=7.45
  [sigreg+ce] epoch 85/120  sigreg=0.7978  ce=0.1811  min_dist=5.84  mean_dist=7.47
  [sigreg+ce] epoch 86/120  sigreg=0.7873  ce=0.1672  min_dist=5.86  mean_dist=7.50
  [sigreg+ce] epoch 87/120  sigreg=0.7998  ce=0.1682  min_dist=5.88  mean_dist=7.52
  [sigreg+ce] epoch 88/120  sigreg=0.7782  ce=0.1803  min_dist=5.90  mean_dist=7.54
  [sigreg+ce] epoch 89/120  sigreg=0.7560  ce=0.1730  min_dist=5.92  mean_dist=7.57
  [sigreg+ce] epoch 90/120  sigreg=0.7810  ce=0.1693  min_dist=5.94  mean_dist=7.59
  [sigreg+ce] epoch 91/120  sigreg=0.7665  ce=0.1621  min_dist=5.96  mean_dist=7.62
  [sigreg+ce] epoch 92/120  sigreg=0.7681  ce=0.1747  min_dist=5.98  mean_dist=7.64
  [sigreg+ce] epoch 93/120  sigreg=0.7183  ce=0.1697  min_dist=5.99  mean_dist=7.66
  [sigreg+ce] epoch 94/120  sigreg=0.7397  ce=0.1713  min_dist=6.01  mean_dist=7.69
  [sigreg+ce] epoch 95/120  sigreg=0.7331  ce=0.1593  min_dist=6.03  mean_dist=7.71
  [sigreg+ce] epoch 96/120  sigreg=0.7734  ce=0.1536  min_dist=6.05  mean_dist=7.73
  [sigreg+ce] epoch 97/120  sigreg=0.7793  ce=0.1598  min_dist=6.07  mean_dist=7.76
  [sigreg+ce] epoch 98/120  sigreg=0.7289  ce=0.1544  min_dist=6.09  mean_dist=7.78
  [sigreg+ce] epoch 99/120  sigreg=0.7437  ce=0.1565  min_dist=6.11  mean_dist=7.80
  [sigreg+ce] epoch 100/120  sigreg=0.6969  ce=0.1510  min_dist=6.12  mean_dist=7.83
  [sigreg+ce] epoch 101/120  sigreg=0.7371  ce=0.1555  min_dist=6.14  mean_dist=7.85
  [sigreg+ce] epoch 102/120  sigreg=0.7282  ce=0.1491  min_dist=6.16  mean_dist=7.87
  [sigreg+ce] epoch 103/120  sigreg=0.7161  ce=0.1504  min_dist=6.18  mean_dist=7.89
  [sigreg+ce] epoch 104/120  sigreg=0.7049  ce=0.1423  min_dist=6.20  mean_dist=7.92
  [sigreg+ce] epoch 105/120  sigreg=0.7010  ce=0.1347  min_dist=6.21  mean_dist=7.94
  [sigreg+ce] epoch 106/120  sigreg=0.6999  ce=0.1478  min_dist=6.23  mean_dist=7.96
  [sigreg+ce] epoch 107/120  sigreg=0.7215  ce=0.1376  min_dist=6.25  mean_dist=7.98
  [sigreg+ce] epoch 108/120  sigreg=0.6779  ce=0.1432  min_dist=6.27  mean_dist=8.01
  [sigreg+ce] epoch 109/120  sigreg=0.6957  ce=0.1364  min_dist=6.29  mean_dist=8.03
  [sigreg+ce] epoch 110/120  sigreg=0.7019  ce=0.1392  min_dist=6.30  mean_dist=8.05
  [sigreg+ce] epoch 111/120  sigreg=0.7117  ce=0.1387  min_dist=6.32  mean_dist=8.07
  [sigreg+ce] epoch 112/120  sigreg=0.6731  ce=0.1329  min_dist=6.34  mean_dist=8.09
  [sigreg+ce] epoch 113/120  sigreg=0.6890  ce=0.1412  min_dist=6.36  mean_dist=8.12
  [sigreg+ce] epoch 114/120  sigreg=0.6929  ce=0.1349  min_dist=6.37  mean_dist=8.14
  [sigreg+ce] epoch 115/120  sigreg=0.6883  ce=0.1353  min_dist=6.39  mean_dist=8.16
  [sigreg+ce] epoch 116/120  sigreg=0.6813  ce=0.1346  min_dist=6.41  mean_dist=8.18
  [sigreg+ce] epoch 117/120  sigreg=0.6661  ce=0.1299  min_dist=6.43  mean_dist=8.20
  [sigreg+ce] epoch 118/120  sigreg=0.6492  ce=0.1237  min_dist=6.44  mean_dist=8.22
  [sigreg+ce] epoch 119/120  sigreg=0.6460  ce=0.1330  min_dist=6.46  mean_dist=8.25
  [sigreg+ce] epoch 120/120  sigreg=0.6839  ce=0.1249  min_dist=6.48  mean_dist=8.27
  [flowers/dino] raw probe (768d)             96.6
  [flowers/dino] sup-proto                    87.5
  [flowers/dino] sup-proto (posterior)        82.0
  [flowers/dino] sup-proto+hybrid (concat)    93.4
  [flowers/dino] sup-ce                       92.7
  [flowers/dino] sup-ce+hybrid (concat)       95.0

######## flowers on LeJEPA ViT-B/16 (community repro) ########
  [simclr+sigreg] epoch 1/120  nt-xent=5.9572  sigreg=0.8777
  [simclr+sigreg] epoch 2/120  nt-xent=5.4980  sigreg=0.7823
  [simclr+sigreg] epoch 3/120  nt-xent=5.4676  sigreg=0.6792
  [simclr+sigreg] epoch 4/120  nt-xent=5.4772  sigreg=0.5837
  [simclr+sigreg] epoch 5/120  nt-xent=5.4800  sigreg=0.4442
  [simclr+sigreg] epoch 6/120  nt-xent=5.5015  sigreg=0.3250
  [simclr+sigreg] epoch 7/120  nt-xent=5.5174  sigreg=0.2585
  [simclr+sigreg] epoch 8/120  nt-xent=5.5350  sigreg=0.2094
  [simclr+sigreg] epoch 9/120  nt-xent=5.5243  sigreg=0.1818
  [simclr+sigreg] epoch 10/120  nt-xent=5.5199  sigreg=0.1694
  [simclr+sigreg] epoch 11/120  nt-xent=5.4991  sigreg=0.1874
  [simclr+sigreg] epoch 12/120  nt-xent=5.4710  sigreg=0.1471
  [simclr+sigreg] epoch 13/120  nt-xent=5.4661  sigreg=0.1264
  [simclr+sigreg] epoch 14/120  nt-xent=5.4454  sigreg=0.1386
  [simclr+sigreg] epoch 15/120  nt-xent=5.4314  sigreg=0.1195
  [simclr+sigreg] epoch 16/120  nt-xent=5.4270  sigreg=0.1159
  [simclr+sigreg] epoch 17/120  nt-xent=5.4225  sigreg=0.1044
  [simclr+sigreg] epoch 18/120  nt-xent=5.4001  sigreg=0.1028
  [simclr+sigreg] epoch 19/120  nt-xent=5.3971  sigreg=0.1106
  [simclr+sigreg] epoch 20/120  nt-xent=5.3832  sigreg=0.0973
  [simclr+sigreg] epoch 21/120  nt-xent=5.3806  sigreg=0.1070
  [simclr+sigreg] epoch 22/120  nt-xent=5.3678  sigreg=0.0914
  [simclr+sigreg] epoch 23/120  nt-xent=5.3614  sigreg=0.1007
  [simclr+sigreg] epoch 24/120  nt-xent=5.3622  sigreg=0.0788
  [simclr+sigreg] epoch 25/120  nt-xent=5.3555  sigreg=0.0889
  [simclr+sigreg] epoch 26/120  nt-xent=5.3509  sigreg=0.0817
  [simclr+sigreg] epoch 27/120  nt-xent=5.3441  sigreg=0.0810
  [simclr+sigreg] epoch 28/120  nt-xent=5.3438  sigreg=0.0756
  [simclr+sigreg] epoch 29/120  nt-xent=5.3381  sigreg=0.0777
  [simclr+sigreg] epoch 30/120  nt-xent=5.3313  sigreg=0.0751
  [simclr+sigreg] epoch 31/120  nt-xent=5.3361  sigreg=0.0751
  [simclr+sigreg] epoch 32/120  nt-xent=5.3281  sigreg=0.0878
  [simclr+sigreg] epoch 33/120  nt-xent=5.3306  sigreg=0.0929
  [simclr+sigreg] epoch 34/120  nt-xent=5.3251  sigreg=0.0926
  [simclr+sigreg] epoch 35/120  nt-xent=5.3211  sigreg=0.0793
  [simclr+sigreg] epoch 36/120  nt-xent=5.3174  sigreg=0.0814
  [simclr+sigreg] epoch 37/120  nt-xent=5.3127  sigreg=0.0735
  [simclr+sigreg] epoch 38/120  nt-xent=5.3116  sigreg=0.0713
  [simclr+sigreg] epoch 39/120  nt-xent=5.3058  sigreg=0.0734
  [simclr+sigreg] epoch 40/120  nt-xent=5.3004  sigreg=0.0622
  [simclr+sigreg] epoch 41/120  nt-xent=5.2974  sigreg=0.0804
  [simclr+sigreg] epoch 42/120  nt-xent=5.2949  sigreg=0.0794
  [simclr+sigreg] epoch 43/120  nt-xent=5.2932  sigreg=0.0698
  [simclr+sigreg] epoch 44/120  nt-xent=5.2930  sigreg=0.0710
  [simclr+sigreg] epoch 45/120  nt-xent=5.2923  sigreg=0.0781
  [simclr+sigreg] epoch 46/120  nt-xent=5.2909  sigreg=0.0736
  [simclr+sigreg] epoch 47/120  nt-xent=5.2892  sigreg=0.0713
  [simclr+sigreg] epoch 48/120  nt-xent=5.2876  sigreg=0.0794
  [simclr+sigreg] epoch 49/120  nt-xent=5.2879  sigreg=0.0648
  [simclr+sigreg] epoch 50/120  nt-xent=5.2818  sigreg=0.0698
  [simclr+sigreg] epoch 51/120  nt-xent=5.2873  sigreg=0.0658
  [simclr+sigreg] epoch 52/120  nt-xent=5.2911  sigreg=0.0741
  [simclr+sigreg] epoch 53/120  nt-xent=5.2861  sigreg=0.0782
  [simclr+sigreg] epoch 54/120  nt-xent=5.2831  sigreg=0.0635
  [simclr+sigreg] epoch 55/120  nt-xent=5.2807  sigreg=0.0777
  [simclr+sigreg] epoch 56/120  nt-xent=5.2774  sigreg=0.0652
  [simclr+sigreg] epoch 57/120  nt-xent=5.2799  sigreg=0.0671
  [simclr+sigreg] epoch 58/120  nt-xent=5.2738  sigreg=0.0769
  [simclr+sigreg] epoch 59/120  nt-xent=5.2741  sigreg=0.0653
  [simclr+sigreg] epoch 60/120  nt-xent=5.2810  sigreg=0.0627
  [simclr+sigreg] epoch 61/120  nt-xent=5.2706  sigreg=0.0620
  [simclr+sigreg] epoch 62/120  nt-xent=5.2678  sigreg=0.0708
  [simclr+sigreg] epoch 63/120  nt-xent=5.2695  sigreg=0.0652
  [simclr+sigreg] epoch 64/120  nt-xent=5.2686  sigreg=0.0653
  [simclr+sigreg] epoch 65/120  nt-xent=5.2736  sigreg=0.0724
  [simclr+sigreg] epoch 66/120  nt-xent=5.2683  sigreg=0.0669
  [simclr+sigreg] epoch 67/120  nt-xent=5.2622  sigreg=0.0606
  [simclr+sigreg] epoch 68/120  nt-xent=5.2645  sigreg=0.0570
  [simclr+sigreg] epoch 69/120  nt-xent=5.2619  sigreg=0.0624
  [simclr+sigreg] epoch 70/120  nt-xent=5.2585  sigreg=0.0735
  [simclr+sigreg] epoch 71/120  nt-xent=5.2555  sigreg=0.0492
  [simclr+sigreg] epoch 72/120  nt-xent=5.2471  sigreg=0.0635
  [simclr+sigreg] epoch 73/120  nt-xent=5.2562  sigreg=0.0548
  [simclr+sigreg] epoch 74/120  nt-xent=5.2537  sigreg=0.0652
  [simclr+sigreg] epoch 75/120  nt-xent=5.2487  sigreg=0.0554
  [simclr+sigreg] epoch 76/120  nt-xent=5.2472  sigreg=0.0557
  [simclr+sigreg] epoch 77/120  nt-xent=5.2462  sigreg=0.0655
  [simclr+sigreg] epoch 78/120  nt-xent=5.2435  sigreg=0.0605
  [simclr+sigreg] epoch 79/120  nt-xent=5.2442  sigreg=0.0577
  [simclr+sigreg] epoch 80/120  nt-xent=5.2461  sigreg=0.0537
  [simclr+sigreg] epoch 81/120  nt-xent=5.2407  sigreg=0.0546
  [simclr+sigreg] epoch 82/120  nt-xent=5.2449  sigreg=0.0581
  [simclr+sigreg] epoch 83/120  nt-xent=5.2480  sigreg=0.0611
  [simclr+sigreg] epoch 84/120  nt-xent=5.2423  sigreg=0.0629
  [simclr+sigreg] epoch 85/120  nt-xent=5.2419  sigreg=0.0596
  [simclr+sigreg] epoch 86/120  nt-xent=5.2369  sigreg=0.0573
  [simclr+sigreg] epoch 87/120  nt-xent=5.2421  sigreg=0.0559
  [simclr+sigreg] epoch 88/120  nt-xent=5.2368  sigreg=0.0524
  [simclr+sigreg] epoch 89/120  nt-xent=5.2389  sigreg=0.0553
  [simclr+sigreg] epoch 90/120  nt-xent=5.2355  sigreg=0.0600
  [simclr+sigreg] epoch 91/120  nt-xent=5.2419  sigreg=0.0580
  [simclr+sigreg] epoch 92/120  nt-xent=5.2359  sigreg=0.0538
  [simclr+sigreg] epoch 93/120  nt-xent=5.2373  sigreg=0.0558
  [simclr+sigreg] epoch 94/120  nt-xent=5.2340  sigreg=0.0560
  [simclr+sigreg] epoch 95/120  nt-xent=5.2431  sigreg=0.0546
  [simclr+sigreg] epoch 96/120  nt-xent=5.2389  sigreg=0.0579
  [simclr+sigreg] epoch 97/120  nt-xent=5.2343  sigreg=0.0542
  [simclr+sigreg] epoch 98/120  nt-xent=5.2321  sigreg=0.0634
  [simclr+sigreg] epoch 99/120  nt-xent=5.2287  sigreg=0.0532
  [simclr+sigreg] epoch 100/120  nt-xent=5.2331  sigreg=0.0556
  [simclr+sigreg] epoch 101/120  nt-xent=5.2305  sigreg=0.0493
  [simclr+sigreg] epoch 102/120  nt-xent=5.2320  sigreg=0.0543
  [simclr+sigreg] epoch 103/120  nt-xent=5.2220  sigreg=0.0550
  [simclr+sigreg] epoch 104/120  nt-xent=5.2272  sigreg=0.0452
  [simclr+sigreg] epoch 105/120  nt-xent=5.2210  sigreg=0.0508
  [simclr+sigreg] epoch 106/120  nt-xent=5.2238  sigreg=0.0497
  [simclr+sigreg] epoch 107/120  nt-xent=5.2268  sigreg=0.0488
  [simclr+sigreg] epoch 108/120  nt-xent=5.2246  sigreg=0.0532
  [simclr+sigreg] epoch 109/120  nt-xent=5.2214  sigreg=0.0505
  [simclr+sigreg] epoch 110/120  nt-xent=5.2243  sigreg=0.0496
  [simclr+sigreg] epoch 111/120  nt-xent=5.2229  sigreg=0.0518
  [simclr+sigreg] epoch 112/120  nt-xent=5.2257  sigreg=0.0551
  [simclr+sigreg] epoch 113/120  nt-xent=5.2225  sigreg=0.0538
  [simclr+sigreg] epoch 114/120  nt-xent=5.2245  sigreg=0.0492
  [simclr+sigreg] epoch 115/120  nt-xent=5.2221  sigreg=0.0532
  [simclr+sigreg] epoch 116/120  nt-xent=5.2245  sigreg=0.0551
  [simclr+sigreg] epoch 117/120  nt-xent=5.2225  sigreg=0.0525
  [simclr+sigreg] epoch 118/120  nt-xent=5.2252  sigreg=0.0514
  [simclr+sigreg] epoch 119/120  nt-xent=5.2266  sigreg=0.0530
  [simclr+sigreg] epoch 120/120  nt-xent=5.2211  sigreg=0.0515
--- [flowers/lejepa] sup-SIGReg (proto) ---
  seed anchors (random-direction): min pairwise distance=3.97 sigma
  balanced loader: 2040 samples, 3 batches of 24x24
  [sigreg+proto] epoch 1/120  sigreg=1.0200  proto=4.6091  min_dist=4.00  mean_dist=5.02
  [sigreg+proto] epoch 2/120  sigreg=1.0183  proto=4.6565  min_dist=4.03  mean_dist=5.06
  [sigreg+proto] epoch 3/120  sigreg=1.0008  proto=4.4204  min_dist=4.05  mean_dist=5.09
  [sigreg+proto] epoch 4/120  sigreg=0.9905  proto=4.1966  min_dist=4.08  mean_dist=5.12
  [sigreg+proto] epoch 5/120  sigreg=0.9696  proto=3.9757  min_dist=4.11  mean_dist=5.15
  [sigreg+proto] epoch 6/120  sigreg=0.9636  proto=3.8688  min_dist=4.13  mean_dist=5.18
  [sigreg+proto] epoch 7/120  sigreg=0.9681  proto=3.9056  min_dist=4.16  mean_dist=5.21
  [sigreg+proto] epoch 8/120  sigreg=0.9373  proto=3.5391  min_dist=4.18  mean_dist=5.25
  [sigreg+proto] epoch 9/120  sigreg=0.9274  proto=3.2040  min_dist=4.20  mean_dist=5.28
  [sigreg+proto] epoch 10/120  sigreg=0.9228  proto=3.1585  min_dist=4.22  mean_dist=5.31
  [sigreg+proto] epoch 11/120  sigreg=0.9024  proto=2.8705  min_dist=4.25  mean_dist=5.34
  [sigreg+proto] epoch 12/120  sigreg=0.8815  proto=2.5838  min_dist=4.27  mean_dist=5.37
  [sigreg+proto] epoch 13/120  sigreg=0.8940  proto=2.7126  min_dist=4.29  mean_dist=5.40
  [sigreg+proto] epoch 14/120  sigreg=0.8809  proto=2.4757  min_dist=4.31  mean_dist=5.43
  [sigreg+proto] epoch 15/120  sigreg=0.8817  proto=2.1818  min_dist=4.34  mean_dist=5.46
  [sigreg+proto] epoch 16/120  sigreg=0.8872  proto=2.6914  min_dist=4.36  mean_dist=5.49
  [sigreg+proto] epoch 17/120  sigreg=0.8437  proto=2.1764  min_dist=4.38  mean_dist=5.52
  [sigreg+proto] epoch 18/120  sigreg=0.8322  proto=2.0362  min_dist=4.40  mean_dist=5.55
  [sigreg+proto] epoch 19/120  sigreg=0.8589  proto=1.9639  min_dist=4.42  mean_dist=5.58
  [sigreg+proto] epoch 20/120  sigreg=0.8333  proto=1.8650  min_dist=4.44  mean_dist=5.61
  [sigreg+proto] epoch 21/120  sigreg=0.8369  proto=1.5286  min_dist=4.47  mean_dist=5.64
  [sigreg+proto] epoch 22/120  sigreg=0.8424  proto=1.7421  min_dist=4.49  mean_dist=5.67
  [sigreg+proto] epoch 23/120  sigreg=0.8198  proto=1.7539  min_dist=4.51  mean_dist=5.69
  [sigreg+proto] epoch 24/120  sigreg=0.8150  proto=1.4953  min_dist=4.53  mean_dist=5.72
  [sigreg+proto] epoch 25/120  sigreg=0.8161  proto=1.7033  min_dist=4.55  mean_dist=5.75
  [sigreg+proto] epoch 26/120  sigreg=0.8219  proto=1.4713  min_dist=4.58  mean_dist=5.78
  [sigreg+proto] epoch 27/120  sigreg=0.8140  proto=1.1963  min_dist=4.60  mean_dist=5.81
  [sigreg+proto] epoch 28/120  sigreg=0.8021  proto=1.4300  min_dist=4.62  mean_dist=5.83
  [sigreg+proto] epoch 29/120  sigreg=0.8065  proto=1.1247  min_dist=4.64  mean_dist=5.86
  [sigreg+proto] epoch 30/120  sigreg=0.8151  proto=1.1899  min_dist=4.66  mean_dist=5.89
  [sigreg+proto] epoch 31/120  sigreg=0.8051  proto=1.1336  min_dist=4.68  mean_dist=5.92
  [sigreg+proto] epoch 32/120  sigreg=0.8094  proto=0.7788  min_dist=4.70  mean_dist=5.94
  [sigreg+proto] epoch 33/120  sigreg=0.8011  proto=1.0311  min_dist=4.72  mean_dist=5.97
  [sigreg+proto] epoch 34/120  sigreg=0.7973  proto=1.0046  min_dist=4.74  mean_dist=6.00
  [sigreg+proto] epoch 35/120  sigreg=0.7976  proto=0.8781  min_dist=4.76  mean_dist=6.02
  [sigreg+proto] epoch 36/120  sigreg=0.7674  proto=0.7506  min_dist=4.78  mean_dist=6.05
  [sigreg+proto] epoch 37/120  sigreg=0.8158  proto=0.7530  min_dist=4.80  mean_dist=6.08
  [sigreg+proto] epoch 38/120  sigreg=0.7612  proto=0.7254  min_dist=4.82  mean_dist=6.10
  [sigreg+proto] epoch 39/120  sigreg=0.7734  proto=0.6847  min_dist=4.84  mean_dist=6.13
  [sigreg+proto] epoch 40/120  sigreg=0.7921  proto=0.6670  min_dist=4.86  mean_dist=6.16
  [sigreg+proto] epoch 41/120  sigreg=0.7910  proto=0.5729  min_dist=4.88  mean_dist=6.18
  [sigreg+proto] epoch 42/120  sigreg=0.7873  proto=0.6232  min_dist=4.90  mean_dist=6.21
  [sigreg+proto] epoch 43/120  sigreg=0.7813  proto=0.4550  min_dist=4.92  mean_dist=6.23
  [sigreg+proto] epoch 44/120  sigreg=0.7442  proto=0.4983  min_dist=4.94  mean_dist=6.26
  [sigreg+proto] epoch 45/120  sigreg=0.7773  proto=0.5115  min_dist=4.96  mean_dist=6.28
  [sigreg+proto] epoch 46/120  sigreg=0.7581  proto=0.4387  min_dist=4.97  mean_dist=6.31
  [sigreg+proto] epoch 47/120  sigreg=0.7453  proto=0.4328  min_dist=4.99  mean_dist=6.34
  [sigreg+proto] epoch 48/120  sigreg=0.7471  proto=0.4605  min_dist=5.01  mean_dist=6.36
  [sigreg+proto] epoch 49/120  sigreg=0.7466  proto=0.4389  min_dist=5.03  mean_dist=6.39
  [sigreg+proto] epoch 50/120  sigreg=0.7595  proto=0.3649  min_dist=5.05  mean_dist=6.41
  [sigreg+proto] epoch 51/120  sigreg=0.7346  proto=0.3616  min_dist=5.07  mean_dist=6.43
  [sigreg+proto] epoch 52/120  sigreg=0.7452  proto=0.3220  min_dist=5.09  mean_dist=6.46
  [sigreg+proto] epoch 53/120  sigreg=0.7303  proto=0.3362  min_dist=5.11  mean_dist=6.48
  [sigreg+proto] epoch 54/120  sigreg=0.7188  proto=0.3483  min_dist=5.13  mean_dist=6.51
  [sigreg+proto] epoch 55/120  sigreg=0.7485  proto=0.3330  min_dist=5.15  mean_dist=6.53
  [sigreg+proto] epoch 56/120  sigreg=0.7286  proto=0.2797  min_dist=5.17  mean_dist=6.56
  [sigreg+proto] epoch 57/120  sigreg=0.7294  proto=0.2418  min_dist=5.18  mean_dist=6.58
  [sigreg+proto] epoch 58/120  sigreg=0.7188  proto=0.3047  min_dist=5.20  mean_dist=6.61
  [sigreg+proto] epoch 59/120  sigreg=0.7362  proto=0.2759  min_dist=5.22  mean_dist=6.63
  [sigreg+proto] epoch 60/120  sigreg=0.7285  proto=0.2750  min_dist=5.24  mean_dist=6.65
  [sigreg+proto] epoch 61/120  sigreg=0.7204  proto=0.2475  min_dist=5.26  mean_dist=6.68
  [sigreg+proto] epoch 62/120  sigreg=0.7328  proto=0.1846  min_dist=5.27  mean_dist=6.70
  [sigreg+proto] epoch 63/120  sigreg=0.7359  proto=0.1906  min_dist=5.29  mean_dist=6.73
  [sigreg+proto] epoch 64/120  sigreg=0.7186  proto=0.1519  min_dist=5.31  mean_dist=6.75
  [sigreg+proto] epoch 65/120  sigreg=0.7258  proto=0.1941  min_dist=5.33  mean_dist=6.77
  [sigreg+proto] epoch 66/120  sigreg=0.7111  proto=0.1835  min_dist=5.35  mean_dist=6.80
  [sigreg+proto] epoch 67/120  sigreg=0.7051  proto=0.1546  min_dist=5.36  mean_dist=6.82
  [sigreg+proto] epoch 68/120  sigreg=0.7087  proto=0.1452  min_dist=5.38  mean_dist=6.84
  [sigreg+proto] epoch 69/120  sigreg=0.7092  proto=0.1444  min_dist=5.40  mean_dist=6.87
  [sigreg+proto] epoch 70/120  sigreg=0.7017  proto=0.1466  min_dist=5.42  mean_dist=6.89
  [sigreg+proto] epoch 71/120  sigreg=0.7067  proto=0.1437  min_dist=5.43  mean_dist=6.91
  [sigreg+proto] epoch 72/120  sigreg=0.6949  proto=0.1142  min_dist=5.45  mean_dist=6.93
  [sigreg+proto] epoch 73/120  sigreg=0.7161  proto=0.1378  min_dist=5.47  mean_dist=6.96
  [sigreg+proto] epoch 74/120  sigreg=0.7088  proto=0.0982  min_dist=5.49  mean_dist=6.98
  [sigreg+proto] epoch 75/120  sigreg=0.6993  proto=0.0931  min_dist=5.50  mean_dist=7.00
  [sigreg+proto] epoch 76/120  sigreg=0.6931  proto=0.1171  min_dist=5.52  mean_dist=7.02
  [sigreg+proto] epoch 77/120  sigreg=0.6801  proto=0.0962  min_dist=5.54  mean_dist=7.05
  [sigreg+proto] epoch 78/120  sigreg=0.7000  proto=0.0920  min_dist=5.56  mean_dist=7.07
  [sigreg+proto] epoch 79/120  sigreg=0.7006  proto=0.1101  min_dist=5.57  mean_dist=7.09
  [sigreg+proto] epoch 80/120  sigreg=0.6937  proto=0.0661  min_dist=5.59  mean_dist=7.11
  [sigreg+proto] epoch 81/120  sigreg=0.6891  proto=0.0790  min_dist=5.61  mean_dist=7.14
  [sigreg+proto] epoch 82/120  sigreg=0.6899  proto=0.0851  min_dist=5.62  mean_dist=7.16
  [sigreg+proto] epoch 83/120  sigreg=0.6758  proto=0.0694  min_dist=5.64  mean_dist=7.18
  [sigreg+proto] epoch 84/120  sigreg=0.6851  proto=0.0821  min_dist=5.66  mean_dist=7.20
  [sigreg+proto] epoch 85/120  sigreg=0.6827  proto=0.0711  min_dist=5.67  mean_dist=7.22
  [sigreg+proto] epoch 86/120  sigreg=0.6687  proto=0.0660  min_dist=5.69  mean_dist=7.25
  [sigreg+proto] epoch 87/120  sigreg=0.6676  proto=0.0626  min_dist=5.71  mean_dist=7.27
  [sigreg+proto] epoch 88/120  sigreg=0.6668  proto=0.0573  min_dist=5.72  mean_dist=7.29
  [sigreg+proto] epoch 89/120  sigreg=0.6814  proto=0.0737  min_dist=5.74  mean_dist=7.31
  [sigreg+proto] epoch 90/120  sigreg=0.6716  proto=0.0503  min_dist=5.76  mean_dist=7.33
  [sigreg+proto] epoch 91/120  sigreg=0.6506  proto=0.0569  min_dist=5.77  mean_dist=7.35
  [sigreg+proto] epoch 92/120  sigreg=0.6643  proto=0.0693  min_dist=5.79  mean_dist=7.38
  [sigreg+proto] epoch 93/120  sigreg=0.6681  proto=0.0537  min_dist=5.81  mean_dist=7.40
  [sigreg+proto] epoch 94/120  sigreg=0.6773  proto=0.0530  min_dist=5.82  mean_dist=7.42
  [sigreg+proto] epoch 95/120  sigreg=0.6620  proto=0.0577  min_dist=5.84  mean_dist=7.44
  [sigreg+proto] epoch 96/120  sigreg=0.6601  proto=0.0456  min_dist=5.86  mean_dist=7.46
  [sigreg+proto] epoch 97/120  sigreg=0.6686  proto=0.0415  min_dist=5.87  mean_dist=7.48
  [sigreg+proto] epoch 98/120  sigreg=0.6615  proto=0.0519  min_dist=5.89  mean_dist=7.50
  [sigreg+proto] epoch 99/120  sigreg=0.6503  proto=0.0393  min_dist=5.91  mean_dist=7.52
  [sigreg+proto] epoch 100/120  sigreg=0.6386  proto=0.0365  min_dist=5.92  mean_dist=7.54
  [sigreg+proto] epoch 101/120  sigreg=0.6523  proto=0.0412  min_dist=5.94  mean_dist=7.57
  [sigreg+proto] epoch 102/120  sigreg=0.6569  proto=0.0481  min_dist=5.95  mean_dist=7.59
  [sigreg+proto] epoch 103/120  sigreg=0.6665  proto=0.0466  min_dist=5.97  mean_dist=7.61
  [sigreg+proto] epoch 104/120  sigreg=0.6437  proto=0.0389  min_dist=5.99  mean_dist=7.63
  [sigreg+proto] epoch 105/120  sigreg=0.6255  proto=0.0372  min_dist=6.00  mean_dist=7.65
  [sigreg+proto] epoch 106/120  sigreg=0.6461  proto=0.0380  min_dist=6.02  mean_dist=7.67
  [sigreg+proto] epoch 107/120  sigreg=0.6373  proto=0.0339  min_dist=6.03  mean_dist=7.69
  [sigreg+proto] epoch 108/120  sigreg=0.6364  proto=0.0403  min_dist=6.05  mean_dist=7.71
  [sigreg+proto] epoch 109/120  sigreg=0.6295  proto=0.0363  min_dist=6.07  mean_dist=7.73
  [sigreg+proto] epoch 110/120  sigreg=0.6252  proto=0.0398  min_dist=6.08  mean_dist=7.75
  [sigreg+proto] epoch 111/120  sigreg=0.6139  proto=0.0339  min_dist=6.10  mean_dist=7.77
  [sigreg+proto] epoch 112/120  sigreg=0.6494  proto=0.0300  min_dist=6.11  mean_dist=7.79
  [sigreg+proto] epoch 113/120  sigreg=0.6321  proto=0.0268  min_dist=6.13  mean_dist=7.81
  [sigreg+proto] epoch 114/120  sigreg=0.6470  proto=0.0291  min_dist=6.15  mean_dist=7.83
  [sigreg+proto] epoch 115/120  sigreg=0.6039  proto=0.0286  min_dist=6.16  mean_dist=7.85
  [sigreg+proto] epoch 116/120  sigreg=0.6126  proto=0.0295  min_dist=6.18  mean_dist=7.87
  [sigreg+proto] epoch 117/120  sigreg=0.6140  proto=0.0283  min_dist=6.19  mean_dist=7.89
  [sigreg+proto] epoch 118/120  sigreg=0.6044  proto=0.0276  min_dist=6.21  mean_dist=7.91
  [sigreg+proto] epoch 119/120  sigreg=0.6371  proto=0.0233  min_dist=6.22  mean_dist=7.93
  [sigreg+proto] epoch 120/120  sigreg=0.6132  proto=0.0215  min_dist=6.24  mean_dist=7.95
--- [flowers/lejepa] sup-SIGReg (ce) ---
  seed anchors (random-direction): min pairwise distance=3.97 sigma
  balanced loader: 2040 samples, 3 batches of 24x24
  [sigreg+ce] epoch 1/120  sigreg=1.0161  ce=4.6277  min_dist=4.00  mean_dist=5.02
  [sigreg+ce] epoch 2/120  sigreg=1.0013  ce=4.5574  min_dist=4.03  mean_dist=5.06
  [sigreg+ce] epoch 3/120  sigreg=0.9834  ce=4.5352  min_dist=4.06  mean_dist=5.09
  [sigreg+ce] epoch 4/120  sigreg=0.9721  ce=4.4403  min_dist=4.09  mean_dist=5.13
  [sigreg+ce] epoch 5/120  sigreg=0.9548  ce=4.2862  min_dist=4.12  mean_dist=5.16
  [sigreg+ce] epoch 6/120  sigreg=0.9682  ce=4.2840  min_dist=4.14  mean_dist=5.20
  [sigreg+ce] epoch 7/120  sigreg=0.9210  ce=4.2384  min_dist=4.17  mean_dist=5.23
  [sigreg+ce] epoch 8/120  sigreg=0.8888  ce=4.1722  min_dist=4.19  mean_dist=5.26
  [sigreg+ce] epoch 9/120  sigreg=0.9359  ce=4.0135  min_dist=4.22  mean_dist=5.30
  [sigreg+ce] epoch 10/120  sigreg=0.9102  ce=3.8514  min_dist=4.24  mean_dist=5.33
  [sigreg+ce] epoch 11/120  sigreg=0.8919  ce=3.8703  min_dist=4.26  mean_dist=5.36
  [sigreg+ce] epoch 12/120  sigreg=0.9893  ce=3.6197  min_dist=4.29  mean_dist=5.40
  [sigreg+ce] epoch 13/120  sigreg=1.0400  ce=3.4034  min_dist=4.31  mean_dist=5.43
  [sigreg+ce] epoch 14/120  sigreg=0.9720  ce=3.5295  min_dist=4.33  mean_dist=5.47
  [sigreg+ce] epoch 15/120  sigreg=0.9207  ce=3.5449  min_dist=4.36  mean_dist=5.50
  [sigreg+ce] epoch 16/120  sigreg=0.9541  ce=3.3233  min_dist=4.38  mean_dist=5.53
  [sigreg+ce] epoch 17/120  sigreg=0.9682  ce=3.3298  min_dist=4.41  mean_dist=5.56
  [sigreg+ce] epoch 18/120  sigreg=0.9489  ce=3.2514  min_dist=4.43  mean_dist=5.60
  [sigreg+ce] epoch 19/120  sigreg=0.9333  ce=3.1872  min_dist=4.45  mean_dist=5.63
  [sigreg+ce] epoch 20/120  sigreg=1.0178  ce=2.9281  min_dist=4.48  mean_dist=5.66
  [sigreg+ce] epoch 21/120  sigreg=0.9805  ce=3.0818  min_dist=4.50  mean_dist=5.69
  [sigreg+ce] epoch 22/120  sigreg=0.9980  ce=2.8742  min_dist=4.52  mean_dist=5.73
  [sigreg+ce] epoch 23/120  sigreg=0.9747  ce=2.8910  min_dist=4.54  mean_dist=5.76
  [sigreg+ce] epoch 24/120  sigreg=1.0028  ce=2.6637  min_dist=4.57  mean_dist=5.79
  [sigreg+ce] epoch 25/120  sigreg=0.9993  ce=2.7379  min_dist=4.59  mean_dist=5.82
  [sigreg+ce] epoch 26/120  sigreg=1.0118  ce=2.5290  min_dist=4.61  mean_dist=5.85
  [sigreg+ce] epoch 27/120  sigreg=0.9912  ce=2.5552  min_dist=4.64  mean_dist=5.88
  [sigreg+ce] epoch 28/120  sigreg=1.0288  ce=2.4938  min_dist=4.66  mean_dist=5.92
  [sigreg+ce] epoch 29/120  sigreg=1.0549  ce=2.3555  min_dist=4.68  mean_dist=5.95
  [sigreg+ce] epoch 30/120  sigreg=1.0407  ce=2.1813  min_dist=4.70  mean_dist=5.98
  [sigreg+ce] epoch 31/120  sigreg=1.0711  ce=2.1996  min_dist=4.73  mean_dist=6.01
  [sigreg+ce] epoch 32/120  sigreg=1.0734  ce=2.1370  min_dist=4.75  mean_dist=6.04
  [sigreg+ce] epoch 33/120  sigreg=1.0543  ce=2.1838  min_dist=4.77  mean_dist=6.07
  [sigreg+ce] epoch 34/120  sigreg=1.1331  ce=2.1861  min_dist=4.79  mean_dist=6.10
  [sigreg+ce] epoch 35/120  sigreg=1.1067  ce=1.9771  min_dist=4.82  mean_dist=6.13
  [sigreg+ce] epoch 36/120  sigreg=1.0873  ce=1.8917  min_dist=4.84  mean_dist=6.16
  [sigreg+ce] epoch 37/120  sigreg=1.1057  ce=1.9334  min_dist=4.86  mean_dist=6.19
  [sigreg+ce] epoch 38/120  sigreg=1.0809  ce=2.0833  min_dist=4.88  mean_dist=6.22
  [sigreg+ce] epoch 39/120  sigreg=1.0528  ce=1.8697  min_dist=4.90  mean_dist=6.25
  [sigreg+ce] epoch 40/120  sigreg=1.0663  ce=1.8249  min_dist=4.93  mean_dist=6.28
  [sigreg+ce] epoch 41/120  sigreg=1.0780  ce=1.8108  min_dist=4.95  mean_dist=6.31
  [sigreg+ce] epoch 42/120  sigreg=1.1238  ce=1.6682  min_dist=4.97  mean_dist=6.34
  [sigreg+ce] epoch 43/120  sigreg=1.1050  ce=1.6585  min_dist=4.99  mean_dist=6.36
  [sigreg+ce] epoch 44/120  sigreg=1.0833  ce=1.6782  min_dist=5.01  mean_dist=6.39
  [sigreg+ce] epoch 45/120  sigreg=1.1396  ce=1.6912  min_dist=5.04  mean_dist=6.42
  [sigreg+ce] epoch 46/120  sigreg=1.1215  ce=1.4717  min_dist=5.06  mean_dist=6.45
  [sigreg+ce] epoch 47/120  sigreg=1.0860  ce=1.6027  min_dist=5.08  mean_dist=6.48
  [sigreg+ce] epoch 48/120  sigreg=1.0891  ce=1.5439  min_dist=5.10  mean_dist=6.51
  [sigreg+ce] epoch 49/120  sigreg=1.1368  ce=1.4569  min_dist=5.12  mean_dist=6.54
  [sigreg+ce] epoch 50/120  sigreg=1.1479  ce=1.2444  min_dist=5.14  mean_dist=6.56
  [sigreg+ce] epoch 51/120  sigreg=1.0976  ce=1.4952  min_dist=5.16  mean_dist=6.59
  [sigreg+ce] epoch 52/120  sigreg=1.1370  ce=1.1970  min_dist=5.19  mean_dist=6.62
  [sigreg+ce] epoch 53/120  sigreg=1.1216  ce=1.2124  min_dist=5.21  mean_dist=6.65
  [sigreg+ce] epoch 54/120  sigreg=1.1855  ce=1.0819  min_dist=5.23  mean_dist=6.67
  [sigreg+ce] epoch 55/120  sigreg=1.0925  ce=1.2447  min_dist=5.25  mean_dist=6.70
  [sigreg+ce] epoch 56/120  sigreg=1.0748  ce=1.2945  min_dist=5.27  mean_dist=6.73
  [sigreg+ce] epoch 57/120  sigreg=1.1032  ce=1.1734  min_dist=5.29  mean_dist=6.76
  [sigreg+ce] epoch 58/120  sigreg=1.1623  ce=1.0769  min_dist=5.31  mean_dist=6.78
  [sigreg+ce] epoch 59/120  sigreg=1.1506  ce=1.0537  min_dist=5.33  mean_dist=6.81
  [sigreg+ce] epoch 60/120  sigreg=1.0705  ce=1.1754  min_dist=5.35  mean_dist=6.84
  [sigreg+ce] epoch 61/120  sigreg=1.0588  ce=1.2539  min_dist=5.37  mean_dist=6.86
  [sigreg+ce] epoch 62/120  sigreg=1.1273  ce=1.0941  min_dist=5.39  mean_dist=6.89
  [sigreg+ce] epoch 63/120  sigreg=1.1724  ce=1.0156  min_dist=5.41  mean_dist=6.92
  [sigreg+ce] epoch 64/120  sigreg=1.1285  ce=0.9565  min_dist=5.43  mean_dist=6.94
  [sigreg+ce] epoch 65/120  sigreg=1.0845  ce=0.9456  min_dist=5.45  mean_dist=6.97
  [sigreg+ce] epoch 66/120  sigreg=1.0936  ce=0.9329  min_dist=5.47  mean_dist=7.00
  [sigreg+ce] epoch 67/120  sigreg=1.1212  ce=0.9174  min_dist=5.49  mean_dist=7.02
  [sigreg+ce] epoch 68/120  sigreg=1.0799  ce=1.0215  min_dist=5.52  mean_dist=7.05
  [sigreg+ce] epoch 69/120  sigreg=1.1163  ce=0.8551  min_dist=5.54  mean_dist=7.07
  [sigreg+ce] epoch 70/120  sigreg=1.1018  ce=0.7709  min_dist=5.56  mean_dist=7.10
  [sigreg+ce] epoch 71/120  sigreg=1.0814  ce=0.8489  min_dist=5.57  mean_dist=7.12
  [sigreg+ce] epoch 72/120  sigreg=1.0435  ce=0.8382  min_dist=5.59  mean_dist=7.15
  [sigreg+ce] epoch 73/120  sigreg=1.0716  ce=0.8263  min_dist=5.61  mean_dist=7.18
  [sigreg+ce] epoch 74/120  sigreg=1.0361  ce=0.9114  min_dist=5.63  mean_dist=7.20
  [sigreg+ce] epoch 75/120  sigreg=1.0553  ce=0.7813  min_dist=5.65  mean_dist=7.23
  [sigreg+ce] epoch 76/120  sigreg=1.1113  ce=0.7438  min_dist=5.67  mean_dist=7.25
  [sigreg+ce] epoch 77/120  sigreg=1.1024  ce=0.6941  min_dist=5.69  mean_dist=7.28
  [sigreg+ce] epoch 78/120  sigreg=1.0971  ce=0.7910  min_dist=5.71  mean_dist=7.30
  [sigreg+ce] epoch 79/120  sigreg=1.0679  ce=0.7369  min_dist=5.73  mean_dist=7.33
  [sigreg+ce] epoch 80/120  sigreg=1.0591  ce=0.7240  min_dist=5.75  mean_dist=7.35
  [sigreg+ce] epoch 81/120  sigreg=1.0800  ce=0.6469  min_dist=5.77  mean_dist=7.37
  [sigreg+ce] epoch 82/120  sigreg=1.0590  ce=0.6703  min_dist=5.79  mean_dist=7.40
  [sigreg+ce] epoch 83/120  sigreg=1.0416  ce=0.7393  min_dist=5.81  mean_dist=7.42
  [sigreg+ce] epoch 84/120  sigreg=1.0546  ce=0.6666  min_dist=5.83  mean_dist=7.45
  [sigreg+ce] epoch 85/120  sigreg=1.1028  ce=0.7087  min_dist=5.85  mean_dist=7.47
  [sigreg+ce] epoch 86/120  sigreg=1.0294  ce=0.6234  min_dist=5.87  mean_dist=7.50
  [sigreg+ce] epoch 87/120  sigreg=1.0735  ce=0.5994  min_dist=5.89  mean_dist=7.52
  [sigreg+ce] epoch 88/120  sigreg=1.0219  ce=0.6170  min_dist=5.90  mean_dist=7.54
  [sigreg+ce] epoch 89/120  sigreg=1.0040  ce=0.6597  min_dist=5.92  mean_dist=7.57
  [sigreg+ce] epoch 90/120  sigreg=1.0539  ce=0.5620  min_dist=5.94  mean_dist=7.59
  [sigreg+ce] epoch 91/120  sigreg=1.0615  ce=0.6025  min_dist=5.96  mean_dist=7.61
  [sigreg+ce] epoch 92/120  sigreg=1.0229  ce=0.6445  min_dist=5.98  mean_dist=7.64
  [sigreg+ce] epoch 93/120  sigreg=1.0174  ce=0.5064  min_dist=6.00  mean_dist=7.66
  [sigreg+ce] epoch 94/120  sigreg=1.0556  ce=0.5358  min_dist=6.02  mean_dist=7.69
  [sigreg+ce] epoch 95/120  sigreg=0.9719  ce=0.5883  min_dist=6.04  mean_dist=7.71
  [sigreg+ce] epoch 96/120  sigreg=1.0465  ce=0.5593  min_dist=6.05  mean_dist=7.73
  [sigreg+ce] epoch 97/120  sigreg=1.0611  ce=0.5701  min_dist=6.07  mean_dist=7.75
  [sigreg+ce] epoch 98/120  sigreg=1.0303  ce=0.4850  min_dist=6.09  mean_dist=7.78
  [sigreg+ce] epoch 99/120  sigreg=1.0392  ce=0.4794  min_dist=6.11  mean_dist=7.80
  [sigreg+ce] epoch 100/120  sigreg=1.0038  ce=0.4516  min_dist=6.13  mean_dist=7.82
  [sigreg+ce] epoch 101/120  sigreg=1.0087  ce=0.5166  min_dist=6.15  mean_dist=7.85
  [sigreg+ce] epoch 102/120  sigreg=1.0139  ce=0.4921  min_dist=6.16  mean_dist=7.87
  [sigreg+ce] epoch 103/120  sigreg=1.0566  ce=0.4251  min_dist=6.18  mean_dist=7.89
  [sigreg+ce] epoch 104/120  sigreg=1.0144  ce=0.4164  min_dist=6.20  mean_dist=7.91
  [sigreg+ce] epoch 105/120  sigreg=1.0127  ce=0.4280  min_dist=6.22  mean_dist=7.94
  [sigreg+ce] epoch 106/120  sigreg=1.0035  ce=0.4413  min_dist=6.24  mean_dist=7.96
  [sigreg+ce] epoch 107/120  sigreg=1.0158  ce=0.4641  min_dist=6.26  mean_dist=7.98
  [sigreg+ce] epoch 108/120  sigreg=0.9997  ce=0.4335  min_dist=6.27  mean_dist=8.00
  [sigreg+ce] epoch 109/120  sigreg=1.0223  ce=0.4412  min_dist=6.29  mean_dist=8.02
  [sigreg+ce] epoch 110/120  sigreg=0.9783  ce=0.4473  min_dist=6.31  mean_dist=8.05
  [sigreg+ce] epoch 111/120  sigreg=1.0209  ce=0.4277  min_dist=6.33  mean_dist=8.07
  [sigreg+ce] epoch 112/120  sigreg=0.9838  ce=0.4327  min_dist=6.34  mean_dist=8.09
  [sigreg+ce] epoch 113/120  sigreg=0.9949  ce=0.4550  min_dist=6.36  mean_dist=8.11
  [sigreg+ce] epoch 114/120  sigreg=0.9999  ce=0.4213  min_dist=6.38  mean_dist=8.13
  [sigreg+ce] epoch 115/120  sigreg=0.9810  ce=0.3870  min_dist=6.40  mean_dist=8.16
  [sigreg+ce] epoch 116/120  sigreg=1.0044  ce=0.3800  min_dist=6.41  mean_dist=8.18
  [sigreg+ce] epoch 117/120  sigreg=0.9619  ce=0.3900  min_dist=6.43  mean_dist=8.20
  [sigreg+ce] epoch 118/120  sigreg=0.9691  ce=0.3570  min_dist=6.45  mean_dist=8.22
  [sigreg+ce] epoch 119/120  sigreg=0.9886  ce=0.3607  min_dist=6.47  mean_dist=8.24
  [sigreg+ce] epoch 120/120  sigreg=0.9875  ce=0.3584  min_dist=6.48  mean_dist=8.26
  [flowers/lejepa] raw probe (768d)             88.6
  [flowers/lejepa] sup-proto                    82.0
  [flowers/lejepa] sup-proto (posterior)        80.5
  [flowers/lejepa] sup-proto+hybrid (concat)    82.2
  [flowers/lejepa] sup-ce                       85.7
  [flowers/lejepa] sup-ce+hybrid (concat)       85.6

######## flowers on VISReg ViT-B/16 (paper's weights) ########
  [simclr+sigreg] epoch 1/120  nt-xent=6.1749  sigreg=0.7299
  [simclr+sigreg] epoch 2/120  nt-xent=5.6568  sigreg=0.5024
  [simclr+sigreg] epoch 3/120  nt-xent=5.6109  sigreg=0.3181
  [simclr+sigreg] epoch 4/120  nt-xent=5.6271  sigreg=0.2238
  [simclr+sigreg] epoch 5/120  nt-xent=5.6030  sigreg=0.1724
  [simclr+sigreg] epoch 6/120  nt-xent=5.5822  sigreg=0.2246
  [simclr+sigreg] epoch 7/120  nt-xent=5.5536  sigreg=0.2098
  [simclr+sigreg] epoch 8/120  nt-xent=5.5326  sigreg=0.1414
  [simclr+sigreg] epoch 9/120  nt-xent=5.5013  sigreg=0.1512
  [simclr+sigreg] epoch 10/120  nt-xent=5.4811  sigreg=0.1417
  [simclr+sigreg] epoch 11/120  nt-xent=5.4757  sigreg=0.1317
  [simclr+sigreg] epoch 12/120  nt-xent=5.4664  sigreg=0.1369
  [simclr+sigreg] epoch 13/120  nt-xent=5.4428  sigreg=0.1131
  [simclr+sigreg] epoch 14/120  nt-xent=5.4223  sigreg=0.1209
  [simclr+sigreg] epoch 15/120  nt-xent=5.4128  sigreg=0.1056
  [simclr+sigreg] epoch 16/120  nt-xent=5.4006  sigreg=0.1139
  [simclr+sigreg] epoch 17/120  nt-xent=5.3931  sigreg=0.0996
  [simclr+sigreg] epoch 18/120  nt-xent=5.3853  sigreg=0.1028
  [simclr+sigreg] epoch 19/120  nt-xent=5.3756  sigreg=0.0995
  [simclr+sigreg] epoch 20/120  nt-xent=5.3689  sigreg=0.0991
  [simclr+sigreg] epoch 21/120  nt-xent=5.3585  sigreg=0.0886
  [simclr+sigreg] epoch 22/120  nt-xent=5.3575  sigreg=0.0911
  [simclr+sigreg] epoch 23/120  nt-xent=5.3441  sigreg=0.1054
  [simclr+sigreg] epoch 24/120  nt-xent=5.3446  sigreg=0.0840
  [simclr+sigreg] epoch 25/120  nt-xent=5.3397  sigreg=0.0844
  [simclr+sigreg] epoch 26/120  nt-xent=5.3340  sigreg=0.0882
  [simclr+sigreg] epoch 27/120  nt-xent=5.3286  sigreg=0.0932
  [simclr+sigreg] epoch 28/120  nt-xent=5.3252  sigreg=0.0746
  [simclr+sigreg] epoch 29/120  nt-xent=5.3083  sigreg=0.0882
  [simclr+sigreg] epoch 30/120  nt-xent=5.3090  sigreg=0.0770
  [simclr+sigreg] epoch 31/120  nt-xent=5.3003  sigreg=0.0811
  [simclr+sigreg] epoch 32/120  nt-xent=5.2962  sigreg=0.0631
  [simclr+sigreg] epoch 33/120  nt-xent=5.3019  sigreg=0.0721
  [simclr+sigreg] epoch 34/120  nt-xent=5.2977  sigreg=0.0657
  [simclr+sigreg] epoch 35/120  nt-xent=5.2893  sigreg=0.0797
  [simclr+sigreg] epoch 36/120  nt-xent=5.2840  sigreg=0.0720
  [simclr+sigreg] epoch 37/120  nt-xent=5.2806  sigreg=0.0638
  [simclr+sigreg] epoch 38/120  nt-xent=5.2836  sigreg=0.0619
  [simclr+sigreg] epoch 39/120  nt-xent=5.2772  sigreg=0.0650
  [simclr+sigreg] epoch 40/120  nt-xent=5.2795  sigreg=0.0613
  [simclr+sigreg] epoch 41/120  nt-xent=5.2727  sigreg=0.0576
  [simclr+sigreg] epoch 42/120  nt-xent=5.2705  sigreg=0.0634
  [simclr+sigreg] epoch 43/120  nt-xent=5.2730  sigreg=0.0643
  [simclr+sigreg] epoch 44/120  nt-xent=5.2698  sigreg=0.0622
  [simclr+sigreg] epoch 45/120  nt-xent=5.2670  sigreg=0.0685
  [simclr+sigreg] epoch 46/120  nt-xent=5.2587  sigreg=0.0702
  [simclr+sigreg] epoch 47/120  nt-xent=5.2587  sigreg=0.0647
  [simclr+sigreg] epoch 48/120  nt-xent=5.2661  sigreg=0.0678
  [simclr+sigreg] epoch 49/120  nt-xent=5.2595  sigreg=0.0680
  [simclr+sigreg] epoch 50/120  nt-xent=5.2588  sigreg=0.0691
  [simclr+sigreg] epoch 51/120  nt-xent=5.2655  sigreg=0.0665
  [simclr+sigreg] epoch 52/120  nt-xent=5.2569  sigreg=0.0632
  [simclr+sigreg] epoch 53/120  nt-xent=5.2617  sigreg=0.0626
  [simclr+sigreg] epoch 54/120  nt-xent=5.2599  sigreg=0.0616
  [simclr+sigreg] epoch 55/120  nt-xent=5.2572  sigreg=0.0619
  [simclr+sigreg] epoch 56/120  nt-xent=5.2600  sigreg=0.0506
  [simclr+sigreg] epoch 57/120  nt-xent=5.2579  sigreg=0.0629
  [simclr+sigreg] epoch 58/120  nt-xent=5.2526  sigreg=0.0666
  [simclr+sigreg] epoch 59/120  nt-xent=5.2457  sigreg=0.0627
  [simclr+sigreg] epoch 60/120  nt-xent=5.2493  sigreg=0.0559
  [simclr+sigreg] epoch 61/120  nt-xent=5.2470  sigreg=0.0568
  [simclr+sigreg] epoch 62/120  nt-xent=5.2380  sigreg=0.0484
  [simclr+sigreg] epoch 63/120  nt-xent=5.2415  sigreg=0.0596
  [simclr+sigreg] epoch 64/120  nt-xent=5.2405  sigreg=0.0565
  [simclr+sigreg] epoch 65/120  nt-xent=5.2426  sigreg=0.0582
  [simclr+sigreg] epoch 66/120  nt-xent=5.2348  sigreg=0.0640
  [simclr+sigreg] epoch 67/120  nt-xent=5.2377  sigreg=0.0509
  [simclr+sigreg] epoch 68/120  nt-xent=5.2352  sigreg=0.0559
  [simclr+sigreg] epoch 69/120  nt-xent=5.2330  sigreg=0.0540
  [simclr+sigreg] epoch 70/120  nt-xent=5.2304  sigreg=0.0506
  [simclr+sigreg] epoch 71/120  nt-xent=5.2322  sigreg=0.0580
  [simclr+sigreg] epoch 72/120  nt-xent=5.2274  sigreg=0.0601
  [simclr+sigreg] epoch 73/120  nt-xent=5.2349  sigreg=0.0520
  [simclr+sigreg] epoch 74/120  nt-xent=5.2343  sigreg=0.0545
  [simclr+sigreg] epoch 75/120  nt-xent=5.2310  sigreg=0.0566
  [simclr+sigreg] epoch 76/120  nt-xent=5.2321  sigreg=0.0501
  [simclr+sigreg] epoch 77/120  nt-xent=5.2324  sigreg=0.0627
  [simclr+sigreg] epoch 78/120  nt-xent=5.2318  sigreg=0.0577
  [simclr+sigreg] epoch 79/120  nt-xent=5.2256  sigreg=0.0489
  [simclr+sigreg] epoch 80/120  nt-xent=5.2278  sigreg=0.0555
  [simclr+sigreg] epoch 81/120  nt-xent=5.2211  sigreg=0.0545
  [simclr+sigreg] epoch 82/120  nt-xent=5.2243  sigreg=0.0512
  [simclr+sigreg] epoch 83/120  nt-xent=5.2301  sigreg=0.0534
  [simclr+sigreg] epoch 84/120  nt-xent=5.2231  sigreg=0.0431
  [simclr+sigreg] epoch 85/120  nt-xent=5.2263  sigreg=0.0559
  [simclr+sigreg] epoch 86/120  nt-xent=5.2185  sigreg=0.0485
  [simclr+sigreg] epoch 87/120  nt-xent=5.2227  sigreg=0.0528
  [simclr+sigreg] epoch 88/120  nt-xent=5.2208  sigreg=0.0559
  [simclr+sigreg] epoch 89/120  nt-xent=5.2205  sigreg=0.0467
  [simclr+sigreg] epoch 90/120  nt-xent=5.2165  sigreg=0.0446
  [simclr+sigreg] epoch 91/120  nt-xent=5.2185  sigreg=0.0492
  [simclr+sigreg] epoch 92/120  nt-xent=5.2144  sigreg=0.0473
  [simclr+sigreg] epoch 93/120  nt-xent=5.2172  sigreg=0.0482
  [simclr+sigreg] epoch 94/120  nt-xent=5.2074  sigreg=0.0529
  [simclr+sigreg] epoch 95/120  nt-xent=5.2210  sigreg=0.0526
  [simclr+sigreg] epoch 96/120  nt-xent=5.2149  sigreg=0.0468
  [simclr+sigreg] epoch 97/120  nt-xent=5.2145  sigreg=0.0476
  [simclr+sigreg] epoch 98/120  nt-xent=5.2084  sigreg=0.0506
  [simclr+sigreg] epoch 99/120  nt-xent=5.2069  sigreg=0.0412
  [simclr+sigreg] epoch 100/120  nt-xent=5.2095  sigreg=0.0443
  [simclr+sigreg] epoch 101/120  nt-xent=5.2102  sigreg=0.0469
  [simclr+sigreg] epoch 102/120  nt-xent=5.2109  sigreg=0.0479
  [simclr+sigreg] epoch 103/120  nt-xent=5.2074  sigreg=0.0502
  [simclr+sigreg] epoch 104/120  nt-xent=5.2128  sigreg=0.0400
  [simclr+sigreg] epoch 105/120  nt-xent=5.2071  sigreg=0.0483
  [simclr+sigreg] epoch 106/120  nt-xent=5.2056  sigreg=0.0479
  [simclr+sigreg] epoch 107/120  nt-xent=5.2067  sigreg=0.0477
  [simclr+sigreg] epoch 108/120  nt-xent=5.2059  sigreg=0.0458
  [simclr+sigreg] epoch 109/120  nt-xent=5.2004  sigreg=0.0516
  [simclr+sigreg] epoch 110/120  nt-xent=5.2031  sigreg=0.0488
  [simclr+sigreg] epoch 111/120  nt-xent=5.2003  sigreg=0.0479
  [simclr+sigreg] epoch 112/120  nt-xent=5.2063  sigreg=0.0496
  [simclr+sigreg] epoch 113/120  nt-xent=5.1997  sigreg=0.0430
  [simclr+sigreg] epoch 114/120  nt-xent=5.2058  sigreg=0.0482
  [simclr+sigreg] epoch 115/120  nt-xent=5.2077  sigreg=0.0470
  [simclr+sigreg] epoch 116/120  nt-xent=5.2041  sigreg=0.0462
  [simclr+sigreg] epoch 117/120  nt-xent=5.2002  sigreg=0.0499
  [simclr+sigreg] epoch 118/120  nt-xent=5.2036  sigreg=0.0474
  [simclr+sigreg] epoch 119/120  nt-xent=5.1998  sigreg=0.0440
  [simclr+sigreg] epoch 120/120  nt-xent=5.1999  sigreg=0.0460
--- [flowers/visreg] sup-SIGReg (proto) ---
  seed anchors (random-direction): min pairwise distance=3.97 sigma
  balanced loader: 2040 samples, 3 batches of 24x24
  [sigreg+proto] epoch 1/120  sigreg=0.9872  proto=4.8164  min_dist=4.00  mean_dist=5.02
  [sigreg+proto] epoch 2/120  sigreg=0.9831  proto=4.7851  min_dist=4.02  mean_dist=5.05
  [sigreg+proto] epoch 3/120  sigreg=0.9625  proto=4.4302  min_dist=4.05  mean_dist=5.08
  [sigreg+proto] epoch 4/120  sigreg=0.9630  proto=4.2445  min_dist=4.08  mean_dist=5.12
  [sigreg+proto] epoch 5/120  sigreg=0.9478  proto=4.1361  min_dist=4.11  mean_dist=5.15
  [sigreg+proto] epoch 6/120  sigreg=0.9416  proto=4.0580  min_dist=4.13  mean_dist=5.18
  [sigreg+proto] epoch 7/120  sigreg=0.9466  proto=4.0056  min_dist=4.15  mean_dist=5.21
  [sigreg+proto] epoch 8/120  sigreg=0.9155  proto=3.6092  min_dist=4.17  mean_dist=5.24
  [sigreg+proto] epoch 9/120  sigreg=0.9055  proto=3.2938  min_dist=4.19  mean_dist=5.27
  [sigreg+proto] epoch 10/120  sigreg=0.9048  proto=3.4350  min_dist=4.22  mean_dist=5.30
  [sigreg+proto] epoch 11/120  sigreg=0.8813  proto=2.9443  min_dist=4.24  mean_dist=5.33
  [sigreg+proto] epoch 12/120  sigreg=0.8707  proto=2.7848  min_dist=4.26  mean_dist=5.36
  [sigreg+proto] epoch 13/120  sigreg=0.8823  proto=2.8517  min_dist=4.28  mean_dist=5.39
  [sigreg+proto] epoch 14/120  sigreg=0.8690  proto=2.5269  min_dist=4.30  mean_dist=5.42
  [sigreg+proto] epoch 15/120  sigreg=0.8682  proto=2.3983  min_dist=4.32  mean_dist=5.45
  [sigreg+proto] epoch 16/120  sigreg=0.8580  proto=2.8365  min_dist=4.35  mean_dist=5.48
  [sigreg+proto] epoch 17/120  sigreg=0.8205  proto=2.3531  min_dist=4.37  mean_dist=5.51
  [sigreg+proto] epoch 18/120  sigreg=0.8313  proto=2.2737  min_dist=4.39  mean_dist=5.54
  [sigreg+proto] epoch 19/120  sigreg=0.8567  proto=2.1921  min_dist=4.41  mean_dist=5.57
  [sigreg+proto] epoch 20/120  sigreg=0.8283  proto=1.9754  min_dist=4.43  mean_dist=5.60
  [sigreg+proto] epoch 21/120  sigreg=0.8360  proto=1.7323  min_dist=4.45  mean_dist=5.62
  [sigreg+proto] epoch 22/120  sigreg=0.8344  proto=1.9178  min_dist=4.47  mean_dist=5.65
  [sigreg+proto] epoch 23/120  sigreg=0.8210  proto=1.9011  min_dist=4.49  mean_dist=5.68
  [sigreg+proto] epoch 24/120  sigreg=0.8183  proto=1.6276  min_dist=4.52  mean_dist=5.71
  [sigreg+proto] epoch 25/120  sigreg=0.8357  proto=1.9044  min_dist=4.54  mean_dist=5.74
  [sigreg+proto] epoch 26/120  sigreg=0.8306  proto=1.6564  min_dist=4.56  mean_dist=5.76
  [sigreg+proto] epoch 27/120  sigreg=0.8187  proto=1.4468  min_dist=4.58  mean_dist=5.79
  [sigreg+proto] epoch 28/120  sigreg=0.7887  proto=1.6219  min_dist=4.60  mean_dist=5.82
  [sigreg+proto] epoch 29/120  sigreg=0.8173  proto=1.2601  min_dist=4.62  mean_dist=5.84
  [sigreg+proto] epoch 30/120  sigreg=0.8179  proto=1.3961  min_dist=4.64  mean_dist=5.87
  [sigreg+proto] epoch 31/120  sigreg=0.7986  proto=1.2000  min_dist=4.66  mean_dist=5.90
  [sigreg+proto] epoch 32/120  sigreg=0.8108  proto=0.9266  min_dist=4.68  mean_dist=5.92
  [sigreg+proto] epoch 33/120  sigreg=0.7963  proto=1.2288  min_dist=4.70  mean_dist=5.95
  [sigreg+proto] epoch 34/120  sigreg=0.8056  proto=1.1298  min_dist=4.72  mean_dist=5.98
  [sigreg+proto] epoch 35/120  sigreg=0.8073  proto=1.0432  min_dist=4.74  mean_dist=6.00
  [sigreg+proto] epoch 36/120  sigreg=0.7843  proto=1.0014  min_dist=4.76  mean_dist=6.03
  [sigreg+proto] epoch 37/120  sigreg=0.8275  proto=0.9273  min_dist=4.78  mean_dist=6.05
  [sigreg+proto] epoch 38/120  sigreg=0.7663  proto=0.9586  min_dist=4.80  mean_dist=6.08
  [sigreg+proto] epoch 39/120  sigreg=0.7814  proto=0.8426  min_dist=4.82  mean_dist=6.10
  [sigreg+proto] epoch 40/120  sigreg=0.8002  proto=0.8188  min_dist=4.84  mean_dist=6.13
  [sigreg+proto] epoch 41/120  sigreg=0.7937  proto=0.6708  min_dist=4.86  mean_dist=6.16
  [sigreg+proto] epoch 42/120  sigreg=0.7893  proto=0.7481  min_dist=4.88  mean_dist=6.18
  [sigreg+proto] epoch 43/120  sigreg=0.7814  proto=0.5376  min_dist=4.89  mean_dist=6.21
  [sigreg+proto] epoch 44/120  sigreg=0.7333  proto=0.6584  min_dist=4.91  mean_dist=6.23
  [sigreg+proto] epoch 45/120  sigreg=0.7747  proto=0.6430  min_dist=4.93  mean_dist=6.26
  [sigreg+proto] epoch 46/120  sigreg=0.7526  proto=0.5055  min_dist=4.95  mean_dist=6.28
  [sigreg+proto] epoch 47/120  sigreg=0.7419  proto=0.5278  min_dist=4.97  mean_dist=6.30
  [sigreg+proto] epoch 48/120  sigreg=0.7485  proto=0.6159  min_dist=4.99  mean_dist=6.33
  [sigreg+proto] epoch 49/120  sigreg=0.7436  proto=0.5569  min_dist=5.01  mean_dist=6.35
  [sigreg+proto] epoch 50/120  sigreg=0.7532  proto=0.4780  min_dist=5.03  mean_dist=6.38
  [sigreg+proto] epoch 51/120  sigreg=0.7310  proto=0.4878  min_dist=5.04  mean_dist=6.40
  [sigreg+proto] epoch 52/120  sigreg=0.7533  proto=0.4138  min_dist=5.06  mean_dist=6.43
  [sigreg+proto] epoch 53/120  sigreg=0.7287  proto=0.4350  min_dist=5.08  mean_dist=6.45
  [sigreg+proto] epoch 54/120  sigreg=0.7181  proto=0.4545  min_dist=5.10  mean_dist=6.47
  [sigreg+proto] epoch 55/120  sigreg=0.7500  proto=0.4567  min_dist=5.12  mean_dist=6.50
  [sigreg+proto] epoch 56/120  sigreg=0.7235  proto=0.3421  min_dist=5.14  mean_dist=6.52
  [sigreg+proto] epoch 57/120  sigreg=0.7256  proto=0.3360  min_dist=5.15  mean_dist=6.54
  [sigreg+proto] epoch 58/120  sigreg=0.7201  proto=0.3718  min_dist=5.17  mean_dist=6.57
  [sigreg+proto] epoch 59/120  sigreg=0.7464  proto=0.3485  min_dist=5.19  mean_dist=6.59
  [sigreg+proto] epoch 60/120  sigreg=0.7258  proto=0.3318  min_dist=5.21  mean_dist=6.61
  [sigreg+proto] epoch 61/120  sigreg=0.7110  proto=0.3107  min_dist=5.22  mean_dist=6.64
  [sigreg+proto] epoch 62/120  sigreg=0.7304  proto=0.2244  min_dist=5.24  mean_dist=6.66
  [sigreg+proto] epoch 63/120  sigreg=0.7352  proto=0.2161  min_dist=5.26  mean_dist=6.68
  [sigreg+proto] epoch 64/120  sigreg=0.7075  proto=0.1953  min_dist=5.28  mean_dist=6.71
  [sigreg+proto] epoch 65/120  sigreg=0.7293  proto=0.2516  min_dist=5.29  mean_dist=6.73
  [sigreg+proto] epoch 66/120  sigreg=0.7031  proto=0.2279  min_dist=5.31  mean_dist=6.75
  [sigreg+proto] epoch 67/120  sigreg=0.7070  proto=0.2117  min_dist=5.33  mean_dist=6.78
  [sigreg+proto] epoch 68/120  sigreg=0.7012  proto=0.1795  min_dist=5.34  mean_dist=6.80
  [sigreg+proto] epoch 69/120  sigreg=0.7051  proto=0.1669  min_dist=5.36  mean_dist=6.82
  [sigreg+proto] epoch 70/120  sigreg=0.6975  proto=0.1722  min_dist=5.38  mean_dist=6.84
  [sigreg+proto] epoch 71/120  sigreg=0.6926  proto=0.1685  min_dist=5.40  mean_dist=6.87
  [sigreg+proto] epoch 72/120  sigreg=0.6911  proto=0.1565  min_dist=5.41  mean_dist=6.89
  [sigreg+proto] epoch 73/120  sigreg=0.7021  proto=0.1551  min_dist=5.43  mean_dist=6.91
  [sigreg+proto] epoch 74/120  sigreg=0.6931  proto=0.1152  min_dist=5.45  mean_dist=6.93
  [sigreg+proto] epoch 75/120  sigreg=0.7026  proto=0.1503  min_dist=5.46  mean_dist=6.95
  [sigreg+proto] epoch 76/120  sigreg=0.6860  proto=0.1427  min_dist=5.48  mean_dist=6.98
  [sigreg+proto] epoch 77/120  sigreg=0.6826  proto=0.1394  min_dist=5.50  mean_dist=7.00
  [sigreg+proto] epoch 78/120  sigreg=0.6939  proto=0.1063  min_dist=5.51  mean_dist=7.02
  [sigreg+proto] epoch 79/120  sigreg=0.7063  proto=0.1357  min_dist=5.53  mean_dist=7.04
  [sigreg+proto] epoch 80/120  sigreg=0.6807  proto=0.1053  min_dist=5.55  mean_dist=7.06
  [sigreg+proto] epoch 81/120  sigreg=0.6739  proto=0.1165  min_dist=5.56  mean_dist=7.08
  [sigreg+proto] epoch 82/120  sigreg=0.6887  proto=0.1265  min_dist=5.58  mean_dist=7.11
  [sigreg+proto] epoch 83/120  sigreg=0.6628  proto=0.0986  min_dist=5.60  mean_dist=7.13
  [sigreg+proto] epoch 84/120  sigreg=0.6756  proto=0.1274  min_dist=5.61  mean_dist=7.15
  [sigreg+proto] epoch 85/120  sigreg=0.6682  proto=0.0854  min_dist=5.63  mean_dist=7.17
  [sigreg+proto] epoch 86/120  sigreg=0.6652  proto=0.0796  min_dist=5.65  mean_dist=7.19
  [sigreg+proto] epoch 87/120  sigreg=0.6508  proto=0.0958  min_dist=5.66  mean_dist=7.21
  [sigreg+proto] epoch 88/120  sigreg=0.6643  proto=0.0789  min_dist=5.68  mean_dist=7.23
  [sigreg+proto] epoch 89/120  sigreg=0.6588  proto=0.0939  min_dist=5.70  mean_dist=7.26
  [sigreg+proto] epoch 90/120  sigreg=0.6547  proto=0.0744  min_dist=5.71  mean_dist=7.28
  [sigreg+proto] epoch 91/120  sigreg=0.6424  proto=0.0728  min_dist=5.73  mean_dist=7.30
  [sigreg+proto] epoch 92/120  sigreg=0.6464  proto=0.0767  min_dist=5.74  mean_dist=7.32
  [sigreg+proto] epoch 93/120  sigreg=0.6566  proto=0.0548  min_dist=5.76  mean_dist=7.34
  [sigreg+proto] epoch 94/120  sigreg=0.6605  proto=0.0656  min_dist=5.78  mean_dist=7.36
  [sigreg+proto] epoch 95/120  sigreg=0.6433  proto=0.0677  min_dist=5.79  mean_dist=7.38
  [sigreg+proto] epoch 96/120  sigreg=0.6592  proto=0.0638  min_dist=5.81  mean_dist=7.40
  [sigreg+proto] epoch 97/120  sigreg=0.6642  proto=0.0555  min_dist=5.82  mean_dist=7.42
  [sigreg+proto] epoch 98/120  sigreg=0.6565  proto=0.0590  min_dist=5.84  mean_dist=7.44
  [sigreg+proto] epoch 99/120  sigreg=0.6421  proto=0.0486  min_dist=5.86  mean_dist=7.46
  [sigreg+proto] epoch 100/120  sigreg=0.6315  proto=0.0554  min_dist=5.87  mean_dist=7.48
  [sigreg+proto] epoch 101/120  sigreg=0.6484  proto=0.0498  min_dist=5.89  mean_dist=7.50
  [sigreg+proto] epoch 102/120  sigreg=0.6334  proto=0.0480  min_dist=5.90  mean_dist=7.52
  [sigreg+proto] epoch 103/120  sigreg=0.6465  proto=0.0636  min_dist=5.92  mean_dist=7.54
  [sigreg+proto] epoch 104/120  sigreg=0.6378  proto=0.0413  min_dist=5.93  mean_dist=7.56
  [sigreg+proto] epoch 105/120  sigreg=0.6187  proto=0.0520  min_dist=5.95  mean_dist=7.58
  [sigreg+proto] epoch 106/120  sigreg=0.6279  proto=0.0453  min_dist=5.96  mean_dist=7.60
  [sigreg+proto] epoch 107/120  sigreg=0.6289  proto=0.0380  min_dist=5.98  mean_dist=7.62
  [sigreg+proto] epoch 108/120  sigreg=0.6135  proto=0.0572  min_dist=6.00  mean_dist=7.64
  [sigreg+proto] epoch 109/120  sigreg=0.6183  proto=0.0528  min_dist=6.01  mean_dist=7.66
  [sigreg+proto] epoch 110/120  sigreg=0.6154  proto=0.0450  min_dist=6.03  mean_dist=7.68
  [sigreg+proto] epoch 111/120  sigreg=0.6044  proto=0.0472  min_dist=6.04  mean_dist=7.70
  [sigreg+proto] epoch 112/120  sigreg=0.6376  proto=0.0357  min_dist=6.06  mean_dist=7.72
  [sigreg+proto] epoch 113/120  sigreg=0.6222  proto=0.0300  min_dist=6.07  mean_dist=7.74
  [sigreg+proto] epoch 114/120  sigreg=0.6328  proto=0.0369  min_dist=6.09  mean_dist=7.76
  [sigreg+proto] epoch 115/120  sigreg=0.5902  proto=0.0320  min_dist=6.10  mean_dist=7.78
  [sigreg+proto] epoch 116/120  sigreg=0.6112  proto=0.0372  min_dist=6.12  mean_dist=7.80
  [sigreg+proto] epoch 117/120  sigreg=0.5980  proto=0.0294  min_dist=6.13  mean_dist=7.82
  [sigreg+proto] epoch 118/120  sigreg=0.5772  proto=0.0292  min_dist=6.15  mean_dist=7.84
  [sigreg+proto] epoch 119/120  sigreg=0.6212  proto=0.0260  min_dist=6.16  mean_dist=7.86
  [sigreg+proto] epoch 120/120  sigreg=0.5979  proto=0.0208  min_dist=6.18  mean_dist=7.88
--- [flowers/visreg] sup-SIGReg (ce) ---
  seed anchors (random-direction): min pairwise distance=3.97 sigma
  balanced loader: 2040 samples, 3 batches of 24x24
  [sigreg+ce] epoch 1/120  sigreg=0.9772  ce=4.6309  min_dist=4.00  mean_dist=5.02
  [sigreg+ce] epoch 2/120  sigreg=0.9551  ce=4.4905  min_dist=4.03  mean_dist=5.06
  [sigreg+ce] epoch 3/120  sigreg=0.9264  ce=4.4829  min_dist=4.06  mean_dist=5.09
  [sigreg+ce] epoch 4/120  sigreg=0.9169  ce=4.3653  min_dist=4.09  mean_dist=5.13
  [sigreg+ce] epoch 5/120  sigreg=0.9179  ce=4.1766  min_dist=4.12  mean_dist=5.16
  [sigreg+ce] epoch 6/120  sigreg=0.9343  ce=4.1598  min_dist=4.14  mean_dist=5.20
  [sigreg+ce] epoch 7/120  sigreg=0.8953  ce=4.1245  min_dist=4.17  mean_dist=5.23
  [sigreg+ce] epoch 8/120  sigreg=0.8323  ce=4.0637  min_dist=4.19  mean_dist=5.26
  [sigreg+ce] epoch 9/120  sigreg=0.8750  ce=3.9308  min_dist=4.22  mean_dist=5.30
  [sigreg+ce] epoch 10/120  sigreg=0.9089  ce=3.6798  min_dist=4.24  mean_dist=5.33
  [sigreg+ce] epoch 11/120  sigreg=0.8856  ce=3.6919  min_dist=4.26  mean_dist=5.36
  [sigreg+ce] epoch 12/120  sigreg=0.9894  ce=3.5505  min_dist=4.29  mean_dist=5.40
  [sigreg+ce] epoch 13/120  sigreg=0.9771  ce=3.2856  min_dist=4.31  mean_dist=5.43
  [sigreg+ce] epoch 14/120  sigreg=0.9425  ce=3.3840  min_dist=4.33  mean_dist=5.47
  [sigreg+ce] epoch 15/120  sigreg=0.9257  ce=3.4206  min_dist=4.36  mean_dist=5.50
  [sigreg+ce] epoch 16/120  sigreg=0.9500  ce=3.1681  min_dist=4.38  mean_dist=5.53
  [sigreg+ce] epoch 17/120  sigreg=0.9668  ce=3.2013  min_dist=4.41  mean_dist=5.56
  [sigreg+ce] epoch 18/120  sigreg=0.9287  ce=3.1769  min_dist=4.43  mean_dist=5.60
  [sigreg+ce] epoch 19/120  sigreg=0.9284  ce=3.0150  min_dist=4.45  mean_dist=5.63
  [sigreg+ce] epoch 20/120  sigreg=1.0021  ce=2.8329  min_dist=4.48  mean_dist=5.66
  [sigreg+ce] epoch 21/120  sigreg=0.9732  ce=2.9612  min_dist=4.50  mean_dist=5.69
  [sigreg+ce] epoch 22/120  sigreg=1.0029  ce=2.7681  min_dist=4.52  mean_dist=5.73
  [sigreg+ce] epoch 23/120  sigreg=0.9646  ce=2.7983  min_dist=4.54  mean_dist=5.76
  [sigreg+ce] epoch 24/120  sigreg=1.0220  ce=2.5227  min_dist=4.57  mean_dist=5.79
  [sigreg+ce] epoch 25/120  sigreg=1.0118  ce=2.6819  min_dist=4.59  mean_dist=5.82
  [sigreg+ce] epoch 26/120  sigreg=0.9836  ce=2.4636  min_dist=4.61  mean_dist=5.85
  [sigreg+ce] epoch 27/120  sigreg=0.9865  ce=2.4100  min_dist=4.64  mean_dist=5.88
  [sigreg+ce] epoch 28/120  sigreg=1.0114  ce=2.3082  min_dist=4.66  mean_dist=5.91
  [sigreg+ce] epoch 29/120  sigreg=1.0625  ce=2.2224  min_dist=4.68  mean_dist=5.95
  [sigreg+ce] epoch 30/120  sigreg=1.0706  ce=2.0297  min_dist=4.70  mean_dist=5.98
  [sigreg+ce] epoch 31/120  sigreg=1.0801  ce=2.0265  min_dist=4.73  mean_dist=6.01
  [sigreg+ce] epoch 32/120  sigreg=1.0708  ce=2.0223  min_dist=4.75  mean_dist=6.04
  [sigreg+ce] epoch 33/120  sigreg=1.0782  ce=2.0411  min_dist=4.77  mean_dist=6.07
  [sigreg+ce] epoch 34/120  sigreg=1.1155  ce=2.1080  min_dist=4.79  mean_dist=6.10
  [sigreg+ce] epoch 35/120  sigreg=1.0985  ce=1.8950  min_dist=4.82  mean_dist=6.13
  [sigreg+ce] epoch 36/120  sigreg=1.0887  ce=1.8084  min_dist=4.84  mean_dist=6.16
  [sigreg+ce] epoch 37/120  sigreg=1.0906  ce=1.8015  min_dist=4.86  mean_dist=6.19
  [sigreg+ce] epoch 38/120  sigreg=1.0672  ce=2.0509  min_dist=4.88  mean_dist=6.22
  [sigreg+ce] epoch 39/120  sigreg=1.0864  ce=1.7220  min_dist=4.90  mean_dist=6.25
  [sigreg+ce] epoch 40/120  sigreg=1.0613  ce=1.7301  min_dist=4.93  mean_dist=6.28
  [sigreg+ce] epoch 41/120  sigreg=1.0927  ce=1.6727  min_dist=4.95  mean_dist=6.31
  [sigreg+ce] epoch 42/120  sigreg=1.1321  ce=1.5717  min_dist=4.97  mean_dist=6.34
  [sigreg+ce] epoch 43/120  sigreg=1.1293  ce=1.5204  min_dist=4.99  mean_dist=6.36
  [sigreg+ce] epoch 44/120  sigreg=1.0921  ce=1.5390  min_dist=5.01  mean_dist=6.39
  [sigreg+ce] epoch 45/120  sigreg=1.1519  ce=1.5595  min_dist=5.04  mean_dist=6.42
  [sigreg+ce] epoch 46/120  sigreg=1.1078  ce=1.3475  min_dist=5.06  mean_dist=6.45
  [sigreg+ce] epoch 47/120  sigreg=1.1038  ce=1.4718  min_dist=5.08  mean_dist=6.48
  [sigreg+ce] epoch 48/120  sigreg=1.0778  ce=1.3847  min_dist=5.10  mean_dist=6.51
  [sigreg+ce] epoch 49/120  sigreg=1.1236  ce=1.3571  min_dist=5.12  mean_dist=6.54
  [sigreg+ce] epoch 50/120  sigreg=1.1908  ce=1.1495  min_dist=5.14  mean_dist=6.56
  [sigreg+ce] epoch 51/120  sigreg=1.0808  ce=1.4095  min_dist=5.16  mean_dist=6.59
  [sigreg+ce] epoch 52/120  sigreg=1.1402  ce=1.0991  min_dist=5.18  mean_dist=6.62
  [sigreg+ce] epoch 53/120  sigreg=1.1480  ce=1.1072  min_dist=5.21  mean_dist=6.65
  [sigreg+ce] epoch 54/120  sigreg=1.1477  ce=1.0310  min_dist=5.23  mean_dist=6.67
  [sigreg+ce] epoch 55/120  sigreg=1.0697  ce=1.2329  min_dist=5.25  mean_dist=6.70
  [sigreg+ce] epoch 56/120  sigreg=1.1084  ce=1.2003  min_dist=5.27  mean_dist=6.73
  [sigreg+ce] epoch 57/120  sigreg=1.1039  ce=1.0964  min_dist=5.29  mean_dist=6.76
  [sigreg+ce] epoch 58/120  sigreg=1.1463  ce=1.0055  min_dist=5.31  mean_dist=6.78
  [sigreg+ce] epoch 59/120  sigreg=1.1264  ce=1.0389  min_dist=5.33  mean_dist=6.81
  [sigreg+ce] epoch 60/120  sigreg=1.0668  ce=1.0814  min_dist=5.35  mean_dist=6.84
  [sigreg+ce] epoch 61/120  sigreg=1.0461  ce=1.1611  min_dist=5.37  mean_dist=6.86
  [sigreg+ce] epoch 62/120  sigreg=1.1136  ce=1.0281  min_dist=5.39  mean_dist=6.89
  [sigreg+ce] epoch 63/120  sigreg=1.1438  ce=0.9596  min_dist=5.41  mean_dist=6.92
  [sigreg+ce] epoch 64/120  sigreg=1.1378  ce=0.8861  min_dist=5.43  mean_dist=6.94
  [sigreg+ce] epoch 65/120  sigreg=1.0986  ce=0.8824  min_dist=5.45  mean_dist=6.97
  [sigreg+ce] epoch 66/120  sigreg=1.1054  ce=0.8827  min_dist=5.47  mean_dist=7.00
  [sigreg+ce] epoch 67/120  sigreg=1.1009  ce=0.8313  min_dist=5.50  mean_dist=7.02
  [sigreg+ce] epoch 68/120  sigreg=1.0821  ce=0.9474  min_dist=5.52  mean_dist=7.05
  [sigreg+ce] epoch 69/120  sigreg=1.1531  ce=0.7785  min_dist=5.54  mean_dist=7.07
  [sigreg+ce] epoch 70/120  sigreg=1.1303  ce=0.7352  min_dist=5.56  mean_dist=7.10
  [sigreg+ce] epoch 71/120  sigreg=1.0643  ce=0.7793  min_dist=5.58  mean_dist=7.12
  [sigreg+ce] epoch 72/120  sigreg=1.0269  ce=0.7970  min_dist=5.59  mean_dist=7.15
  [sigreg+ce] epoch 73/120  sigreg=1.0615  ce=0.7974  min_dist=5.61  mean_dist=7.17
  [sigreg+ce] epoch 74/120  sigreg=1.0487  ce=0.8123  min_dist=5.63  mean_dist=7.20
  [sigreg+ce] epoch 75/120  sigreg=1.0813  ce=0.7161  min_dist=5.65  mean_dist=7.23
  [sigreg+ce] epoch 76/120  sigreg=1.1187  ce=0.7066  min_dist=5.67  mean_dist=7.25
  [sigreg+ce] epoch 77/120  sigreg=1.0880  ce=0.6515  min_dist=5.69  mean_dist=7.28
  [sigreg+ce] epoch 78/120  sigreg=1.0520  ce=0.7000  min_dist=5.71  mean_dist=7.30
  [sigreg+ce] epoch 79/120  sigreg=1.0549  ce=0.6896  min_dist=5.73  mean_dist=7.33
  [sigreg+ce] epoch 80/120  sigreg=1.0363  ce=0.6725  min_dist=5.75  mean_dist=7.35
  [sigreg+ce] epoch 81/120  sigreg=1.0938  ce=0.5756  min_dist=5.77  mean_dist=7.37
  [sigreg+ce] epoch 82/120  sigreg=1.0598  ce=0.6141  min_dist=5.79  mean_dist=7.40
  [sigreg+ce] epoch 83/120  sigreg=1.0309  ce=0.6421  min_dist=5.81  mean_dist=7.42
  [sigreg+ce] epoch 84/120  sigreg=1.0583  ce=0.6193  min_dist=5.83  mean_dist=7.45
  [sigreg+ce] epoch 85/120  sigreg=1.0855  ce=0.6267  min_dist=5.85  mean_dist=7.47
  [sigreg+ce] epoch 86/120  sigreg=1.0014  ce=0.5917  min_dist=5.87  mean_dist=7.50
  [sigreg+ce] epoch 87/120  sigreg=1.0527  ce=0.5763  min_dist=5.89  mean_dist=7.52
  [sigreg+ce] epoch 88/120  sigreg=1.0278  ce=0.5711  min_dist=5.91  mean_dist=7.54
  [sigreg+ce] epoch 89/120  sigreg=0.9968  ce=0.5934  min_dist=5.92  mean_dist=7.57
  [sigreg+ce] epoch 90/120  sigreg=1.0802  ce=0.5150  min_dist=5.94  mean_dist=7.59
  [sigreg+ce] epoch 91/120  sigreg=1.0545  ce=0.5620  min_dist=5.96  mean_dist=7.61
  [sigreg+ce] epoch 92/120  sigreg=1.0115  ce=0.5942  min_dist=5.98  mean_dist=7.64
  [sigreg+ce] epoch 93/120  sigreg=1.0133  ce=0.4357  min_dist=6.00  mean_dist=7.66
  [sigreg+ce] epoch 94/120  sigreg=1.0395  ce=0.4957  min_dist=6.02  mean_dist=7.68
  [sigreg+ce] epoch 95/120  sigreg=0.9819  ce=0.5358  min_dist=6.04  mean_dist=7.71
  [sigreg+ce] epoch 96/120  sigreg=1.0276  ce=0.5320  min_dist=6.05  mean_dist=7.73
  [sigreg+ce] epoch 97/120  sigreg=1.0427  ce=0.5383  min_dist=6.07  mean_dist=7.75
  [sigreg+ce] epoch 98/120  sigreg=1.0195  ce=0.4570  min_dist=6.09  mean_dist=7.78
  [sigreg+ce] epoch 99/120  sigreg=1.0162  ce=0.4274  min_dist=6.11  mean_dist=7.80
  [sigreg+ce] epoch 100/120  sigreg=1.0060  ce=0.4134  min_dist=6.13  mean_dist=7.82
  [sigreg+ce] epoch 101/120  sigreg=1.0201  ce=0.4864  min_dist=6.15  mean_dist=7.85
  [sigreg+ce] epoch 102/120  sigreg=0.9825  ce=0.4727  min_dist=6.16  mean_dist=7.87
  [sigreg+ce] epoch 103/120  sigreg=1.0423  ce=0.4110  min_dist=6.18  mean_dist=7.89
  [sigreg+ce] epoch 104/120  sigreg=0.9870  ce=0.3722  min_dist=6.20  mean_dist=7.91
  [sigreg+ce] epoch 105/120  sigreg=0.9982  ce=0.3918  min_dist=6.22  mean_dist=7.94
  [sigreg+ce] epoch 106/120  sigreg=1.0130  ce=0.4292  min_dist=6.24  mean_dist=7.96
  [sigreg+ce] epoch 107/120  sigreg=1.0147  ce=0.4164  min_dist=6.25  mean_dist=7.98
  [sigreg+ce] epoch 108/120  sigreg=0.9752  ce=0.4126  min_dist=6.27  mean_dist=8.00
  [sigreg+ce] epoch 109/120  sigreg=0.9996  ce=0.4157  min_dist=6.29  mean_dist=8.02
  [sigreg+ce] epoch 110/120  sigreg=0.9831  ce=0.4183  min_dist=6.31  mean_dist=8.05
  [sigreg+ce] epoch 111/120  sigreg=1.0049  ce=0.3871  min_dist=6.33  mean_dist=8.07
  [sigreg+ce] epoch 112/120  sigreg=0.9742  ce=0.4216  min_dist=6.34  mean_dist=8.09
  [sigreg+ce] epoch 113/120  sigreg=0.9837  ce=0.4334  min_dist=6.36  mean_dist=8.11
  [sigreg+ce] epoch 114/120  sigreg=1.0096  ce=0.3725  min_dist=6.38  mean_dist=8.13
  [sigreg+ce] epoch 115/120  sigreg=0.9833  ce=0.3679  min_dist=6.40  mean_dist=8.16
  [sigreg+ce] epoch 116/120  sigreg=0.9689  ce=0.3530  min_dist=6.41  mean_dist=8.18
  [sigreg+ce] epoch 117/120  sigreg=0.9509  ce=0.3634  min_dist=6.43  mean_dist=8.20
  [sigreg+ce] epoch 118/120  sigreg=0.9401  ce=0.3221  min_dist=6.45  mean_dist=8.22
  [sigreg+ce] epoch 119/120  sigreg=0.9537  ce=0.3482  min_dist=6.46  mean_dist=8.24
  [sigreg+ce] epoch 120/120  sigreg=0.9670  ce=0.3260  min_dist=6.48  mean_dist=8.26
  [flowers/visreg] raw probe (768d)             91.4
  [flowers/visreg] sup-proto                    82.6
  [flowers/visreg] sup-proto (posterior)        80.9
  [flowers/visreg] sup-proto+hybrid (concat)    83.3
  [flowers/visreg] sup-ce                       87.0
  [flowers/visreg] sup-ce+hybrid (concat)       87.1

######## galaxy10 on DINO ViT-B/16 ########
  [simclr+sigreg] epoch 1/120  nt-xent=6.7098  sigreg=0.8746
  [simclr+sigreg] epoch 2/120  nt-xent=6.4460  sigreg=0.5847
  [simclr+sigreg] epoch 3/120  nt-xent=6.2815  sigreg=0.4407
  [simclr+sigreg] epoch 4/120  nt-xent=6.1716  sigreg=0.3201
  [simclr+sigreg] epoch 5/120  nt-xent=6.1233  sigreg=0.2237
  [simclr+sigreg] epoch 6/120  nt-xent=6.1042  sigreg=0.1898
  [simclr+sigreg] epoch 7/120  nt-xent=6.0341  sigreg=0.2076
  [simclr+sigreg] epoch 8/120  nt-xent=5.9998  sigreg=0.1973
  [simclr+sigreg] epoch 9/120  nt-xent=5.9610  sigreg=0.1848
  [simclr+sigreg] epoch 10/120  nt-xent=5.9302  sigreg=0.1737
  [simclr+sigreg] epoch 11/120  nt-xent=5.8982  sigreg=0.1691
  [simclr+sigreg] epoch 12/120  nt-xent=5.8521  sigreg=0.1575
  [simclr+sigreg] epoch 13/120  nt-xent=5.8299  sigreg=0.1438
  [simclr+sigreg] epoch 14/120  nt-xent=5.8273  sigreg=0.1480
  [simclr+sigreg] epoch 15/120  nt-xent=5.8015  sigreg=0.1548
  [simclr+sigreg] epoch 16/120  nt-xent=5.7933  sigreg=0.1346
  [simclr+sigreg] epoch 17/120  nt-xent=5.7648  sigreg=0.1166
  [simclr+sigreg] epoch 18/120  nt-xent=5.7808  sigreg=0.1069
  [simclr+sigreg] epoch 19/120  nt-xent=5.7500  sigreg=0.1182
  [simclr+sigreg] epoch 20/120  nt-xent=5.7512  sigreg=0.1157
  [simclr+sigreg] epoch 21/120  nt-xent=5.7616  sigreg=0.1026
  [simclr+sigreg] epoch 22/120  nt-xent=5.7414  sigreg=0.1128
  [simclr+sigreg] epoch 23/120  nt-xent=5.7435  sigreg=0.1230
  [simclr+sigreg] epoch 24/120  nt-xent=5.7324  sigreg=0.1121
  [simclr+sigreg] epoch 25/120  nt-xent=5.7319  sigreg=0.1125
  [simclr+sigreg] epoch 26/120  nt-xent=5.7196  sigreg=0.1149
  [simclr+sigreg] epoch 27/120  nt-xent=5.7150  sigreg=0.0986
  [simclr+sigreg] epoch 28/120  nt-xent=5.7031  sigreg=0.1000
  [simclr+sigreg] epoch 29/120  nt-xent=5.7012  sigreg=0.0936
  [simclr+sigreg] epoch 30/120  nt-xent=5.6832  sigreg=0.0865
  [simclr+sigreg] epoch 31/120  nt-xent=5.6727  sigreg=0.0898
  [simclr+sigreg] epoch 32/120  nt-xent=5.6785  sigreg=0.0876
  [simclr+sigreg] epoch 33/120  nt-xent=5.6713  sigreg=0.1074
  [simclr+sigreg] epoch 34/120  nt-xent=5.6620  sigreg=0.0964
  [simclr+sigreg] epoch 35/120  nt-xent=5.6551  sigreg=0.0851
  [simclr+sigreg] epoch 36/120  nt-xent=5.6544  sigreg=0.0846
  [simclr+sigreg] epoch 37/120  nt-xent=5.6420  sigreg=0.0854
  [simclr+sigreg] epoch 38/120  nt-xent=5.6184  sigreg=0.0814
  [simclr+sigreg] epoch 39/120  nt-xent=5.6274  sigreg=0.0921
  [simclr+sigreg] epoch 40/120  nt-xent=5.6159  sigreg=0.0835
  [simclr+sigreg] epoch 41/120  nt-xent=5.6200  sigreg=0.0767
  [simclr+sigreg] epoch 42/120  nt-xent=5.6067  sigreg=0.0770
  [simclr+sigreg] epoch 43/120  nt-xent=5.5925  sigreg=0.0783
  [simclr+sigreg] epoch 44/120  nt-xent=5.5900  sigreg=0.0756
  [simclr+sigreg] epoch 45/120  nt-xent=5.5849  sigreg=0.0766
  [simclr+sigreg] epoch 46/120  nt-xent=5.5868  sigreg=0.0878
  [simclr+sigreg] epoch 47/120  nt-xent=5.5818  sigreg=0.0823
  [simclr+sigreg] epoch 48/120  nt-xent=5.5688  sigreg=0.0719
  [simclr+sigreg] epoch 49/120  nt-xent=5.5578  sigreg=0.0740
  [simclr+sigreg] epoch 50/120  nt-xent=5.5573  sigreg=0.0687
  [simclr+sigreg] epoch 51/120  nt-xent=5.5578  sigreg=0.0756
  [simclr+sigreg] epoch 52/120  nt-xent=5.5433  sigreg=0.0711
  [simclr+sigreg] epoch 53/120  nt-xent=5.5421  sigreg=0.0778
  [simclr+sigreg] epoch 54/120  nt-xent=5.5381  sigreg=0.0681
  [simclr+sigreg] epoch 55/120  nt-xent=5.5358  sigreg=0.0724
  [simclr+sigreg] epoch 56/120  nt-xent=5.5501  sigreg=0.0756
  [simclr+sigreg] epoch 57/120  nt-xent=5.5196  sigreg=0.0686
  [simclr+sigreg] epoch 58/120  nt-xent=5.5327  sigreg=0.0701
  [simclr+sigreg] epoch 59/120  nt-xent=5.5394  sigreg=0.0719
  [simclr+sigreg] epoch 60/120  nt-xent=5.5245  sigreg=0.0703
  [simclr+sigreg] epoch 61/120  nt-xent=5.5204  sigreg=0.0675
  [simclr+sigreg] epoch 62/120  nt-xent=5.5085  sigreg=0.0687
  [simclr+sigreg] epoch 63/120  nt-xent=5.5057  sigreg=0.0701
  [simclr+sigreg] epoch 64/120  nt-xent=5.5016  sigreg=0.0757
  [simclr+sigreg] epoch 65/120  nt-xent=5.5088  sigreg=0.0698
  [simclr+sigreg] epoch 66/120  nt-xent=5.5014  sigreg=0.0671
  [simclr+sigreg] epoch 67/120  nt-xent=5.4923  sigreg=0.0634
  [simclr+sigreg] epoch 68/120  nt-xent=5.4989  sigreg=0.0659
  [simclr+sigreg] epoch 69/120  nt-xent=5.4961  sigreg=0.0655
  [simclr+sigreg] epoch 70/120  nt-xent=5.4923  sigreg=0.0680
  [simclr+sigreg] epoch 71/120  nt-xent=5.4873  sigreg=0.0639
  [simclr+sigreg] epoch 72/120  nt-xent=5.4881  sigreg=0.0670
  [simclr+sigreg] epoch 73/120  nt-xent=5.4793  sigreg=0.0674
  [simclr+sigreg] epoch 74/120  nt-xent=5.4823  sigreg=0.0649
  [simclr+sigreg] epoch 75/120  nt-xent=5.4763  sigreg=0.0629
  [simclr+sigreg] epoch 76/120  nt-xent=5.4734  sigreg=0.0674
  [simclr+sigreg] epoch 77/120  nt-xent=5.4621  sigreg=0.0721
  [simclr+sigreg] epoch 78/120  nt-xent=5.4678  sigreg=0.0584
  [simclr+sigreg] epoch 79/120  nt-xent=5.4610  sigreg=0.0614
  [simclr+sigreg] epoch 80/120  nt-xent=5.4507  sigreg=0.0620
  [simclr+sigreg] epoch 81/120  nt-xent=5.4594  sigreg=0.0591
  [simclr+sigreg] epoch 82/120  nt-xent=5.4663  sigreg=0.0584
  [simclr+sigreg] epoch 83/120  nt-xent=5.4444  sigreg=0.0571
  [simclr+sigreg] epoch 84/120  nt-xent=5.4541  sigreg=0.0544
  [simclr+sigreg] epoch 85/120  nt-xent=5.4560  sigreg=0.0635
  [simclr+sigreg] epoch 86/120  nt-xent=5.4561  sigreg=0.0542
  [simclr+sigreg] epoch 87/120  nt-xent=5.4578  sigreg=0.0550
  [simclr+sigreg] epoch 88/120  nt-xent=5.4545  sigreg=0.0545
  [simclr+sigreg] epoch 89/120  nt-xent=5.4491  sigreg=0.0580
  [simclr+sigreg] epoch 90/120  nt-xent=5.4495  sigreg=0.0560
  [simclr+sigreg] epoch 91/120  nt-xent=5.4384  sigreg=0.0636
  [simclr+sigreg] epoch 92/120  nt-xent=5.4518  sigreg=0.0604
  [simclr+sigreg] epoch 93/120  nt-xent=5.4480  sigreg=0.0628
  [simclr+sigreg] epoch 94/120  nt-xent=5.4524  sigreg=0.0669
  [simclr+sigreg] epoch 95/120  nt-xent=5.4404  sigreg=0.0555
  [simclr+sigreg] epoch 96/120  nt-xent=5.4441  sigreg=0.0599
  [simclr+sigreg] epoch 97/120  nt-xent=5.4354  sigreg=0.0552
  [simclr+sigreg] epoch 98/120  nt-xent=5.4450  sigreg=0.0604
  [simclr+sigreg] epoch 99/120  nt-xent=5.4368  sigreg=0.0593
  [simclr+sigreg] epoch 100/120  nt-xent=5.4367  sigreg=0.0616
  [simclr+sigreg] epoch 101/120  nt-xent=5.4337  sigreg=0.0578
  [simclr+sigreg] epoch 102/120  nt-xent=5.4402  sigreg=0.0598
  [simclr+sigreg] epoch 103/120  nt-xent=5.4350  sigreg=0.0582
  [simclr+sigreg] epoch 104/120  nt-xent=5.4216  sigreg=0.0542
  [simclr+sigreg] epoch 105/120  nt-xent=5.4250  sigreg=0.0541
  [simclr+sigreg] epoch 106/120  nt-xent=5.4255  sigreg=0.0634
  [simclr+sigreg] epoch 107/120  nt-xent=5.4202  sigreg=0.0597
  [simclr+sigreg] epoch 108/120  nt-xent=5.4167  sigreg=0.0602
  [simclr+sigreg] epoch 109/120  nt-xent=5.4236  sigreg=0.0561
  [simclr+sigreg] epoch 110/120  nt-xent=5.4144  sigreg=0.0653
  [simclr+sigreg] epoch 111/120  nt-xent=5.4235  sigreg=0.0574
  [simclr+sigreg] epoch 112/120  nt-xent=5.4141  sigreg=0.0614
  [simclr+sigreg] epoch 113/120  nt-xent=5.4115  sigreg=0.0521
  [simclr+sigreg] epoch 114/120  nt-xent=5.4155  sigreg=0.0518
  [simclr+sigreg] epoch 115/120  nt-xent=5.4104  sigreg=0.0592
  [simclr+sigreg] epoch 116/120  nt-xent=5.4032  sigreg=0.0563
  [simclr+sigreg] epoch 117/120  nt-xent=5.4041  sigreg=0.0463
  [simclr+sigreg] epoch 118/120  nt-xent=5.4055  sigreg=0.0608
  [simclr+sigreg] epoch 119/120  nt-xent=5.4105  sigreg=0.0653
  [simclr+sigreg] epoch 120/120  nt-xent=5.4090  sigreg=0.0586
--- [galaxy10/dino] sup-SIGReg (proto) ---
  seed anchors (orthogonal): min pairwise distance=5.00 sigma
  balanced loader: 1772 samples, 7 batches of 10x24
  [sigreg+proto] epoch 1/120  sigreg=0.9392  proto=3.5497  min_dist=5.02  mean_dist=5.02
  [sigreg+proto] epoch 2/120  sigreg=0.7983  proto=1.8515  min_dist=5.03  mean_dist=5.04
  [sigreg+proto] epoch 3/120  sigreg=0.7346  proto=1.4425  min_dist=5.05  mean_dist=5.06
  [sigreg+proto] epoch 4/120  sigreg=0.6640  proto=1.2867  min_dist=5.07  mean_dist=5.08
  [sigreg+proto] epoch 5/120  sigreg=0.5982  proto=1.2098  min_dist=5.09  mean_dist=5.10
  [sigreg+proto] epoch 6/120  sigreg=0.5315  proto=1.0929  min_dist=5.11  mean_dist=5.12
  [sigreg+proto] epoch 7/120  sigreg=0.4663  proto=1.0457  min_dist=5.13  mean_dist=5.14
  [sigreg+proto] epoch 8/120  sigreg=0.4473  proto=1.0033  min_dist=5.15  mean_dist=5.16
  [sigreg+proto] epoch 9/120  sigreg=0.3980  proto=0.9684  min_dist=5.17  mean_dist=5.18
  [sigreg+proto] epoch 10/120  sigreg=0.3913  proto=0.9084  min_dist=5.19  mean_dist=5.21
  [sigreg+proto] epoch 11/120  sigreg=0.3819  proto=0.8797  min_dist=5.21  mean_dist=5.23
  [sigreg+proto] epoch 12/120  sigreg=0.3691  proto=0.8528  min_dist=5.23  mean_dist=5.26
  [sigreg+proto] epoch 13/120  sigreg=0.3768  proto=0.8488  min_dist=5.25  mean_dist=5.29
  [sigreg+proto] epoch 14/120  sigreg=0.3632  proto=0.7857  min_dist=5.27  mean_dist=5.31
  [sigreg+proto] epoch 15/120  sigreg=0.3445  proto=0.7498  min_dist=5.29  mean_dist=5.35
  [sigreg+proto] epoch 16/120  sigreg=0.3495  proto=0.7200  min_dist=5.31  mean_dist=5.38
  [sigreg+proto] epoch 17/120  sigreg=0.3400  proto=0.6896  min_dist=5.33  mean_dist=5.42
  [sigreg+proto] epoch 18/120  sigreg=0.3451  proto=0.6745  min_dist=5.36  mean_dist=5.46
  [sigreg+proto] epoch 19/120  sigreg=0.3387  proto=0.6556  min_dist=5.38  mean_dist=5.50
  [sigreg+proto] epoch 20/120  sigreg=0.3348  proto=0.6266  min_dist=5.40  mean_dist=5.55
  [sigreg+proto] epoch 21/120  sigreg=0.3369  proto=0.5830  min_dist=5.43  mean_dist=5.60
  [sigreg+proto] epoch 22/120  sigreg=0.3343  proto=0.5731  min_dist=5.45  mean_dist=5.65
  [sigreg+proto] epoch 23/120  sigreg=0.3307  proto=0.5811  min_dist=5.48  mean_dist=5.70
  [sigreg+proto] epoch 24/120  sigreg=0.3228  proto=0.5420  min_dist=5.50  mean_dist=5.76
  [sigreg+proto] epoch 25/120  sigreg=0.3265  proto=0.4966  min_dist=5.53  mean_dist=5.82
  [sigreg+proto] epoch 26/120  sigreg=0.3232  proto=0.4945  min_dist=5.56  mean_dist=5.88
  [sigreg+proto] epoch 27/120  sigreg=0.3214  proto=0.4861  min_dist=5.58  mean_dist=5.94
  [sigreg+proto] epoch 28/120  sigreg=0.3247  proto=0.4804  min_dist=5.61  mean_dist=6.01
  [sigreg+proto] epoch 29/120  sigreg=0.3208  proto=0.4031  min_dist=5.64  mean_dist=6.07
  [sigreg+proto] epoch 30/120  sigreg=0.3091  proto=0.3838  min_dist=5.67  mean_dist=6.14
  [sigreg+proto] epoch 31/120  sigreg=0.3092  proto=0.3982  min_dist=5.70  mean_dist=6.21
  [sigreg+proto] epoch 32/120  sigreg=0.3159  proto=0.4103  min_dist=5.73  mean_dist=6.28
  [sigreg+proto] epoch 33/120  sigreg=0.3097  proto=0.3682  min_dist=5.76  mean_dist=6.35
  [sigreg+proto] epoch 34/120  sigreg=0.3070  proto=0.3713  min_dist=5.79  mean_dist=6.42
  [sigreg+proto] epoch 35/120  sigreg=0.3046  proto=0.3445  min_dist=5.83  mean_dist=6.49
  [sigreg+proto] epoch 36/120  sigreg=0.3068  proto=0.2905  min_dist=5.86  mean_dist=6.56
  [sigreg+proto] epoch 37/120  sigreg=0.3117  proto=0.3034  min_dist=5.89  mean_dist=6.63
  [sigreg+proto] epoch 38/120  sigreg=0.3128  proto=0.3469  min_dist=5.93  mean_dist=6.70
  [sigreg+proto] epoch 39/120  sigreg=0.3109  proto=0.2945  min_dist=5.96  mean_dist=6.77
  [sigreg+proto] epoch 40/120  sigreg=0.3035  proto=0.2835  min_dist=6.00  mean_dist=6.85
  [sigreg+proto] epoch 41/120  sigreg=0.3070  proto=0.2527  min_dist=6.03  mean_dist=6.92
  [sigreg+proto] epoch 42/120  sigreg=0.3192  proto=0.2592  min_dist=6.07  mean_dist=6.99
  [sigreg+proto] epoch 43/120  sigreg=0.3095  proto=0.2203  min_dist=6.10  mean_dist=7.06
  [sigreg+proto] epoch 44/120  sigreg=0.3155  proto=0.2042  min_dist=6.14  mean_dist=7.13
  [sigreg+proto] epoch 45/120  sigreg=0.2986  proto=0.2165  min_dist=6.18  mean_dist=7.20
  [sigreg+proto] epoch 46/120  sigreg=0.3118  proto=0.2414  min_dist=6.21  mean_dist=7.27
  [sigreg+proto] epoch 47/120  sigreg=0.3159  proto=0.2640  min_dist=6.25  mean_dist=7.34
  [sigreg+proto] epoch 48/120  sigreg=0.3153  proto=0.2797  min_dist=6.29  mean_dist=7.41
  [sigreg+proto] epoch 49/120  sigreg=0.2996  proto=0.2435  min_dist=6.33  mean_dist=7.48
  [sigreg+proto] epoch 50/120  sigreg=0.3094  proto=0.2201  min_dist=6.37  mean_dist=7.54
  [sigreg+proto] epoch 51/120  sigreg=0.3192  proto=0.2059  min_dist=6.41  mean_dist=7.61
  [sigreg+proto] epoch 52/120  sigreg=0.3103  proto=0.2106  min_dist=6.44  mean_dist=7.68
  [sigreg+proto] epoch 53/120  sigreg=0.3063  proto=0.1777  min_dist=6.48  mean_dist=7.74
  [sigreg+proto] epoch 54/120  sigreg=0.3138  proto=0.1478  min_dist=6.52  mean_dist=7.81
  [sigreg+proto] epoch 55/120  sigreg=0.3121  proto=0.1319  min_dist=6.56  mean_dist=7.87
  [sigreg+proto] epoch 56/120  sigreg=0.2984  proto=0.1402  min_dist=6.60  mean_dist=7.94
  [sigreg+proto] epoch 57/120  sigreg=0.3042  proto=0.1349  min_dist=6.64  mean_dist=8.00
  [sigreg+proto] epoch 58/120  sigreg=0.3063  proto=0.1020  min_dist=6.68  mean_dist=8.07
  [sigreg+proto] epoch 59/120  sigreg=0.2933  proto=0.0880  min_dist=6.73  mean_dist=8.13
  [sigreg+proto] epoch 60/120  sigreg=0.2935  proto=0.0821  min_dist=6.77  mean_dist=8.19
  [sigreg+proto] epoch 61/120  sigreg=0.3088  proto=0.0726  min_dist=6.81  mean_dist=8.26
  [sigreg+proto] epoch 62/120  sigreg=0.2944  proto=0.0684  min_dist=6.85  mean_dist=8.32
  [sigreg+proto] epoch 63/120  sigreg=0.2990  proto=0.0689  min_dist=6.89  mean_dist=8.38
  [sigreg+proto] epoch 64/120  sigreg=0.3038  proto=0.0855  min_dist=6.93  mean_dist=8.44
  [sigreg+proto] epoch 65/120  sigreg=0.3014  proto=0.0787  min_dist=6.97  mean_dist=8.50
  [sigreg+proto] epoch 66/120  sigreg=0.2999  proto=0.0507  min_dist=7.01  mean_dist=8.56
  [sigreg+proto] epoch 67/120  sigreg=0.2913  proto=0.0454  min_dist=7.05  mean_dist=8.62
  [sigreg+proto] epoch 68/120  sigreg=0.2883  proto=0.0506  min_dist=7.09  mean_dist=8.68
  [sigreg+proto] epoch 69/120  sigreg=0.2943  proto=0.0416  min_dist=7.13  mean_dist=8.74
  [sigreg+proto] epoch 70/120  sigreg=0.2900  proto=0.0675  min_dist=7.17  mean_dist=8.79
  [sigreg+proto] epoch 71/120  sigreg=0.2938  proto=0.0771  min_dist=7.21  mean_dist=8.85
  [sigreg+proto] epoch 72/120  sigreg=0.3001  proto=0.1215  min_dist=7.25  mean_dist=8.91
  [sigreg+proto] epoch 73/120  sigreg=0.3101  proto=0.1038  min_dist=7.29  mean_dist=8.96
  [sigreg+proto] epoch 74/120  sigreg=0.2948  proto=0.1691  min_dist=7.34  mean_dist=9.02
  [sigreg+proto] epoch 75/120  sigreg=0.3130  proto=0.1659  min_dist=7.38  mean_dist=9.07
  [sigreg+proto] epoch 76/120  sigreg=0.3245  proto=0.2597  min_dist=7.42  mean_dist=9.13
  [sigreg+proto] epoch 77/120  sigreg=0.3123  proto=0.2558  min_dist=7.46  mean_dist=9.18
  [sigreg+proto] epoch 78/120  sigreg=0.3194  proto=0.2548  min_dist=7.50  mean_dist=9.24
  [sigreg+proto] epoch 79/120  sigreg=0.3283  proto=0.2653  min_dist=7.53  mean_dist=9.29
  [sigreg+proto] epoch 80/120  sigreg=0.3244  proto=0.1641  min_dist=7.58  mean_dist=9.34
  [sigreg+proto] epoch 81/120  sigreg=0.3179  proto=0.0811  min_dist=7.61  mean_dist=9.39
  [sigreg+proto] epoch 82/120  sigreg=0.3129  proto=0.0754  min_dist=7.65  mean_dist=9.44
  [sigreg+proto] epoch 83/120  sigreg=0.3071  proto=0.0551  min_dist=7.69  mean_dist=9.50
  [sigreg+proto] epoch 84/120  sigreg=0.3014  proto=0.0683  min_dist=7.73  mean_dist=9.55
  [sigreg+proto] epoch 85/120  sigreg=0.3063  proto=0.0777  min_dist=7.77  mean_dist=9.60
  [sigreg+proto] epoch 86/120  sigreg=0.3087  proto=0.1242  min_dist=7.81  mean_dist=9.65
  [sigreg+proto] epoch 87/120  sigreg=0.3165  proto=0.1124  min_dist=7.85  mean_dist=9.70
  [sigreg+proto] epoch 88/120  sigreg=0.3280  proto=0.2338  min_dist=7.89  mean_dist=9.75
  [sigreg+proto] epoch 89/120  sigreg=0.3338  proto=0.1264  min_dist=7.93  mean_dist=9.80
  [sigreg+proto] epoch 90/120  sigreg=0.3238  proto=0.1131  min_dist=7.97  mean_dist=9.85
  [sigreg+proto] epoch 91/120  sigreg=0.3141  proto=0.0897  min_dist=8.01  mean_dist=9.89
  [sigreg+proto] epoch 92/120  sigreg=0.3128  proto=0.0564  min_dist=8.04  mean_dist=9.94
  [sigreg+proto] epoch 93/120  sigreg=0.3073  proto=0.0554  min_dist=8.08  mean_dist=9.99
  [sigreg+proto] epoch 94/120  sigreg=0.3132  proto=0.0766  min_dist=8.12  mean_dist=10.04
  [sigreg+proto] epoch 95/120  sigreg=0.3095  proto=0.0849  min_dist=8.16  mean_dist=10.08
  [sigreg+proto] epoch 96/120  sigreg=0.3077  proto=0.0690  min_dist=8.20  mean_dist=10.13
  [sigreg+proto] epoch 97/120  sigreg=0.3061  proto=0.0568  min_dist=8.23  mean_dist=10.18
  [sigreg+proto] epoch 98/120  sigreg=0.3144  proto=0.0383  min_dist=8.27  mean_dist=10.22
  [sigreg+proto] epoch 99/120  sigreg=0.3031  proto=0.0390  min_dist=8.31  mean_dist=10.27
  [sigreg+proto] epoch 100/120  sigreg=0.2913  proto=0.0332  min_dist=8.34  mean_dist=10.31
  [sigreg+proto] epoch 101/120  sigreg=0.2988  proto=0.0188  min_dist=8.38  mean_dist=10.36
  [sigreg+proto] epoch 102/120  sigreg=0.2876  proto=0.0140  min_dist=8.42  mean_dist=10.40
  [sigreg+proto] epoch 103/120  sigreg=0.2967  proto=0.0090  min_dist=8.45  mean_dist=10.45
  [sigreg+proto] epoch 104/120  sigreg=0.2813  proto=0.0090  min_dist=8.49  mean_dist=10.49
  [sigreg+proto] epoch 105/120  sigreg=0.2853  proto=0.0109  min_dist=8.53  mean_dist=10.54
  [sigreg+proto] epoch 106/120  sigreg=0.2912  proto=0.0378  min_dist=8.56  mean_dist=10.58
  [sigreg+proto] epoch 107/120  sigreg=0.2994  proto=0.0427  min_dist=8.60  mean_dist=10.62
  [sigreg+proto] epoch 108/120  sigreg=0.3017  proto=0.2203  min_dist=8.64  mean_dist=10.67
  [sigreg+proto] epoch 109/120  sigreg=0.3300  proto=0.3003  min_dist=8.67  mean_dist=10.71
  [sigreg+proto] epoch 110/120  sigreg=0.3924  proto=1.0145  min_dist=8.70  mean_dist=10.75
  [sigreg+proto] epoch 111/120  sigreg=0.4262  proto=0.7351  min_dist=8.74  mean_dist=10.79
  [sigreg+proto] epoch 112/120  sigreg=0.4179  proto=0.3829  min_dist=8.78  mean_dist=10.83
  [sigreg+proto] epoch 113/120  sigreg=0.3928  proto=0.2099  min_dist=8.81  mean_dist=10.87
  [sigreg+proto] epoch 114/120  sigreg=0.3547  proto=0.1788  min_dist=8.85  mean_dist=10.91
  [sigreg+proto] epoch 115/120  sigreg=0.3526  proto=0.1488  min_dist=8.88  mean_dist=10.95
  [sigreg+proto] epoch 116/120  sigreg=0.3402  proto=0.1001  min_dist=8.91  mean_dist=10.99
  [sigreg+proto] epoch 117/120  sigreg=0.3408  proto=0.0987  min_dist=8.95  mean_dist=11.03
  [sigreg+proto] epoch 118/120  sigreg=0.3207  proto=0.1076  min_dist=8.98  mean_dist=11.07
  [sigreg+proto] epoch 119/120  sigreg=0.3334  proto=0.0743  min_dist=9.02  mean_dist=11.11
  [sigreg+proto] epoch 120/120  sigreg=0.3298  proto=0.0708  min_dist=9.05  mean_dist=11.15
--- [galaxy10/dino] sup-SIGReg (ce) ---
  seed anchors (orthogonal): min pairwise distance=5.00 sigma
  balanced loader: 1772 samples, 7 batches of 10x24
  [sigreg+ce] epoch 1/120  sigreg=0.7722  ce=2.0371  min_dist=5.02  mean_dist=5.02
  [sigreg+ce] epoch 2/120  sigreg=0.6347  ce=1.5965  min_dist=5.04  mean_dist=5.04
  [sigreg+ce] epoch 3/120  sigreg=0.5735  ce=1.4702  min_dist=5.06  mean_dist=5.07
  [sigreg+ce] epoch 4/120  sigreg=0.4757  ce=1.3785  min_dist=5.09  mean_dist=5.09
  [sigreg+ce] epoch 5/120  sigreg=0.4886  ce=1.2754  min_dist=5.11  mean_dist=5.12
  [sigreg+ce] epoch 6/120  sigreg=0.4599  ce=1.2371  min_dist=5.14  mean_dist=5.15
  [sigreg+ce] epoch 7/120  sigreg=0.4453  ce=1.1704  min_dist=5.17  mean_dist=5.19
  [sigreg+ce] epoch 8/120  sigreg=0.4550  ce=1.1177  min_dist=5.21  mean_dist=5.23
  [sigreg+ce] epoch 9/120  sigreg=0.4311  ce=1.0573  min_dist=5.24  mean_dist=5.28
  [sigreg+ce] epoch 10/120  sigreg=0.4132  ce=1.0265  min_dist=5.28  mean_dist=5.32
  [sigreg+ce] epoch 11/120  sigreg=0.4049  ce=0.9737  min_dist=5.32  mean_dist=5.38
  [sigreg+ce] epoch 12/120  sigreg=0.4084  ce=0.9225  min_dist=5.37  mean_dist=5.43
  [sigreg+ce] epoch 13/120  sigreg=0.3993  ce=0.9367  min_dist=5.41  mean_dist=5.49
  [sigreg+ce] epoch 14/120  sigreg=0.3861  ce=0.8600  min_dist=5.46  mean_dist=5.55
  [sigreg+ce] epoch 15/120  sigreg=0.3800  ce=0.8174  min_dist=5.51  mean_dist=5.61
  [sigreg+ce] epoch 16/120  sigreg=0.3919  ce=0.7817  min_dist=5.56  mean_dist=5.68
  [sigreg+ce] epoch 17/120  sigreg=0.3782  ce=0.7744  min_dist=5.61  mean_dist=5.75
  [sigreg+ce] epoch 18/120  sigreg=0.3654  ce=0.7573  min_dist=5.67  mean_dist=5.82
  [sigreg+ce] epoch 19/120  sigreg=0.3679  ce=0.7292  min_dist=5.72  mean_dist=5.89
  [sigreg+ce] epoch 20/120  sigreg=0.3673  ce=0.6938  min_dist=5.78  mean_dist=5.96
  [sigreg+ce] epoch 21/120  sigreg=0.3641  ce=0.6784  min_dist=5.83  mean_dist=6.03
  [sigreg+ce] epoch 22/120  sigreg=0.3621  ce=0.6529  min_dist=5.89  mean_dist=6.11
  [sigreg+ce] epoch 23/120  sigreg=0.3539  ce=0.6373  min_dist=5.94  mean_dist=6.18
  [sigreg+ce] epoch 24/120  sigreg=0.3493  ce=0.6012  min_dist=6.00  mean_dist=6.25
  [sigreg+ce] epoch 25/120  sigreg=0.3536  ce=0.5350  min_dist=6.06  mean_dist=6.33
  [sigreg+ce] epoch 26/120  sigreg=0.3381  ce=0.5563  min_dist=6.11  mean_dist=6.40
  [sigreg+ce] epoch 27/120  sigreg=0.3510  ce=0.5483  min_dist=6.17  mean_dist=6.47
  [sigreg+ce] epoch 28/120  sigreg=0.3373  ce=0.5235  min_dist=6.23  mean_dist=6.55
  [sigreg+ce] epoch 29/120  sigreg=0.3399  ce=0.4584  min_dist=6.29  mean_dist=6.62
  [sigreg+ce] epoch 30/120  sigreg=0.3430  ce=0.4362  min_dist=6.34  mean_dist=6.69
  [sigreg+ce] epoch 31/120  sigreg=0.3360  ce=0.4081  min_dist=6.40  mean_dist=6.77
  [sigreg+ce] epoch 32/120  sigreg=0.3363  ce=0.4078  min_dist=6.45  mean_dist=6.84
  [sigreg+ce] epoch 33/120  sigreg=0.3179  ce=0.4058  min_dist=6.51  mean_dist=6.91
  [sigreg+ce] epoch 34/120  sigreg=0.3141  ce=0.4066  min_dist=6.57  mean_dist=6.98
  [sigreg+ce] epoch 35/120  sigreg=0.3212  ce=0.3611  min_dist=6.62  mean_dist=7.05
  [sigreg+ce] epoch 36/120  sigreg=0.3229  ce=0.3500  min_dist=6.68  mean_dist=7.12
  [sigreg+ce] epoch 37/120  sigreg=0.3153  ce=0.3186  min_dist=6.73  mean_dist=7.19
  [sigreg+ce] epoch 38/120  sigreg=0.3199  ce=0.3064  min_dist=6.78  mean_dist=7.26
  [sigreg+ce] epoch 39/120  sigreg=0.3138  ce=0.2989  min_dist=6.84  mean_dist=7.33
  [sigreg+ce] epoch 40/120  sigreg=0.3157  ce=0.2920  min_dist=6.89  mean_dist=7.40
  [sigreg+ce] epoch 41/120  sigreg=0.3150  ce=0.2846  min_dist=6.94  mean_dist=7.46
  [sigreg+ce] epoch 42/120  sigreg=0.3151  ce=0.2695  min_dist=7.00  mean_dist=7.53
  [sigreg+ce] epoch 43/120  sigreg=0.3071  ce=0.2589  min_dist=7.05  mean_dist=7.60
  [sigreg+ce] epoch 44/120  sigreg=0.3052  ce=0.2370  min_dist=7.10  mean_dist=7.66
  [sigreg+ce] epoch 45/120  sigreg=0.2999  ce=0.2304  min_dist=7.15  mean_dist=7.73
  [sigreg+ce] epoch 46/120  sigreg=0.3008  ce=0.2153  min_dist=7.20  mean_dist=7.79
  [sigreg+ce] epoch 47/120  sigreg=0.3014  ce=0.1867  min_dist=7.25  mean_dist=7.85
  [sigreg+ce] epoch 48/120  sigreg=0.2881  ce=0.1842  min_dist=7.30  mean_dist=7.92
  [sigreg+ce] epoch 49/120  sigreg=0.2924  ce=0.2022  min_dist=7.35  mean_dist=7.98
  [sigreg+ce] epoch 50/120  sigreg=0.2827  ce=0.1953  min_dist=7.40  mean_dist=8.04
  [sigreg+ce] epoch 51/120  sigreg=0.2936  ce=0.1797  min_dist=7.45  mean_dist=8.10
  [sigreg+ce] epoch 52/120  sigreg=0.2902  ce=0.1821  min_dist=7.50  mean_dist=8.16
  [sigreg+ce] epoch 53/120  sigreg=0.2817  ce=0.1487  min_dist=7.55  mean_dist=8.22
  [sigreg+ce] epoch 54/120  sigreg=0.2730  ce=0.1457  min_dist=7.60  mean_dist=8.28
  [sigreg+ce] epoch 55/120  sigreg=0.2763  ce=0.1511  min_dist=7.64  mean_dist=8.34
  [sigreg+ce] epoch 56/120  sigreg=0.2779  ce=0.1374  min_dist=7.69  mean_dist=8.40
  [sigreg+ce] epoch 57/120  sigreg=0.2799  ce=0.1334  min_dist=7.74  mean_dist=8.46
  [sigreg+ce] epoch 58/120  sigreg=0.2660  ce=0.1279  min_dist=7.79  mean_dist=8.52
  [sigreg+ce] epoch 59/120  sigreg=0.2623  ce=0.1277  min_dist=7.83  mean_dist=8.58
  [sigreg+ce] epoch 60/120  sigreg=0.2670  ce=0.1155  min_dist=7.88  mean_dist=8.63
  [sigreg+ce] epoch 61/120  sigreg=0.2644  ce=0.1089  min_dist=7.92  mean_dist=8.69
  [sigreg+ce] epoch 62/120  sigreg=0.2603  ce=0.0990  min_dist=7.97  mean_dist=8.74
  [sigreg+ce] epoch 63/120  sigreg=0.2653  ce=0.0960  min_dist=8.01  mean_dist=8.80
  [sigreg+ce] epoch 64/120  sigreg=0.2605  ce=0.0966  min_dist=8.06  mean_dist=8.85
  [sigreg+ce] epoch 65/120  sigreg=0.2626  ce=0.0907  min_dist=8.10  mean_dist=8.91
  [sigreg+ce] epoch 66/120  sigreg=0.2548  ce=0.1074  min_dist=8.14  mean_dist=8.96
  [sigreg+ce] epoch 67/120  sigreg=0.2577  ce=0.0975  min_dist=8.19  mean_dist=9.02
  [sigreg+ce] epoch 68/120  sigreg=0.2611  ce=0.0920  min_dist=8.23  mean_dist=9.07
  [sigreg+ce] epoch 69/120  sigreg=0.2522  ce=0.0954  min_dist=8.27  mean_dist=9.12
  [sigreg+ce] epoch 70/120  sigreg=0.2522  ce=0.0779  min_dist=8.31  mean_dist=9.17
  [sigreg+ce] epoch 71/120  sigreg=0.2376  ce=0.0745  min_dist=8.36  mean_dist=9.22
  [sigreg+ce] epoch 72/120  sigreg=0.2463  ce=0.0673  min_dist=8.40  mean_dist=9.28
  [sigreg+ce] epoch 73/120  sigreg=0.2409  ce=0.0657  min_dist=8.44  mean_dist=9.33
  [sigreg+ce] epoch 74/120  sigreg=0.2433  ce=0.0678  min_dist=8.48  mean_dist=9.38
  [sigreg+ce] epoch 75/120  sigreg=0.2474  ce=0.0630  min_dist=8.52  mean_dist=9.43
  [sigreg+ce] epoch 76/120  sigreg=0.2323  ce=0.0620  min_dist=8.56  mean_dist=9.48
  [sigreg+ce] epoch 77/120  sigreg=0.2368  ce=0.0559  min_dist=8.60  mean_dist=9.53
  [sigreg+ce] epoch 78/120  sigreg=0.2336  ce=0.0550  min_dist=8.64  mean_dist=9.58
  [sigreg+ce] epoch 79/120  sigreg=0.2301  ce=0.0618  min_dist=8.68  mean_dist=9.62
  [sigreg+ce] epoch 80/120  sigreg=0.2203  ce=0.0528  min_dist=8.72  mean_dist=9.67
  [sigreg+ce] epoch 81/120  sigreg=0.2291  ce=0.0528  min_dist=8.76  mean_dist=9.72
  [sigreg+ce] epoch 82/120  sigreg=0.2191  ce=0.0577  min_dist=8.80  mean_dist=9.77
  [sigreg+ce] epoch 83/120  sigreg=0.2266  ce=0.0644  min_dist=8.84  mean_dist=9.82
  [sigreg+ce] epoch 84/120  sigreg=0.2139  ce=0.0510  min_dist=8.88  mean_dist=9.86
  [sigreg+ce] epoch 85/120  sigreg=0.2206  ce=0.0456  min_dist=8.92  mean_dist=9.91
  [sigreg+ce] epoch 86/120  sigreg=0.2129  ce=0.0404  min_dist=8.95  mean_dist=9.96
  [sigreg+ce] epoch 87/120  sigreg=0.2115  ce=0.0404  min_dist=8.99  mean_dist=10.00
  [sigreg+ce] epoch 88/120  sigreg=0.2070  ce=0.0367  min_dist=9.03  mean_dist=10.05
  [sigreg+ce] epoch 89/120  sigreg=0.2078  ce=0.0355  min_dist=9.07  mean_dist=10.09
  [sigreg+ce] epoch 90/120  sigreg=0.2117  ce=0.0349  min_dist=9.10  mean_dist=10.14
  [sigreg+ce] epoch 91/120  sigreg=0.2011  ce=0.0357  min_dist=9.14  mean_dist=10.18
  [sigreg+ce] epoch 92/120  sigreg=0.1984  ce=0.0343  min_dist=9.18  mean_dist=10.23
  [sigreg+ce] epoch 93/120  sigreg=0.2091  ce=0.0361  min_dist=9.21  mean_dist=10.27
  [sigreg+ce] epoch 94/120  sigreg=0.1953  ce=0.0350  min_dist=9.25  mean_dist=10.31
  [sigreg+ce] epoch 95/120  sigreg=0.2036  ce=0.0355  min_dist=9.29  mean_dist=10.36
  [sigreg+ce] epoch 96/120  sigreg=0.1952  ce=0.0310  min_dist=9.32  mean_dist=10.40
  [sigreg+ce] epoch 97/120  sigreg=0.1991  ce=0.0295  min_dist=9.36  mean_dist=10.44
  [sigreg+ce] epoch 98/120  sigreg=0.1929  ce=0.0282  min_dist=9.39  mean_dist=10.49
  [sigreg+ce] epoch 99/120  sigreg=0.2002  ce=0.0271  min_dist=9.43  mean_dist=10.53
  [sigreg+ce] epoch 100/120  sigreg=0.1969  ce=0.0286  min_dist=9.46  mean_dist=10.57
  [sigreg+ce] epoch 101/120  sigreg=0.1979  ce=0.0310  min_dist=9.50  mean_dist=10.61
  [sigreg+ce] epoch 102/120  sigreg=0.1921  ce=0.0281  min_dist=9.53  mean_dist=10.65
  [sigreg+ce] epoch 103/120  sigreg=0.1952  ce=0.0249  min_dist=9.57  mean_dist=10.70
  [sigreg+ce] epoch 104/120  sigreg=0.1926  ce=0.0251  min_dist=9.60  mean_dist=10.74
  [sigreg+ce] epoch 105/120  sigreg=0.1886  ce=0.0213  min_dist=9.64  mean_dist=10.78
  [sigreg+ce] epoch 106/120  sigreg=0.1829  ce=0.0223  min_dist=9.67  mean_dist=10.82
  [sigreg+ce] epoch 107/120  sigreg=0.1891  ce=0.0219  min_dist=9.70  mean_dist=10.86
  [sigreg+ce] epoch 108/120  sigreg=0.1856  ce=0.0238  min_dist=9.74  mean_dist=10.90
  [sigreg+ce] epoch 109/120  sigreg=0.1913  ce=0.0240  min_dist=9.77  mean_dist=10.94
  [sigreg+ce] epoch 110/120  sigreg=0.1844  ce=0.0245  min_dist=9.80  mean_dist=10.98
  [sigreg+ce] epoch 111/120  sigreg=0.1805  ce=0.0202  min_dist=9.84  mean_dist=11.02
  [sigreg+ce] epoch 112/120  sigreg=0.1829  ce=0.0203  min_dist=9.87  mean_dist=11.06
  [sigreg+ce] epoch 113/120  sigreg=0.1832  ce=0.0198  min_dist=9.90  mean_dist=11.09
  [sigreg+ce] epoch 114/120  sigreg=0.1799  ce=0.0195  min_dist=9.94  mean_dist=11.13
  [sigreg+ce] epoch 115/120  sigreg=0.1803  ce=0.0189  min_dist=9.97  mean_dist=11.17
  [sigreg+ce] epoch 116/120  sigreg=0.1789  ce=0.0192  min_dist=10.00  mean_dist=11.21
  [sigreg+ce] epoch 117/120  sigreg=0.1733  ce=0.0194  min_dist=10.03  mean_dist=11.25
  [sigreg+ce] epoch 118/120  sigreg=0.1828  ce=0.0165  min_dist=10.06  mean_dist=11.29
  [sigreg+ce] epoch 119/120  sigreg=0.1796  ce=0.0184  min_dist=10.10  mean_dist=11.32
  [sigreg+ce] epoch 120/120  sigreg=0.1763  ce=0.0160  min_dist=10.13  mean_dist=11.36
  [galaxy10/dino] raw probe (768d)             63.8
  [galaxy10/dino] sup-proto                    61.2
  [galaxy10/dino] sup-proto (posterior)        60.4
  [galaxy10/dino] sup-proto+hybrid (concat)    62.1
  [galaxy10/dino] sup-ce                       63.2
  [galaxy10/dino] sup-ce+hybrid (concat)       63.5

######## galaxy10 on LeJEPA ViT-B/16 (community repro) ########
  [simclr+sigreg] epoch 1/120  nt-xent=6.4882  sigreg=0.9068
  [simclr+sigreg] epoch 2/120  nt-xent=5.9884  sigreg=0.8309
  [simclr+sigreg] epoch 3/120  nt-xent=5.8792  sigreg=0.7570
  [simclr+sigreg] epoch 4/120  nt-xent=5.8281  sigreg=0.6706
  [simclr+sigreg] epoch 5/120  nt-xent=5.8191  sigreg=0.5662
  [simclr+sigreg] epoch 6/120  nt-xent=5.8191  sigreg=0.4716
  [simclr+sigreg] epoch 7/120  nt-xent=5.8259  sigreg=0.3671
  [simclr+sigreg] epoch 8/120  nt-xent=5.8341  sigreg=0.3069
  [simclr+sigreg] epoch 9/120  nt-xent=5.8298  sigreg=0.2198
  [simclr+sigreg] epoch 10/120  nt-xent=5.8291  sigreg=0.2088
  [simclr+sigreg] epoch 11/120  nt-xent=5.8248  sigreg=0.1999
  [simclr+sigreg] epoch 12/120  nt-xent=5.8167  sigreg=0.1766
  [simclr+sigreg] epoch 13/120  nt-xent=5.8090  sigreg=0.1714
  [simclr+sigreg] epoch 14/120  nt-xent=5.8211  sigreg=0.1981
  [simclr+sigreg] epoch 15/120  nt-xent=5.7925  sigreg=0.1508
  [simclr+sigreg] epoch 16/120  nt-xent=5.7969  sigreg=0.1592
  [simclr+sigreg] epoch 17/120  nt-xent=5.7668  sigreg=0.1568
  [simclr+sigreg] epoch 18/120  nt-xent=5.7595  sigreg=0.1797
  [simclr+sigreg] epoch 19/120  nt-xent=5.7538  sigreg=0.1517
  [simclr+sigreg] epoch 20/120  nt-xent=5.7585  sigreg=0.1541
  [simclr+sigreg] epoch 21/120  nt-xent=5.7227  sigreg=0.1576
  [simclr+sigreg] epoch 22/120  nt-xent=5.7200  sigreg=0.1376
  [simclr+sigreg] epoch 23/120  nt-xent=5.6948  sigreg=0.1385
  [simclr+sigreg] epoch 24/120  nt-xent=5.6945  sigreg=0.1344
  [simclr+sigreg] epoch 25/120  nt-xent=5.6958  sigreg=0.1389
  [simclr+sigreg] epoch 26/120  nt-xent=5.6854  sigreg=0.1413
  [simclr+sigreg] epoch 27/120  nt-xent=5.6892  sigreg=0.1375
  [simclr+sigreg] epoch 28/120  nt-xent=5.6837  sigreg=0.1329
  [simclr+sigreg] epoch 29/120  nt-xent=5.6714  sigreg=0.1230
  [simclr+sigreg] epoch 30/120  nt-xent=5.6578  sigreg=0.1286
  [simclr+sigreg] epoch 31/120  nt-xent=5.6545  sigreg=0.1205
  [simclr+sigreg] epoch 32/120  nt-xent=5.6410  sigreg=0.1242
  [simclr+sigreg] epoch 33/120  nt-xent=5.6392  sigreg=0.1192
  [simclr+sigreg] epoch 34/120  nt-xent=5.6307  sigreg=0.1240
  [simclr+sigreg] epoch 35/120  nt-xent=5.6384  sigreg=0.1088
  [simclr+sigreg] epoch 36/120  nt-xent=5.6249  sigreg=0.1297
  [simclr+sigreg] epoch 37/120  nt-xent=5.6241  sigreg=0.1115
  [simclr+sigreg] epoch 38/120  nt-xent=5.6247  sigreg=0.1232
  [simclr+sigreg] epoch 39/120  nt-xent=5.6149  sigreg=0.1221
  [simclr+sigreg] epoch 40/120  nt-xent=5.6042  sigreg=0.1174
  [simclr+sigreg] epoch 41/120  nt-xent=5.6056  sigreg=0.0943
  [simclr+sigreg] epoch 42/120  nt-xent=5.5992  sigreg=0.1201
  [simclr+sigreg] epoch 43/120  nt-xent=5.6084  sigreg=0.0961
  [simclr+sigreg] epoch 44/120  nt-xent=5.6003  sigreg=0.1236
  [simclr+sigreg] epoch 45/120  nt-xent=5.5840  sigreg=0.1290
  [simclr+sigreg] epoch 46/120  nt-xent=5.5911  sigreg=0.0990
  [simclr+sigreg] epoch 47/120  nt-xent=5.5856  sigreg=0.1129
  [simclr+sigreg] epoch 48/120  nt-xent=5.5940  sigreg=0.1022
  [simclr+sigreg] epoch 49/120  nt-xent=5.5858  sigreg=0.0974
  [simclr+sigreg] epoch 50/120  nt-xent=5.5776  sigreg=0.1074
  [simclr+sigreg] epoch 51/120  nt-xent=5.5834  sigreg=0.1159
  [simclr+sigreg] epoch 52/120  nt-xent=5.5829  sigreg=0.1059
  [simclr+sigreg] epoch 53/120  nt-xent=5.5763  sigreg=0.0938
  [simclr+sigreg] epoch 54/120  nt-xent=5.5748  sigreg=0.1047
  [simclr+sigreg] epoch 55/120  nt-xent=5.5678  sigreg=0.0936
  [simclr+sigreg] epoch 56/120  nt-xent=5.5805  sigreg=0.0989
  [simclr+sigreg] epoch 57/120  nt-xent=5.5662  sigreg=0.0911
  [simclr+sigreg] epoch 58/120  nt-xent=5.5819  sigreg=0.0991
  [simclr+sigreg] epoch 59/120  nt-xent=5.5667  sigreg=0.0862
  [simclr+sigreg] epoch 60/120  nt-xent=5.5688  sigreg=0.0957
  [simclr+sigreg] epoch 61/120  nt-xent=5.5688  sigreg=0.1045
  [simclr+sigreg] epoch 62/120  nt-xent=5.5730  sigreg=0.0972
  [simclr+sigreg] epoch 63/120  nt-xent=5.5624  sigreg=0.0993
  [simclr+sigreg] epoch 64/120  nt-xent=5.5582  sigreg=0.0973
  [simclr+sigreg] epoch 65/120  nt-xent=5.5560  sigreg=0.0971
  [simclr+sigreg] epoch 66/120  nt-xent=5.5658  sigreg=0.1001
  [simclr+sigreg] epoch 67/120  nt-xent=5.5608  sigreg=0.0912
  [simclr+sigreg] epoch 68/120  nt-xent=5.5589  sigreg=0.0871
  [simclr+sigreg] epoch 69/120  nt-xent=5.5590  sigreg=0.0923
  [simclr+sigreg] epoch 70/120  nt-xent=5.5686  sigreg=0.0962
  [simclr+sigreg] epoch 71/120  nt-xent=5.5546  sigreg=0.0833
  [simclr+sigreg] epoch 72/120  nt-xent=5.5508  sigreg=0.0896
  [simclr+sigreg] epoch 73/120  nt-xent=5.5451  sigreg=0.1028
  [simclr+sigreg] epoch 74/120  nt-xent=5.5444  sigreg=0.0885
  [simclr+sigreg] epoch 75/120  nt-xent=5.5484  sigreg=0.0993
  [simclr+sigreg] epoch 76/120  nt-xent=5.5452  sigreg=0.0994
  [simclr+sigreg] epoch 77/120  nt-xent=5.5450  sigreg=0.0889
  [simclr+sigreg] epoch 78/120  nt-xent=5.5355  sigreg=0.0898
  [simclr+sigreg] epoch 79/120  nt-xent=5.5356  sigreg=0.0900
  [simclr+sigreg] epoch 80/120  nt-xent=5.5374  sigreg=0.0893
  [simclr+sigreg] epoch 81/120  nt-xent=5.5297  sigreg=0.0860
  [simclr+sigreg] epoch 82/120  nt-xent=5.5288  sigreg=0.0788
  [simclr+sigreg] epoch 83/120  nt-xent=5.5334  sigreg=0.0901
  [simclr+sigreg] epoch 84/120  nt-xent=5.5244  sigreg=0.0903
  [simclr+sigreg] epoch 85/120  nt-xent=5.5277  sigreg=0.0873
  [simclr+sigreg] epoch 86/120  nt-xent=5.5249  sigreg=0.0809
  [simclr+sigreg] epoch 87/120  nt-xent=5.5183  sigreg=0.0814
  [simclr+sigreg] epoch 88/120  nt-xent=5.5163  sigreg=0.0811
  [simclr+sigreg] epoch 89/120  nt-xent=5.5165  sigreg=0.0955
  [simclr+sigreg] epoch 90/120  nt-xent=5.5178  sigreg=0.0864
  [simclr+sigreg] epoch 91/120  nt-xent=5.5277  sigreg=0.0801
  [simclr+sigreg] epoch 92/120  nt-xent=5.5283  sigreg=0.0980
  [simclr+sigreg] epoch 93/120  nt-xent=5.5286  sigreg=0.0939
  [simclr+sigreg] epoch 94/120  nt-xent=5.5171  sigreg=0.0917
  [simclr+sigreg] epoch 95/120  nt-xent=5.5319  sigreg=0.0901
  [simclr+sigreg] epoch 96/120  nt-xent=5.5269  sigreg=0.0913
  [simclr+sigreg] epoch 97/120  nt-xent=5.5169  sigreg=0.0808
  [simclr+sigreg] epoch 98/120  nt-xent=5.5174  sigreg=0.0979
  [simclr+sigreg] epoch 99/120  nt-xent=5.5203  sigreg=0.0851
  [simclr+sigreg] epoch 100/120  nt-xent=5.5154  sigreg=0.0868
  [simclr+sigreg] epoch 101/120  nt-xent=5.5116  sigreg=0.0876
  [simclr+sigreg] epoch 102/120  nt-xent=5.5044  sigreg=0.0803
  [simclr+sigreg] epoch 103/120  nt-xent=5.5014  sigreg=0.0881
  [simclr+sigreg] epoch 104/120  nt-xent=5.5034  sigreg=0.0823
  [simclr+sigreg] epoch 105/120  nt-xent=5.5069  sigreg=0.0825
  [simclr+sigreg] epoch 106/120  nt-xent=5.5031  sigreg=0.0800
  [simclr+sigreg] epoch 107/120  nt-xent=5.4883  sigreg=0.0654
  [simclr+sigreg] epoch 108/120  nt-xent=5.5045  sigreg=0.0819
  [simclr+sigreg] epoch 109/120  nt-xent=5.4862  sigreg=0.0913
  [simclr+sigreg] epoch 110/120  nt-xent=5.4948  sigreg=0.0843
  [simclr+sigreg] epoch 111/120  nt-xent=5.5026  sigreg=0.0864
  [simclr+sigreg] epoch 112/120  nt-xent=5.4912  sigreg=0.0771
  [simclr+sigreg] epoch 113/120  nt-xent=5.4986  sigreg=0.0683
  [simclr+sigreg] epoch 114/120  nt-xent=5.5013  sigreg=0.0947
  [simclr+sigreg] epoch 115/120  nt-xent=5.4859  sigreg=0.0795
  [simclr+sigreg] epoch 116/120  nt-xent=5.4818  sigreg=0.0678
  [simclr+sigreg] epoch 117/120  nt-xent=5.4882  sigreg=0.0891
  [simclr+sigreg] epoch 118/120  nt-xent=5.4867  sigreg=0.0821
  [simclr+sigreg] epoch 119/120  nt-xent=5.4824  sigreg=0.0820
  [simclr+sigreg] epoch 120/120  nt-xent=5.4948  sigreg=0.0811
--- [galaxy10/lejepa] sup-SIGReg (proto) ---
  seed anchors (orthogonal): min pairwise distance=5.00 sigma
  balanced loader: 1772 samples, 7 batches of 10x24
  [sigreg+proto] epoch 1/120  sigreg=0.9929  proto=2.0635  min_dist=5.02  mean_dist=5.02
  [sigreg+proto] epoch 2/120  sigreg=0.8864  proto=1.5677  min_dist=5.04  mean_dist=5.04
  [sigreg+proto] epoch 3/120  sigreg=0.7806  proto=1.3390  min_dist=5.06  mean_dist=5.06
  [sigreg+proto] epoch 4/120  sigreg=0.7024  proto=1.2264  min_dist=5.08  mean_dist=5.09
  [sigreg+proto] epoch 5/120  sigreg=0.6629  proto=1.1721  min_dist=5.11  mean_dist=5.12
  [sigreg+proto] epoch 6/120  sigreg=0.6293  proto=1.1242  min_dist=5.13  mean_dist=5.15
  [sigreg+proto] epoch 7/120  sigreg=0.5692  proto=1.0295  min_dist=5.16  mean_dist=5.18
  [sigreg+proto] epoch 8/120  sigreg=0.5400  proto=0.9870  min_dist=5.19  mean_dist=5.22
  [sigreg+proto] epoch 9/120  sigreg=0.4937  proto=0.9476  min_dist=5.22  mean_dist=5.26
  [sigreg+proto] epoch 10/120  sigreg=0.4723  proto=0.9062  min_dist=5.25  mean_dist=5.31
  [sigreg+proto] epoch 11/120  sigreg=0.4473  proto=0.8943  min_dist=5.29  mean_dist=5.35
  [sigreg+proto] epoch 12/120  sigreg=0.4361  proto=0.8559  min_dist=5.32  mean_dist=5.41
  [sigreg+proto] epoch 13/120  sigreg=0.4435  proto=0.8761  min_dist=5.36  mean_dist=5.46
  [sigreg+proto] epoch 14/120  sigreg=0.4281  proto=0.8305  min_dist=5.40  mean_dist=5.52
  [sigreg+proto] epoch 15/120  sigreg=0.4158  proto=0.7657  min_dist=5.44  mean_dist=5.58
  [sigreg+proto] epoch 16/120  sigreg=0.4306  proto=0.7769  min_dist=5.48  mean_dist=5.64
  [sigreg+proto] epoch 17/120  sigreg=0.4068  proto=0.7375  min_dist=5.52  mean_dist=5.70
  [sigreg+proto] epoch 18/120  sigreg=0.4173  proto=0.7206  min_dist=5.57  mean_dist=5.77
  [sigreg+proto] epoch 19/120  sigreg=0.4040  proto=0.6822  min_dist=5.61  mean_dist=5.84
  [sigreg+proto] epoch 20/120  sigreg=0.4181  proto=0.6474  min_dist=5.66  mean_dist=5.91
  [sigreg+proto] epoch 21/120  sigreg=0.4058  proto=0.6295  min_dist=5.70  mean_dist=5.98
  [sigreg+proto] epoch 22/120  sigreg=0.4102  proto=0.6119  min_dist=5.75  mean_dist=6.05
  [sigreg+proto] epoch 23/120  sigreg=0.4126  proto=0.6200  min_dist=5.79  mean_dist=6.12
  [sigreg+proto] epoch 24/120  sigreg=0.4064  proto=0.5943  min_dist=5.84  mean_dist=6.19
  [sigreg+proto] epoch 25/120  sigreg=0.4043  proto=0.5608  min_dist=5.89  mean_dist=6.26
  [sigreg+proto] epoch 26/120  sigreg=0.4077  proto=0.5818  min_dist=5.93  mean_dist=6.34
  [sigreg+proto] epoch 27/120  sigreg=0.4061  proto=0.5798  min_dist=5.98  mean_dist=6.41
  [sigreg+proto] epoch 28/120  sigreg=0.4098  proto=0.5457  min_dist=6.03  mean_dist=6.48
  [sigreg+proto] epoch 29/120  sigreg=0.4028  proto=0.4714  min_dist=6.08  mean_dist=6.55
  [sigreg+proto] epoch 30/120  sigreg=0.4155  proto=0.4976  min_dist=6.12  mean_dist=6.63
  [sigreg+proto] epoch 31/120  sigreg=0.3965  proto=0.4951  min_dist=6.17  mean_dist=6.70
  [sigreg+proto] epoch 32/120  sigreg=0.4032  proto=0.4835  min_dist=6.22  mean_dist=6.77
  [sigreg+proto] epoch 33/120  sigreg=0.3977  proto=0.4794  min_dist=6.26  mean_dist=6.84
  [sigreg+proto] epoch 34/120  sigreg=0.4028  proto=0.4490  min_dist=6.31  mean_dist=6.91
  [sigreg+proto] epoch 35/120  sigreg=0.4028  proto=0.4685  min_dist=6.35  mean_dist=6.98
  [sigreg+proto] epoch 36/120  sigreg=0.3990  proto=0.4652  min_dist=6.40  mean_dist=7.05
  [sigreg+proto] epoch 37/120  sigreg=0.4052  proto=0.4019  min_dist=6.45  mean_dist=7.12
  [sigreg+proto] epoch 38/120  sigreg=0.4104  proto=0.3887  min_dist=6.49  mean_dist=7.19
  [sigreg+proto] epoch 39/120  sigreg=0.3986  proto=0.3768  min_dist=6.54  mean_dist=7.25
  [sigreg+proto] epoch 40/120  sigreg=0.3954  proto=0.3545  min_dist=6.58  mean_dist=7.32
  [sigreg+proto] epoch 41/120  sigreg=0.4103  proto=0.3462  min_dist=6.63  mean_dist=7.39
  [sigreg+proto] epoch 42/120  sigreg=0.3945  proto=0.3587  min_dist=6.67  mean_dist=7.45
  [sigreg+proto] epoch 43/120  sigreg=0.4122  proto=0.3630  min_dist=6.72  mean_dist=7.52
  [sigreg+proto] epoch 44/120  sigreg=0.4048  proto=0.3010  min_dist=6.76  mean_dist=7.59
  [sigreg+proto] epoch 45/120  sigreg=0.3988  proto=0.2862  min_dist=6.81  mean_dist=7.65
  [sigreg+proto] epoch 46/120  sigreg=0.4044  proto=0.2591  min_dist=6.85  mean_dist=7.71
  [sigreg+proto] epoch 47/120  sigreg=0.4021  proto=0.2613  min_dist=6.89  mean_dist=7.78
  [sigreg+proto] epoch 48/120  sigreg=0.3989  proto=0.2813  min_dist=6.94  mean_dist=7.84
  [sigreg+proto] epoch 49/120  sigreg=0.3953  proto=0.2518  min_dist=6.98  mean_dist=7.90
  [sigreg+proto] epoch 50/120  sigreg=0.4111  proto=0.2946  min_dist=7.02  mean_dist=7.96
  [sigreg+proto] epoch 51/120  sigreg=0.4074  proto=0.2607  min_dist=7.06  mean_dist=8.03
  [sigreg+proto] epoch 52/120  sigreg=0.3956  proto=0.2518  min_dist=7.10  mean_dist=8.09
  [sigreg+proto] epoch 53/120  sigreg=0.4067  proto=0.2422  min_dist=7.15  mean_dist=8.15
  [sigreg+proto] epoch 54/120  sigreg=0.4039  proto=0.2382  min_dist=7.19  mean_dist=8.20
  [sigreg+proto] epoch 55/120  sigreg=0.4111  proto=0.2395  min_dist=7.23  mean_dist=8.26
  [sigreg+proto] epoch 56/120  sigreg=0.4148  proto=0.2496  min_dist=7.27  mean_dist=8.32
  [sigreg+proto] epoch 57/120  sigreg=0.4030  proto=0.2589  min_dist=7.31  mean_dist=8.38
  [sigreg+proto] epoch 58/120  sigreg=0.4169  proto=0.2425  min_dist=7.35  mean_dist=8.44
  [sigreg+proto] epoch 59/120  sigreg=0.3925  proto=0.2044  min_dist=7.39  mean_dist=8.49
  [sigreg+proto] epoch 60/120  sigreg=0.4034  proto=0.1693  min_dist=7.43  mean_dist=8.55
  [sigreg+proto] epoch 61/120  sigreg=0.3966  proto=0.1636  min_dist=7.47  mean_dist=8.61
  [sigreg+proto] epoch 62/120  sigreg=0.4041  proto=0.1593  min_dist=7.51  mean_dist=8.66
  [sigreg+proto] epoch 63/120  sigreg=0.3971  proto=0.1458  min_dist=7.54  mean_dist=8.72
  [sigreg+proto] epoch 64/120  sigreg=0.4123  proto=0.1300  min_dist=7.58  mean_dist=8.77
  [sigreg+proto] epoch 65/120  sigreg=0.4012  proto=0.1551  min_dist=7.62  mean_dist=8.82
  [sigreg+proto] epoch 66/120  sigreg=0.4156  proto=0.1432  min_dist=7.66  mean_dist=8.88
  [sigreg+proto] epoch 67/120  sigreg=0.3875  proto=0.1240  min_dist=7.70  mean_dist=8.93
  [sigreg+proto] epoch 68/120  sigreg=0.3950  proto=0.1131  min_dist=7.74  mean_dist=8.98
  [sigreg+proto] epoch 69/120  sigreg=0.3986  proto=0.0894  min_dist=7.77  mean_dist=9.04
  [sigreg+proto] epoch 70/120  sigreg=0.4085  proto=0.0934  min_dist=7.81  mean_dist=9.09
  [sigreg+proto] epoch 71/120  sigreg=0.3905  proto=0.1084  min_dist=7.85  mean_dist=9.14
  [sigreg+proto] epoch 72/120  sigreg=0.3830  proto=0.0845  min_dist=7.88  mean_dist=9.19
  [sigreg+proto] epoch 73/120  sigreg=0.3956  proto=0.0919  min_dist=7.92  mean_dist=9.24
  [sigreg+proto] epoch 74/120  sigreg=0.3957  proto=0.0734  min_dist=7.96  mean_dist=9.29
  [sigreg+proto] epoch 75/120  sigreg=0.3960  proto=0.0851  min_dist=7.99  mean_dist=9.34
  [sigreg+proto] epoch 76/120  sigreg=0.4005  proto=0.1252  min_dist=8.03  mean_dist=9.39
  [sigreg+proto] epoch 77/120  sigreg=0.3850  proto=0.1185  min_dist=8.06  mean_dist=9.44
  [sigreg+proto] epoch 78/120  sigreg=0.3998  proto=0.1218  min_dist=8.10  mean_dist=9.49
  [sigreg+proto] epoch 79/120  sigreg=0.3959  proto=0.1332  min_dist=8.13  mean_dist=9.54
  [sigreg+proto] epoch 80/120  sigreg=0.3977  proto=0.1182  min_dist=8.17  mean_dist=9.58
  [sigreg+proto] epoch 81/120  sigreg=0.3894  proto=0.0934  min_dist=8.20  mean_dist=9.63
  [sigreg+proto] epoch 82/120  sigreg=0.3976  proto=0.0753  min_dist=8.24  mean_dist=9.68
  [sigreg+proto] epoch 83/120  sigreg=0.4020  proto=0.0562  min_dist=8.27  mean_dist=9.72
  [sigreg+proto] epoch 84/120  sigreg=0.3742  proto=0.0592  min_dist=8.31  mean_dist=9.77
  [sigreg+proto] epoch 85/120  sigreg=0.3901  proto=0.0634  min_dist=8.34  mean_dist=9.82
  [sigreg+proto] epoch 86/120  sigreg=0.3859  proto=0.0627  min_dist=8.37  mean_dist=9.86
  [sigreg+proto] epoch 87/120  sigreg=0.4059  proto=0.0676  min_dist=8.41  mean_dist=9.91
  [sigreg+proto] epoch 88/120  sigreg=0.3968  proto=0.0711  min_dist=8.44  mean_dist=9.95
  [sigreg+proto] epoch 89/120  sigreg=0.3901  proto=0.0940  min_dist=8.47  mean_dist=10.00
  [sigreg+proto] epoch 90/120  sigreg=0.3891  proto=0.1108  min_dist=8.50  mean_dist=10.04
  [sigreg+proto] epoch 91/120  sigreg=0.3995  proto=0.0945  min_dist=8.54  mean_dist=10.09
  [sigreg+proto] epoch 92/120  sigreg=0.4038  proto=0.0865  min_dist=8.57  mean_dist=10.13
  [sigreg+proto] epoch 93/120  sigreg=0.3874  proto=0.0678  min_dist=8.60  mean_dist=10.17
  [sigreg+proto] epoch 94/120  sigreg=0.3895  proto=0.0811  min_dist=8.63  mean_dist=10.22
  [sigreg+proto] epoch 95/120  sigreg=0.3806  proto=0.0441  min_dist=8.67  mean_dist=10.26
  [sigreg+proto] epoch 96/120  sigreg=0.3805  proto=0.0366  min_dist=8.70  mean_dist=10.30
  [sigreg+proto] epoch 97/120  sigreg=0.3926  proto=0.0431  min_dist=8.73  mean_dist=10.34
  [sigreg+proto] epoch 98/120  sigreg=0.3903  proto=0.0340  min_dist=8.76  mean_dist=10.39
  [sigreg+proto] epoch 99/120  sigreg=0.3835  proto=0.0298  min_dist=8.79  mean_dist=10.43
  [sigreg+proto] epoch 100/120  sigreg=0.3909  proto=0.0283  min_dist=8.82  mean_dist=10.47
  [sigreg+proto] epoch 101/120  sigreg=0.3909  proto=0.0321  min_dist=8.85  mean_dist=10.51
  [sigreg+proto] epoch 102/120  sigreg=0.3868  proto=0.0265  min_dist=8.88  mean_dist=10.55
  [sigreg+proto] epoch 103/120  sigreg=0.3868  proto=0.0216  min_dist=8.91  mean_dist=10.59
  [sigreg+proto] epoch 104/120  sigreg=0.3840  proto=0.0167  min_dist=8.94  mean_dist=10.63
  [sigreg+proto] epoch 105/120  sigreg=0.3655  proto=0.0181  min_dist=8.97  mean_dist=10.67
  [sigreg+proto] epoch 106/120  sigreg=0.3729  proto=0.0286  min_dist=9.00  mean_dist=10.71
  [sigreg+proto] epoch 107/120  sigreg=0.3768  proto=0.0512  min_dist=9.03  mean_dist=10.75
  [sigreg+proto] epoch 108/120  sigreg=0.3769  proto=0.0540  min_dist=9.06  mean_dist=10.79
  [sigreg+proto] epoch 109/120  sigreg=0.3806  proto=0.0343  min_dist=9.09  mean_dist=10.83
  [sigreg+proto] epoch 110/120  sigreg=0.3776  proto=0.0339  min_dist=9.12  mean_dist=10.87
  [sigreg+proto] epoch 111/120  sigreg=0.3822  proto=0.0262  min_dist=9.15  mean_dist=10.91
  [sigreg+proto] epoch 112/120  sigreg=0.3795  proto=0.0228  min_dist=9.18  mean_dist=10.95
  [sigreg+proto] epoch 113/120  sigreg=0.3754  proto=0.0248  min_dist=9.21  mean_dist=10.99
  [sigreg+proto] epoch 114/120  sigreg=0.3707  proto=0.0139  min_dist=9.24  mean_dist=11.02
  [sigreg+proto] epoch 115/120  sigreg=0.3741  proto=0.0198  min_dist=9.27  mean_dist=11.06
  [sigreg+proto] epoch 116/120  sigreg=0.3672  proto=0.0166  min_dist=9.29  mean_dist=11.10
  [sigreg+proto] epoch 117/120  sigreg=0.3616  proto=0.0194  min_dist=9.32  mean_dist=11.14
  [sigreg+proto] epoch 118/120  sigreg=0.3564  proto=0.0150  min_dist=9.35  mean_dist=11.17
  [sigreg+proto] epoch 119/120  sigreg=0.3721  proto=0.0217  min_dist=9.38  mean_dist=11.21
  [sigreg+proto] epoch 120/120  sigreg=0.3674  proto=0.0228  min_dist=9.41  mean_dist=11.25
--- [galaxy10/lejepa] sup-SIGReg (ce) ---
  seed anchors (orthogonal): min pairwise distance=5.00 sigma
  balanced loader: 1772 samples, 7 batches of 10x24
  [sigreg+ce] epoch 1/120  sigreg=0.9554  ce=2.2071  min_dist=5.02  mean_dist=5.02
  [sigreg+ce] epoch 2/120  sigreg=0.7673  ce=1.9148  min_dist=5.04  mean_dist=5.04
  [sigreg+ce] epoch 3/120  sigreg=0.6603  ce=1.6900  min_dist=5.06  mean_dist=5.07
  [sigreg+ce] epoch 4/120  sigreg=0.6254  ce=1.5630  min_dist=5.09  mean_dist=5.09
  [sigreg+ce] epoch 5/120  sigreg=0.6232  ce=1.4610  min_dist=5.12  mean_dist=5.12
  [sigreg+ce] epoch 6/120  sigreg=0.5807  ce=1.4356  min_dist=5.15  mean_dist=5.16
  [sigreg+ce] epoch 7/120  sigreg=0.5537  ce=1.3379  min_dist=5.18  mean_dist=5.20
  [sigreg+ce] epoch 8/120  sigreg=0.5398  ce=1.2955  min_dist=5.22  mean_dist=5.24
  [sigreg+ce] epoch 9/120  sigreg=0.5133  ce=1.2546  min_dist=5.25  mean_dist=5.28
  [sigreg+ce] epoch 10/120  sigreg=0.4909  ce=1.2270  min_dist=5.29  mean_dist=5.33
  [sigreg+ce] epoch 11/120  sigreg=0.4890  ce=1.1594  min_dist=5.34  mean_dist=5.38
  [sigreg+ce] epoch 12/120  sigreg=0.4867  ce=1.1059  min_dist=5.38  mean_dist=5.44
  [sigreg+ce] epoch 13/120  sigreg=0.4680  ce=1.1286  min_dist=5.43  mean_dist=5.50
  [sigreg+ce] epoch 14/120  sigreg=0.4668  ce=1.0550  min_dist=5.48  mean_dist=5.56
  [sigreg+ce] epoch 15/120  sigreg=0.4564  ce=1.0556  min_dist=5.53  mean_dist=5.62
  [sigreg+ce] epoch 16/120  sigreg=0.4537  ce=1.0409  min_dist=5.58  mean_dist=5.69
  [sigreg+ce] epoch 17/120  sigreg=0.4470  ce=0.9978  min_dist=5.64  mean_dist=5.75
  [sigreg+ce] epoch 18/120  sigreg=0.4339  ce=0.9945  min_dist=5.69  mean_dist=5.82
  [sigreg+ce] epoch 19/120  sigreg=0.4378  ce=0.9441  min_dist=5.75  mean_dist=5.89
  [sigreg+ce] epoch 20/120  sigreg=0.4289  ce=0.9327  min_dist=5.81  mean_dist=5.96
  [sigreg+ce] epoch 21/120  sigreg=0.4237  ce=0.9140  min_dist=5.87  mean_dist=6.03
  [sigreg+ce] epoch 22/120  sigreg=0.4334  ce=0.9232  min_dist=5.92  mean_dist=6.10
  [sigreg+ce] epoch 23/120  sigreg=0.4368  ce=0.9349  min_dist=5.98  mean_dist=6.18
  [sigreg+ce] epoch 24/120  sigreg=0.4180  ce=0.8922  min_dist=6.04  mean_dist=6.25
  [sigreg+ce] epoch 25/120  sigreg=0.4060  ce=0.8172  min_dist=6.10  mean_dist=6.32
  [sigreg+ce] epoch 26/120  sigreg=0.4047  ce=0.8289  min_dist=6.16  mean_dist=6.39
  [sigreg+ce] epoch 27/120  sigreg=0.4173  ce=0.8080  min_dist=6.22  mean_dist=6.47
  [sigreg+ce] epoch 28/120  sigreg=0.4104  ce=0.7994  min_dist=6.28  mean_dist=6.54
  [sigreg+ce] epoch 29/120  sigreg=0.4142  ce=0.7751  min_dist=6.34  mean_dist=6.61
  [sigreg+ce] epoch 30/120  sigreg=0.4184  ce=0.7278  min_dist=6.40  mean_dist=6.68
  [sigreg+ce] epoch 31/120  sigreg=0.3987  ce=0.7129  min_dist=6.45  mean_dist=6.76
  [sigreg+ce] epoch 32/120  sigreg=0.4044  ce=0.7437  min_dist=6.51  mean_dist=6.83
  [sigreg+ce] epoch 33/120  sigreg=0.3854  ce=0.7018  min_dist=6.57  mean_dist=6.90
  [sigreg+ce] epoch 34/120  sigreg=0.4084  ce=0.7117  min_dist=6.63  mean_dist=6.97
  [sigreg+ce] epoch 35/120  sigreg=0.3851  ce=0.6800  min_dist=6.69  mean_dist=7.04
  [sigreg+ce] epoch 36/120  sigreg=0.3848  ce=0.6604  min_dist=6.74  mean_dist=7.11
  [sigreg+ce] epoch 37/120  sigreg=0.3925  ce=0.6610  min_dist=6.80  mean_dist=7.18
  [sigreg+ce] epoch 38/120  sigreg=0.3919  ce=0.6470  min_dist=6.86  mean_dist=7.24
  [sigreg+ce] epoch 39/120  sigreg=0.3927  ce=0.6284  min_dist=6.91  mean_dist=7.31
  [sigreg+ce] epoch 40/120  sigreg=0.3828  ce=0.6142  min_dist=6.97  mean_dist=7.38
  [sigreg+ce] epoch 41/120  sigreg=0.3827  ce=0.5889  min_dist=7.02  mean_dist=7.45
  [sigreg+ce] epoch 42/120  sigreg=0.3754  ce=0.5744  min_dist=7.08  mean_dist=7.51
  [sigreg+ce] epoch 43/120  sigreg=0.3755  ce=0.5917  min_dist=7.13  mean_dist=7.58
  [sigreg+ce] epoch 44/120  sigreg=0.3860  ce=0.5829  min_dist=7.19  mean_dist=7.64
  [sigreg+ce] epoch 45/120  sigreg=0.3946  ce=0.5456  min_dist=7.24  mean_dist=7.71
  [sigreg+ce] epoch 46/120  sigreg=0.3850  ce=0.5424  min_dist=7.29  mean_dist=7.77
  [sigreg+ce] epoch 47/120  sigreg=0.3819  ce=0.5299  min_dist=7.35  mean_dist=7.83
  [sigreg+ce] epoch 48/120  sigreg=0.3831  ce=0.5060  min_dist=7.40  mean_dist=7.90
  [sigreg+ce] epoch 49/120  sigreg=0.3961  ce=0.5133  min_dist=7.45  mean_dist=7.96
  [sigreg+ce] epoch 50/120  sigreg=0.3790  ce=0.5256  min_dist=7.50  mean_dist=8.02
  [sigreg+ce] epoch 51/120  sigreg=0.3762  ce=0.4973  min_dist=7.55  mean_dist=8.08
  [sigreg+ce] epoch 52/120  sigreg=0.3720  ce=0.5008  min_dist=7.60  mean_dist=8.14
  [sigreg+ce] epoch 53/120  sigreg=0.3733  ce=0.4463  min_dist=7.65  mean_dist=8.20
  [sigreg+ce] epoch 54/120  sigreg=0.3758  ce=0.4225  min_dist=7.70  mean_dist=8.26
  [sigreg+ce] epoch 55/120  sigreg=0.3811  ce=0.4528  min_dist=7.75  mean_dist=8.32
  [sigreg+ce] epoch 56/120  sigreg=0.3760  ce=0.4425  min_dist=7.80  mean_dist=8.37
  [sigreg+ce] epoch 57/120  sigreg=0.3735  ce=0.4194  min_dist=7.85  mean_dist=8.43
  [sigreg+ce] epoch 58/120  sigreg=0.3758  ce=0.3855  min_dist=7.90  mean_dist=8.49
  [sigreg+ce] epoch 59/120  sigreg=0.3572  ce=0.4027  min_dist=7.95  mean_dist=8.55
  [sigreg+ce] epoch 60/120  sigreg=0.3750  ce=0.4177  min_dist=7.99  mean_dist=8.60
  [sigreg+ce] epoch 61/120  sigreg=0.3814  ce=0.4113  min_dist=8.04  mean_dist=8.66
  [sigreg+ce] epoch 62/120  sigreg=0.3762  ce=0.3761  min_dist=8.09  mean_dist=8.71
  [sigreg+ce] epoch 63/120  sigreg=0.3699  ce=0.3560  min_dist=8.13  mean_dist=8.77
  [sigreg+ce] epoch 64/120  sigreg=0.3666  ce=0.3613  min_dist=8.18  mean_dist=8.82
  [sigreg+ce] epoch 65/120  sigreg=0.3686  ce=0.3584  min_dist=8.23  mean_dist=8.88
  [sigreg+ce] epoch 66/120  sigreg=0.3596  ce=0.3583  min_dist=8.27  mean_dist=8.93
  [sigreg+ce] epoch 67/120  sigreg=0.3756  ce=0.3420  min_dist=8.32  mean_dist=8.98
  [sigreg+ce] epoch 68/120  sigreg=0.3524  ce=0.3247  min_dist=8.36  mean_dist=9.03
  [sigreg+ce] epoch 69/120  sigreg=0.3579  ce=0.3210  min_dist=8.41  mean_dist=9.09
  [sigreg+ce] epoch 70/120  sigreg=0.3728  ce=0.2980  min_dist=8.45  mean_dist=9.14
  [sigreg+ce] epoch 71/120  sigreg=0.3525  ce=0.2936  min_dist=8.49  mean_dist=9.19
  [sigreg+ce] epoch 72/120  sigreg=0.3529  ce=0.2750  min_dist=8.54  mean_dist=9.24
  [sigreg+ce] epoch 73/120  sigreg=0.3609  ce=0.2714  min_dist=8.58  mean_dist=9.29
  [sigreg+ce] epoch 74/120  sigreg=0.3441  ce=0.2517  min_dist=8.62  mean_dist=9.34
  [sigreg+ce] epoch 75/120  sigreg=0.3525  ce=0.2545  min_dist=8.67  mean_dist=9.39
  [sigreg+ce] epoch 76/120  sigreg=0.3486  ce=0.2599  min_dist=8.71  mean_dist=9.44
  [sigreg+ce] epoch 77/120  sigreg=0.3437  ce=0.2478  min_dist=8.75  mean_dist=9.49
  [sigreg+ce] epoch 78/120  sigreg=0.3502  ce=0.2333  min_dist=8.79  mean_dist=9.54
  [sigreg+ce] epoch 79/120  sigreg=0.3567  ce=0.2386  min_dist=8.83  mean_dist=9.58
  [sigreg+ce] epoch 80/120  sigreg=0.3455  ce=0.2370  min_dist=8.88  mean_dist=9.63
  [sigreg+ce] epoch 81/120  sigreg=0.3427  ce=0.2042  min_dist=8.92  mean_dist=9.68
  [sigreg+ce] epoch 82/120  sigreg=0.3435  ce=0.2149  min_dist=8.96  mean_dist=9.73
  [sigreg+ce] epoch 83/120  sigreg=0.3393  ce=0.2024  min_dist=9.00  mean_dist=9.77
  [sigreg+ce] epoch 84/120  sigreg=0.3401  ce=0.2164  min_dist=9.04  mean_dist=9.82
  [sigreg+ce] epoch 85/120  sigreg=0.3513  ce=0.2259  min_dist=9.08  mean_dist=9.87
  [sigreg+ce] epoch 86/120  sigreg=0.3412  ce=0.2174  min_dist=9.12  mean_dist=9.91
  [sigreg+ce] epoch 87/120  sigreg=0.3387  ce=0.2109  min_dist=9.16  mean_dist=9.96
  [sigreg+ce] epoch 88/120  sigreg=0.3483  ce=0.2082  min_dist=9.20  mean_dist=10.00
  [sigreg+ce] epoch 89/120  sigreg=0.3396  ce=0.1900  min_dist=9.23  mean_dist=10.05
  [sigreg+ce] epoch 90/120  sigreg=0.3419  ce=0.1873  min_dist=9.27  mean_dist=10.09
  [sigreg+ce] epoch 91/120  sigreg=0.3379  ce=0.1673  min_dist=9.31  mean_dist=10.14
  [sigreg+ce] epoch 92/120  sigreg=0.3262  ce=0.1661  min_dist=9.35  mean_dist=10.18
  [sigreg+ce] epoch 93/120  sigreg=0.3296  ce=0.1583  min_dist=9.39  mean_dist=10.22
  [sigreg+ce] epoch 94/120  sigreg=0.3220  ce=0.1586  min_dist=9.42  mean_dist=10.27
  [sigreg+ce] epoch 95/120  sigreg=0.3310  ce=0.1582  min_dist=9.46  mean_dist=10.31
  [sigreg+ce] epoch 96/120  sigreg=0.3228  ce=0.1426  min_dist=9.50  mean_dist=10.35
  [sigreg+ce] epoch 97/120  sigreg=0.3143  ce=0.1433  min_dist=9.54  mean_dist=10.39
  [sigreg+ce] epoch 98/120  sigreg=0.3097  ce=0.1410  min_dist=9.57  mean_dist=10.44
  [sigreg+ce] epoch 99/120  sigreg=0.3204  ce=0.1581  min_dist=9.61  mean_dist=10.48
  [sigreg+ce] epoch 100/120  sigreg=0.3180  ce=0.1465  min_dist=9.65  mean_dist=10.52
  [sigreg+ce] epoch 101/120  sigreg=0.3076  ce=0.1287  min_dist=9.68  mean_dist=10.56
  [sigreg+ce] epoch 102/120  sigreg=0.3083  ce=0.1159  min_dist=9.72  mean_dist=10.60
  [sigreg+ce] epoch 103/120  sigreg=0.3190  ce=0.1238  min_dist=9.75  mean_dist=10.64
  [sigreg+ce] epoch 104/120  sigreg=0.3166  ce=0.1316  min_dist=9.79  mean_dist=10.68
  [sigreg+ce] epoch 105/120  sigreg=0.3127  ce=0.1165  min_dist=9.83  mean_dist=10.72
  [sigreg+ce] epoch 106/120  sigreg=0.3062  ce=0.1057  min_dist=9.86  mean_dist=10.76
  [sigreg+ce] epoch 107/120  sigreg=0.3168  ce=0.1080  min_dist=9.90  mean_dist=10.80
  [sigreg+ce] epoch 108/120  sigreg=0.3052  ce=0.0967  min_dist=9.93  mean_dist=10.84
  [sigreg+ce] epoch 109/120  sigreg=0.3169  ce=0.0957  min_dist=9.96  mean_dist=10.88
  [sigreg+ce] epoch 110/120  sigreg=0.3074  ce=0.0941  min_dist=10.00  mean_dist=10.92
  [sigreg+ce] epoch 111/120  sigreg=0.2952  ce=0.0966  min_dist=10.03  mean_dist=10.96
  [sigreg+ce] epoch 112/120  sigreg=0.3014  ce=0.1021  min_dist=10.07  mean_dist=11.00
  [sigreg+ce] epoch 113/120  sigreg=0.3103  ce=0.0943  min_dist=10.10  mean_dist=11.04
  [sigreg+ce] epoch 114/120  sigreg=0.3014  ce=0.0968  min_dist=10.13  mean_dist=11.07
  [sigreg+ce] epoch 115/120  sigreg=0.3044  ce=0.0915  min_dist=10.17  mean_dist=11.11
  [sigreg+ce] epoch 116/120  sigreg=0.2870  ce=0.0850  min_dist=10.20  mean_dist=11.15
  [sigreg+ce] epoch 117/120  sigreg=0.2864  ce=0.0797  min_dist=10.23  mean_dist=11.19
  [sigreg+ce] epoch 118/120  sigreg=0.2994  ce=0.0809  min_dist=10.27  mean_dist=11.23
  [sigreg+ce] epoch 119/120  sigreg=0.2872  ce=0.0838  min_dist=10.30  mean_dist=11.26
  [sigreg+ce] epoch 120/120  sigreg=0.2893  ce=0.0738  min_dist=10.33  mean_dist=11.30
  [galaxy10/lejepa] raw probe (768d)             59.5
  [galaxy10/lejepa] sup-proto                    62.9
  [galaxy10/lejepa] sup-proto (posterior)        62.0
  [galaxy10/lejepa] sup-proto+hybrid (concat)    63.4
  [galaxy10/lejepa] sup-ce                       63.7
  [galaxy10/lejepa] sup-ce+hybrid (concat)       64.0

######## galaxy10 on VISReg ViT-B/16 (paper's weights) ########
  [simclr+sigreg] epoch 1/120  nt-xent=6.6964  sigreg=0.8396
  [simclr+sigreg] epoch 2/120  nt-xent=6.4545  sigreg=0.6485
  [simclr+sigreg] epoch 3/120  nt-xent=6.4087  sigreg=0.4817
  [simclr+sigreg] epoch 4/120  nt-xent=6.4297  sigreg=0.3622
  [simclr+sigreg] epoch 5/120  nt-xent=6.4297  sigreg=0.2989
  [simclr+sigreg] epoch 6/120  nt-xent=6.3955  sigreg=0.2632
  [simclr+sigreg] epoch 7/120  nt-xent=6.2998  sigreg=0.2659
  [simclr+sigreg] epoch 8/120  nt-xent=6.2739  sigreg=0.2521
  [simclr+sigreg] epoch 9/120  nt-xent=6.1965  sigreg=0.2188
  [simclr+sigreg] epoch 10/120  nt-xent=6.1171  sigreg=0.2073
  [simclr+sigreg] epoch 11/120  nt-xent=6.1170  sigreg=0.1958
  [simclr+sigreg] epoch 12/120  nt-xent=6.1019  sigreg=0.1968
  [simclr+sigreg] epoch 13/120  nt-xent=6.0891  sigreg=0.1609
  [simclr+sigreg] epoch 14/120  nt-xent=6.0938  sigreg=0.1795
  [simclr+sigreg] epoch 15/120  nt-xent=6.0406  sigreg=0.1629
  [simclr+sigreg] epoch 16/120  nt-xent=6.0437  sigreg=0.1634
  [simclr+sigreg] epoch 17/120  nt-xent=6.0032  sigreg=0.1645
  [simclr+sigreg] epoch 18/120  nt-xent=5.9620  sigreg=0.1574
  [simclr+sigreg] epoch 19/120  nt-xent=5.9681  sigreg=0.1552
  [simclr+sigreg] epoch 20/120  nt-xent=5.9541  sigreg=0.1629
  [simclr+sigreg] epoch 21/120  nt-xent=5.9316  sigreg=0.1629
  [simclr+sigreg] epoch 22/120  nt-xent=5.9369  sigreg=0.1390
  [simclr+sigreg] epoch 23/120  nt-xent=5.8983  sigreg=0.1445
  [simclr+sigreg] epoch 24/120  nt-xent=5.9075  sigreg=0.1484
  [simclr+sigreg] epoch 25/120  nt-xent=5.8994  sigreg=0.1483
  [simclr+sigreg] epoch 26/120  nt-xent=5.8992  sigreg=0.1335
  [simclr+sigreg] epoch 27/120  nt-xent=5.9128  sigreg=0.1341
  [simclr+sigreg] epoch 28/120  nt-xent=5.8999  sigreg=0.1290
  [simclr+sigreg] epoch 29/120  nt-xent=5.8823  sigreg=0.1419
  [simclr+sigreg] epoch 30/120  nt-xent=5.8630  sigreg=0.1407
  [simclr+sigreg] epoch 31/120  nt-xent=5.8653  sigreg=0.1384
  [simclr+sigreg] epoch 32/120  nt-xent=5.8644  sigreg=0.1368
  [simclr+sigreg] epoch 33/120  nt-xent=5.8413  sigreg=0.1316
  [simclr+sigreg] epoch 34/120  nt-xent=5.8432  sigreg=0.1274
  [simclr+sigreg] epoch 35/120  nt-xent=5.8239  sigreg=0.1419
  [simclr+sigreg] epoch 36/120  nt-xent=5.8300  sigreg=0.1371
  [simclr+sigreg] epoch 37/120  nt-xent=5.8198  sigreg=0.1205
  [simclr+sigreg] epoch 38/120  nt-xent=5.8226  sigreg=0.1296
  [simclr+sigreg] epoch 39/120  nt-xent=5.8075  sigreg=0.1159
  [simclr+sigreg] epoch 40/120  nt-xent=5.7914  sigreg=0.1453
  [simclr+sigreg] epoch 41/120  nt-xent=5.7836  sigreg=0.1287
  [simclr+sigreg] epoch 42/120  nt-xent=5.7824  sigreg=0.1435
  [simclr+sigreg] epoch 43/120  nt-xent=5.7798  sigreg=0.1431
  [simclr+sigreg] epoch 44/120  nt-xent=5.7829  sigreg=0.1264
  [simclr+sigreg] epoch 45/120  nt-xent=5.7704  sigreg=0.1312
  [simclr+sigreg] epoch 46/120  nt-xent=5.7636  sigreg=0.1315
  [simclr+sigreg] epoch 47/120  nt-xent=5.7671  sigreg=0.1176
  [simclr+sigreg] epoch 48/120  nt-xent=5.7764  sigreg=0.1326
  [simclr+sigreg] epoch 49/120  nt-xent=5.7466  sigreg=0.1129
  [simclr+sigreg] epoch 50/120  nt-xent=5.7399  sigreg=0.1293
  [simclr+sigreg] epoch 51/120  nt-xent=5.7394  sigreg=0.1355
  [simclr+sigreg] epoch 52/120  nt-xent=5.7366  sigreg=0.1300
  [simclr+sigreg] epoch 53/120  nt-xent=5.7272  sigreg=0.1326
  [simclr+sigreg] epoch 54/120  nt-xent=5.7179  sigreg=0.1221
  [simclr+sigreg] epoch 55/120  nt-xent=5.7109  sigreg=0.1201
  [simclr+sigreg] epoch 56/120  nt-xent=5.7136  sigreg=0.1031
  [simclr+sigreg] epoch 57/120  nt-xent=5.7049  sigreg=0.1218
  [simclr+sigreg] epoch 58/120  nt-xent=5.7274  sigreg=0.1125
  [simclr+sigreg] epoch 59/120  nt-xent=5.7188  sigreg=0.1149
  [simclr+sigreg] epoch 60/120  nt-xent=5.7159  sigreg=0.1080
  [simclr+sigreg] epoch 61/120  nt-xent=5.7040  sigreg=0.1253
  [simclr+sigreg] epoch 62/120  nt-xent=5.7032  sigreg=0.1063
  [simclr+sigreg] epoch 63/120  nt-xent=5.6846  sigreg=0.1282
  [simclr+sigreg] epoch 64/120  nt-xent=5.6873  sigreg=0.1030
  [simclr+sigreg] epoch 65/120  nt-xent=5.6947  sigreg=0.1183
  [simclr+sigreg] epoch 66/120  nt-xent=5.6920  sigreg=0.1028
  [simclr+sigreg] epoch 67/120  nt-xent=5.6982  sigreg=0.1302
  [simclr+sigreg] epoch 68/120  nt-xent=5.6902  sigreg=0.1278
  [simclr+sigreg] epoch 69/120  nt-xent=5.6777  sigreg=0.1193
  [simclr+sigreg] epoch 70/120  nt-xent=5.6881  sigreg=0.0994
  [simclr+sigreg] epoch 71/120  nt-xent=5.6788  sigreg=0.1000
  [simclr+sigreg] epoch 72/120  nt-xent=5.6809  sigreg=0.0823
  [simclr+sigreg] epoch 73/120  nt-xent=5.6761  sigreg=0.0965
  [simclr+sigreg] epoch 74/120  nt-xent=5.6733  sigreg=0.0920
  [simclr+sigreg] epoch 75/120  nt-xent=5.6792  sigreg=0.0972
  [simclr+sigreg] epoch 76/120  nt-xent=5.6790  sigreg=0.1055
  [simclr+sigreg] epoch 77/120  nt-xent=5.6710  sigreg=0.1018
  [simclr+sigreg] epoch 78/120  nt-xent=5.6548  sigreg=0.0929
  [simclr+sigreg] epoch 79/120  nt-xent=5.6646  sigreg=0.1148
  [simclr+sigreg] epoch 80/120  nt-xent=5.6713  sigreg=0.1089
  [simclr+sigreg] epoch 81/120  nt-xent=5.6799  sigreg=0.0899
  [simclr+sigreg] epoch 82/120  nt-xent=5.6582  sigreg=0.1075
  [simclr+sigreg] epoch 83/120  nt-xent=5.6757  sigreg=0.0962
  [simclr+sigreg] epoch 84/120  nt-xent=5.6638  sigreg=0.0912
  [simclr+sigreg] epoch 85/120  nt-xent=5.6714  sigreg=0.0795
  [simclr+sigreg] epoch 86/120  nt-xent=5.6633  sigreg=0.0913
  [simclr+sigreg] epoch 87/120  nt-xent=5.6554  sigreg=0.0997
  [simclr+sigreg] epoch 88/120  nt-xent=5.6519  sigreg=0.0915
  [simclr+sigreg] epoch 89/120  nt-xent=5.6497  sigreg=0.1058
  [simclr+sigreg] epoch 90/120  nt-xent=5.6611  sigreg=0.0952
  [simclr+sigreg] epoch 91/120  nt-xent=5.6531  sigreg=0.0927
  [simclr+sigreg] epoch 92/120  nt-xent=5.6715  sigreg=0.0952
  [simclr+sigreg] epoch 93/120  nt-xent=5.6487  sigreg=0.0947
  [simclr+sigreg] epoch 94/120  nt-xent=5.6411  sigreg=0.0918
  [simclr+sigreg] epoch 95/120  nt-xent=5.6467  sigreg=0.0996
  [simclr+sigreg] epoch 96/120  nt-xent=5.6456  sigreg=0.1091
  [simclr+sigreg] epoch 97/120  nt-xent=5.6570  sigreg=0.0960
  [simclr+sigreg] epoch 98/120  nt-xent=5.6394  sigreg=0.0943
  [simclr+sigreg] epoch 99/120  nt-xent=5.6406  sigreg=0.1034
  [simclr+sigreg] epoch 100/120  nt-xent=5.6477  sigreg=0.0978
  [simclr+sigreg] epoch 101/120  nt-xent=5.6389  sigreg=0.0916
  [simclr+sigreg] epoch 102/120  nt-xent=5.6282  sigreg=0.0922
  [simclr+sigreg] epoch 103/120  nt-xent=5.6228  sigreg=0.0933
  [simclr+sigreg] epoch 104/120  nt-xent=5.6348  sigreg=0.0843
  [simclr+sigreg] epoch 105/120  nt-xent=5.6304  sigreg=0.0959
  [simclr+sigreg] epoch 106/120  nt-xent=5.6206  sigreg=0.0819
  [simclr+sigreg] epoch 107/120  nt-xent=5.6222  sigreg=0.0947
  [simclr+sigreg] epoch 108/120  nt-xent=5.6272  sigreg=0.0982
  [simclr+sigreg] epoch 109/120  nt-xent=5.6084  sigreg=0.0939
  [simclr+sigreg] epoch 110/120  nt-xent=5.6114  sigreg=0.0883
  [simclr+sigreg] epoch 111/120  nt-xent=5.6197  sigreg=0.0950
  [simclr+sigreg] epoch 112/120  nt-xent=5.6079  sigreg=0.0894
  [simclr+sigreg] epoch 113/120  nt-xent=5.6113  sigreg=0.0816
  [simclr+sigreg] epoch 114/120  nt-xent=5.6195  sigreg=0.0791
  [simclr+sigreg] epoch 115/120  nt-xent=5.6155  sigreg=0.0951
  [simclr+sigreg] epoch 116/120  nt-xent=5.6079  sigreg=0.0854
  [simclr+sigreg] epoch 117/120  nt-xent=5.6217  sigreg=0.1018
  [simclr+sigreg] epoch 118/120  nt-xent=5.6159  sigreg=0.0943
  [simclr+sigreg] epoch 119/120  nt-xent=5.6189  sigreg=0.0986
  [simclr+sigreg] epoch 120/120  nt-xent=5.6275  sigreg=0.1007
--- [galaxy10/visreg] sup-SIGReg (proto) ---
  seed anchors (orthogonal): min pairwise distance=5.00 sigma
  balanced loader: 1772 samples, 7 batches of 10x24
  [sigreg+proto] epoch 1/120  sigreg=0.9517  proto=2.4068  min_dist=5.02  mean_dist=5.02
  [sigreg+proto] epoch 2/120  sigreg=0.8236  proto=1.8082  min_dist=5.04  mean_dist=5.04
  [sigreg+proto] epoch 3/120  sigreg=0.7058  proto=1.5458  min_dist=5.06  mean_dist=5.06
  [sigreg+proto] epoch 4/120  sigreg=0.6067  proto=1.4704  min_dist=5.08  mean_dist=5.08
  [sigreg+proto] epoch 5/120  sigreg=0.5782  proto=1.3969  min_dist=5.10  mean_dist=5.10
  [sigreg+proto] epoch 6/120  sigreg=0.5693  proto=1.2970  min_dist=5.12  mean_dist=5.13
  [sigreg+proto] epoch 7/120  sigreg=0.5329  proto=1.2375  min_dist=5.14  mean_dist=5.15
  [sigreg+proto] epoch 8/120  sigreg=0.5449  proto=1.1863  min_dist=5.16  mean_dist=5.18
  [sigreg+proto] epoch 9/120  sigreg=0.5395  proto=1.1448  min_dist=5.18  mean_dist=5.21
  [sigreg+proto] epoch 10/120  sigreg=0.5243  proto=1.0981  min_dist=5.21  mean_dist=5.24
  [sigreg+proto] epoch 11/120  sigreg=0.5054  proto=1.1154  min_dist=5.23  mean_dist=5.27
  [sigreg+proto] epoch 12/120  sigreg=0.4991  proto=1.0279  min_dist=5.25  mean_dist=5.31
  [sigreg+proto] epoch 13/120  sigreg=0.4844  proto=1.0550  min_dist=5.28  mean_dist=5.35
  [sigreg+proto] epoch 14/120  sigreg=0.4639  proto=1.0251  min_dist=5.30  mean_dist=5.39
  [sigreg+proto] epoch 15/120  sigreg=0.4673  proto=0.9769  min_dist=5.33  mean_dist=5.44
  [sigreg+proto] epoch 16/120  sigreg=0.4454  proto=0.9819  min_dist=5.36  mean_dist=5.49
  [sigreg+proto] epoch 17/120  sigreg=0.4386  proto=0.9296  min_dist=5.39  mean_dist=5.54
  [sigreg+proto] epoch 18/120  sigreg=0.4210  proto=0.9335  min_dist=5.42  mean_dist=5.60
  [sigreg+proto] epoch 19/120  sigreg=0.4157  proto=0.9328  min_dist=5.46  mean_dist=5.65
  [sigreg+proto] epoch 20/120  sigreg=0.4159  proto=0.8954  min_dist=5.49  mean_dist=5.71
  [sigreg+proto] epoch 21/120  sigreg=0.4086  proto=0.8233  min_dist=5.53  mean_dist=5.78
  [sigreg+proto] epoch 22/120  sigreg=0.4098  proto=0.8078  min_dist=5.56  mean_dist=5.84
  [sigreg+proto] epoch 23/120  sigreg=0.4149  proto=0.8420  min_dist=5.60  mean_dist=5.91
  [sigreg+proto] epoch 24/120  sigreg=0.4186  proto=0.8148  min_dist=5.64  mean_dist=5.97
  [sigreg+proto] epoch 25/120  sigreg=0.4043  proto=0.8041  min_dist=5.68  mean_dist=6.04
  [sigreg+proto] epoch 26/120  sigreg=0.4156  proto=0.7965  min_dist=5.72  mean_dist=6.11
  [sigreg+proto] epoch 27/120  sigreg=0.4025  proto=0.8151  min_dist=5.76  mean_dist=6.18
  [sigreg+proto] epoch 28/120  sigreg=0.4132  proto=0.7933  min_dist=5.80  mean_dist=6.25
  [sigreg+proto] epoch 29/120  sigreg=0.4022  proto=0.7212  min_dist=5.85  mean_dist=6.32
  [sigreg+proto] epoch 30/120  sigreg=0.4154  proto=0.6717  min_dist=5.89  mean_dist=6.40
  [sigreg+proto] epoch 31/120  sigreg=0.4019  proto=0.7056  min_dist=5.93  mean_dist=6.47
  [sigreg+proto] epoch 32/120  sigreg=0.4061  proto=0.6973  min_dist=5.98  mean_dist=6.54
  [sigreg+proto] epoch 33/120  sigreg=0.4169  proto=0.6852  min_dist=6.02  mean_dist=6.61
  [sigreg+proto] epoch 34/120  sigreg=0.4232  proto=0.6640  min_dist=6.07  mean_dist=6.68
  [sigreg+proto] epoch 35/120  sigreg=0.4257  proto=0.6521  min_dist=6.11  mean_dist=6.76
  [sigreg+proto] epoch 36/120  sigreg=0.4062  proto=0.6594  min_dist=6.16  mean_dist=6.83
  [sigreg+proto] epoch 37/120  sigreg=0.4104  proto=0.5947  min_dist=6.20  mean_dist=6.90
  [sigreg+proto] epoch 38/120  sigreg=0.4167  proto=0.6355  min_dist=6.25  mean_dist=6.97
  [sigreg+proto] epoch 39/120  sigreg=0.4199  proto=0.5996  min_dist=6.29  mean_dist=7.04
  [sigreg+proto] epoch 40/120  sigreg=0.4118  proto=0.5718  min_dist=6.34  mean_dist=7.11
  [sigreg+proto] epoch 41/120  sigreg=0.4068  proto=0.5416  min_dist=6.38  mean_dist=7.18
  [sigreg+proto] epoch 42/120  sigreg=0.4122  proto=0.5747  min_dist=6.43  mean_dist=7.25
  [sigreg+proto] epoch 43/120  sigreg=0.4195  proto=0.6257  min_dist=6.47  mean_dist=7.31
  [sigreg+proto] epoch 44/120  sigreg=0.4162  proto=0.5648  min_dist=6.52  mean_dist=7.38
  [sigreg+proto] epoch 45/120  sigreg=0.4069  proto=0.5427  min_dist=6.56  mean_dist=7.45
  [sigreg+proto] epoch 46/120  sigreg=0.4198  proto=0.5121  min_dist=6.61  mean_dist=7.52
  [sigreg+proto] epoch 47/120  sigreg=0.4211  proto=0.5321  min_dist=6.65  mean_dist=7.58
  [sigreg+proto] epoch 48/120  sigreg=0.4373  proto=0.5427  min_dist=6.70  mean_dist=7.65
  [sigreg+proto] epoch 49/120  sigreg=0.4163  proto=0.5056  min_dist=6.74  mean_dist=7.71
  [sigreg+proto] epoch 50/120  sigreg=0.4288  proto=0.4670  min_dist=6.79  mean_dist=7.78
  [sigreg+proto] epoch 51/120  sigreg=0.4445  proto=0.4475  min_dist=6.83  mean_dist=7.84
  [sigreg+proto] epoch 52/120  sigreg=0.4227  proto=0.4288  min_dist=6.87  mean_dist=7.90
  [sigreg+proto] epoch 53/120  sigreg=0.4404  proto=0.4486  min_dist=6.92  mean_dist=7.97
  [sigreg+proto] epoch 54/120  sigreg=0.4311  proto=0.3979  min_dist=6.96  mean_dist=8.03
  [sigreg+proto] epoch 55/120  sigreg=0.4472  proto=0.4172  min_dist=7.00  mean_dist=8.09
  [sigreg+proto] epoch 56/120  sigreg=0.4365  proto=0.4360  min_dist=7.05  mean_dist=8.15
  [sigreg+proto] epoch 57/120  sigreg=0.4380  proto=0.4069  min_dist=7.09  mean_dist=8.21
  [sigreg+proto] epoch 58/120  sigreg=0.4451  proto=0.4308  min_dist=7.13  mean_dist=8.27
  [sigreg+proto] epoch 59/120  sigreg=0.4299  proto=0.3829  min_dist=7.17  mean_dist=8.33
  [sigreg+proto] epoch 60/120  sigreg=0.4526  proto=0.3828  min_dist=7.21  mean_dist=8.39
  [sigreg+proto] epoch 61/120  sigreg=0.4447  proto=0.3982  min_dist=7.26  mean_dist=8.44
  [sigreg+proto] epoch 62/120  sigreg=0.4511  proto=0.4453  min_dist=7.30  mean_dist=8.50
  [sigreg+proto] epoch 63/120  sigreg=0.4516  proto=0.4557  min_dist=7.34  mean_dist=8.56
  [sigreg+proto] epoch 64/120  sigreg=0.4635  proto=0.3776  min_dist=7.38  mean_dist=8.62
  [sigreg+proto] epoch 65/120  sigreg=0.4642  proto=0.5236  min_dist=7.42  mean_dist=8.67
  [sigreg+proto] epoch 66/120  sigreg=0.4627  proto=0.4525  min_dist=7.46  mean_dist=8.73
  [sigreg+proto] epoch 67/120  sigreg=0.4439  proto=0.3976  min_dist=7.50  mean_dist=8.78
  [sigreg+proto] epoch 68/120  sigreg=0.4573  proto=0.3867  min_dist=7.54  mean_dist=8.83
  [sigreg+proto] epoch 69/120  sigreg=0.4605  proto=0.2882  min_dist=7.58  mean_dist=8.89
  [sigreg+proto] epoch 70/120  sigreg=0.4514  proto=0.2919  min_dist=7.62  mean_dist=8.94
  [sigreg+proto] epoch 71/120  sigreg=0.4500  proto=0.3134  min_dist=7.65  mean_dist=8.99
  [sigreg+proto] epoch 72/120  sigreg=0.4496  proto=0.2699  min_dist=7.69  mean_dist=9.05
  [sigreg+proto] epoch 73/120  sigreg=0.4657  proto=0.3014  min_dist=7.73  mean_dist=9.10
  [sigreg+proto] epoch 74/120  sigreg=0.4600  proto=0.3261  min_dist=7.77  mean_dist=9.15
  [sigreg+proto] epoch 75/120  sigreg=0.4681  proto=0.3441  min_dist=7.80  mean_dist=9.20
  [sigreg+proto] epoch 76/120  sigreg=0.4665  proto=0.2837  min_dist=7.84  mean_dist=9.25
  [sigreg+proto] epoch 77/120  sigreg=0.4561  proto=0.2472  min_dist=7.88  mean_dist=9.30
  [sigreg+proto] epoch 78/120  sigreg=0.4679  proto=0.2887  min_dist=7.91  mean_dist=9.35
  [sigreg+proto] epoch 79/120  sigreg=0.4807  proto=0.3698  min_dist=7.95  mean_dist=9.40
  [sigreg+proto] epoch 80/120  sigreg=0.4777  proto=0.3560  min_dist=7.99  mean_dist=9.45
  [sigreg+proto] epoch 81/120  sigreg=0.4656  proto=0.2768  min_dist=8.02  mean_dist=9.50
  [sigreg+proto] epoch 82/120  sigreg=0.4607  proto=0.2678  min_dist=8.06  mean_dist=9.55
  [sigreg+proto] epoch 83/120  sigreg=0.4745  proto=0.2720  min_dist=8.09  mean_dist=9.59
  [sigreg+proto] epoch 84/120  sigreg=0.4598  proto=0.3187  min_dist=8.13  mean_dist=9.64
  [sigreg+proto] epoch 85/120  sigreg=0.4731  proto=0.2560  min_dist=8.16  mean_dist=9.69
  [sigreg+proto] epoch 86/120  sigreg=0.4708  proto=0.2202  min_dist=8.20  mean_dist=9.74
  [sigreg+proto] epoch 87/120  sigreg=0.4865  proto=0.2318  min_dist=8.23  mean_dist=9.78
  [sigreg+proto] epoch 88/120  sigreg=0.4824  proto=0.2495  min_dist=8.27  mean_dist=9.83
  [sigreg+proto] epoch 89/120  sigreg=0.4762  proto=0.3741  min_dist=8.30  mean_dist=9.87
  [sigreg+proto] epoch 90/120  sigreg=0.4749  proto=0.2412  min_dist=8.33  mean_dist=9.92
  [sigreg+proto] epoch 91/120  sigreg=0.4780  proto=0.2016  min_dist=8.37  mean_dist=9.96
  [sigreg+proto] epoch 92/120  sigreg=0.4851  proto=0.1990  min_dist=8.40  mean_dist=10.01
  [sigreg+proto] epoch 93/120  sigreg=0.4735  proto=0.2096  min_dist=8.43  mean_dist=10.05
  [sigreg+proto] epoch 94/120  sigreg=0.4822  proto=0.2126  min_dist=8.47  mean_dist=10.10
  [sigreg+proto] epoch 95/120  sigreg=0.4840  proto=0.1846  min_dist=8.50  mean_dist=10.14
  [sigreg+proto] epoch 96/120  sigreg=0.4888  proto=0.1873  min_dist=8.53  mean_dist=10.18
  [sigreg+proto] epoch 97/120  sigreg=0.4947  proto=0.1739  min_dist=8.57  mean_dist=10.22
  [sigreg+proto] epoch 98/120  sigreg=0.4943  proto=0.1810  min_dist=8.60  mean_dist=10.27
  [sigreg+proto] epoch 99/120  sigreg=0.4921  proto=0.1649  min_dist=8.63  mean_dist=10.31
  [sigreg+proto] epoch 100/120  sigreg=0.4962  proto=0.1831  min_dist=8.66  mean_dist=10.35
  [sigreg+proto] epoch 101/120  sigreg=0.4924  proto=0.1864  min_dist=8.70  mean_dist=10.39
  [sigreg+proto] epoch 102/120  sigreg=0.4804  proto=0.2028  min_dist=8.73  mean_dist=10.43
  [sigreg+proto] epoch 103/120  sigreg=0.4970  proto=0.1614  min_dist=8.76  mean_dist=10.48
  [sigreg+proto] epoch 104/120  sigreg=0.4980  proto=0.1485  min_dist=8.79  mean_dist=10.52
  [sigreg+proto] epoch 105/120  sigreg=0.4858  proto=0.1704  min_dist=8.82  mean_dist=10.56
  [sigreg+proto] epoch 106/120  sigreg=0.4990  proto=0.1788  min_dist=8.85  mean_dist=10.60
  [sigreg+proto] epoch 107/120  sigreg=0.4873  proto=0.2321  min_dist=8.89  mean_dist=10.64
  [sigreg+proto] epoch 108/120  sigreg=0.4897  proto=0.3481  min_dist=8.92  mean_dist=10.68
  [sigreg+proto] epoch 109/120  sigreg=0.5055  proto=0.3046  min_dist=8.95  mean_dist=10.72
  [sigreg+proto] epoch 110/120  sigreg=0.5103  proto=0.2740  min_dist=8.98  mean_dist=10.75
  [sigreg+proto] epoch 111/120  sigreg=0.4971  proto=0.2359  min_dist=9.01  mean_dist=10.79
  [sigreg+proto] epoch 112/120  sigreg=0.4881  proto=0.2190  min_dist=9.04  mean_dist=10.83
  [sigreg+proto] epoch 113/120  sigreg=0.5134  proto=0.2100  min_dist=9.07  mean_dist=10.87
  [sigreg+proto] epoch 114/120  sigreg=0.5187  proto=0.1929  min_dist=9.10  mean_dist=10.91
  [sigreg+proto] epoch 115/120  sigreg=0.5186  proto=0.1804  min_dist=9.13  mean_dist=10.94
  [sigreg+proto] epoch 116/120  sigreg=0.5038  proto=0.1687  min_dist=9.15  mean_dist=10.98
  [sigreg+proto] epoch 117/120  sigreg=0.5091  proto=0.1389  min_dist=9.18  mean_dist=11.02
  [sigreg+proto] epoch 118/120  sigreg=0.5032  proto=0.1518  min_dist=9.21  mean_dist=11.06
  [sigreg+proto] epoch 119/120  sigreg=0.5011  proto=0.1314  min_dist=9.24  mean_dist=11.09
  [sigreg+proto] epoch 120/120  sigreg=0.5176  proto=0.1529  min_dist=9.27  mean_dist=11.13
--- [galaxy10/visreg] sup-SIGReg (ce) ---
  seed anchors (orthogonal): min pairwise distance=5.00 sigma
  balanced loader: 1772 samples, 7 batches of 10x24
  [sigreg+ce] epoch 1/120  sigreg=0.8477  ce=2.1728  min_dist=5.02  mean_dist=5.02
  [sigreg+ce] epoch 2/120  sigreg=0.6283  ce=1.9276  min_dist=5.04  mean_dist=5.04
  [sigreg+ce] epoch 3/120  sigreg=0.6051  ce=1.7139  min_dist=5.06  mean_dist=5.07
  [sigreg+ce] epoch 4/120  sigreg=0.5836  ce=1.6156  min_dist=5.09  mean_dist=5.09
  [sigreg+ce] epoch 5/120  sigreg=0.5599  ce=1.5478  min_dist=5.12  mean_dist=5.12
  [sigreg+ce] epoch 6/120  sigreg=0.5307  ce=1.5114  min_dist=5.15  mean_dist=5.16
  [sigreg+ce] epoch 7/120  sigreg=0.5035  ce=1.4215  min_dist=5.18  mean_dist=5.19
  [sigreg+ce] epoch 8/120  sigreg=0.5047  ce=1.3735  min_dist=5.22  mean_dist=5.23
  [sigreg+ce] epoch 9/120  sigreg=0.4921  ce=1.3090  min_dist=5.26  mean_dist=5.28
  [sigreg+ce] epoch 10/120  sigreg=0.4713  ce=1.3137  min_dist=5.31  mean_dist=5.33
  [sigreg+ce] epoch 11/120  sigreg=0.4674  ce=1.2467  min_dist=5.35  mean_dist=5.38
  [sigreg+ce] epoch 12/120  sigreg=0.4606  ce=1.2075  min_dist=5.40  mean_dist=5.43
  [sigreg+ce] epoch 13/120  sigreg=0.4584  ce=1.2214  min_dist=5.45  mean_dist=5.49
  [sigreg+ce] epoch 14/120  sigreg=0.4351  ce=1.1636  min_dist=5.51  mean_dist=5.55
  [sigreg+ce] epoch 15/120  sigreg=0.4263  ce=1.1342  min_dist=5.56  mean_dist=5.62
  [sigreg+ce] epoch 16/120  sigreg=0.4348  ce=1.1061  min_dist=5.62  mean_dist=5.68
  [sigreg+ce] epoch 17/120  sigreg=0.4403  ce=1.0742  min_dist=5.68  mean_dist=5.75
  [sigreg+ce] epoch 18/120  sigreg=0.4247  ce=1.0655  min_dist=5.74  mean_dist=5.82
  [sigreg+ce] epoch 19/120  sigreg=0.4323  ce=1.0545  min_dist=5.80  mean_dist=5.88
  [sigreg+ce] epoch 20/120  sigreg=0.4189  ce=1.0346  min_dist=5.87  mean_dist=5.96
  [sigreg+ce] epoch 21/120  sigreg=0.4122  ce=1.0026  min_dist=5.93  mean_dist=6.03
  [sigreg+ce] epoch 22/120  sigreg=0.4205  ce=1.0360  min_dist=5.99  mean_dist=6.10
  [sigreg+ce] epoch 23/120  sigreg=0.4141  ce=1.0111  min_dist=6.06  mean_dist=6.17
  [sigreg+ce] epoch 24/120  sigreg=0.4009  ce=0.9630  min_dist=6.12  mean_dist=6.24
  [sigreg+ce] epoch 25/120  sigreg=0.4077  ce=0.9059  min_dist=6.19  mean_dist=6.32
  [sigreg+ce] epoch 26/120  sigreg=0.4072  ce=0.9329  min_dist=6.25  mean_dist=6.39
  [sigreg+ce] epoch 27/120  sigreg=0.4192  ce=0.9329  min_dist=6.32  mean_dist=6.46
  [sigreg+ce] epoch 28/120  sigreg=0.3982  ce=0.9060  min_dist=6.38  mean_dist=6.53
  [sigreg+ce] epoch 29/120  sigreg=0.3992  ce=0.8745  min_dist=6.45  mean_dist=6.61
  [sigreg+ce] epoch 30/120  sigreg=0.4179  ce=0.8374  min_dist=6.51  mean_dist=6.68
  [sigreg+ce] epoch 31/120  sigreg=0.4086  ce=0.8144  min_dist=6.58  mean_dist=6.75
  [sigreg+ce] epoch 32/120  sigreg=0.3966  ce=0.8086  min_dist=6.64  mean_dist=6.82
  [sigreg+ce] epoch 33/120  sigreg=0.3962  ce=0.7755  min_dist=6.70  mean_dist=6.89
  [sigreg+ce] epoch 34/120  sigreg=0.3999  ce=0.8173  min_dist=6.77  mean_dist=6.96
  [sigreg+ce] epoch 35/120  sigreg=0.3836  ce=0.7897  min_dist=6.83  mean_dist=7.03
  [sigreg+ce] epoch 36/120  sigreg=0.3910  ce=0.7471  min_dist=6.89  mean_dist=7.10
  [sigreg+ce] epoch 37/120  sigreg=0.3789  ce=0.7577  min_dist=6.95  mean_dist=7.17
  [sigreg+ce] epoch 38/120  sigreg=0.3872  ce=0.7399  min_dist=7.01  mean_dist=7.24
  [sigreg+ce] epoch 39/120  sigreg=0.3944  ce=0.7419  min_dist=7.07  mean_dist=7.31
  [sigreg+ce] epoch 40/120  sigreg=0.3828  ce=0.7308  min_dist=7.14  mean_dist=7.37
  [sigreg+ce] epoch 41/120  sigreg=0.3745  ce=0.6885  min_dist=7.20  mean_dist=7.44
  [sigreg+ce] epoch 42/120  sigreg=0.3793  ce=0.6943  min_dist=7.26  mean_dist=7.51
  [sigreg+ce] epoch 43/120  sigreg=0.3740  ce=0.6907  min_dist=7.31  mean_dist=7.57
  [sigreg+ce] epoch 44/120  sigreg=0.3845  ce=0.6859  min_dist=7.37  mean_dist=7.64
  [sigreg+ce] epoch 45/120  sigreg=0.3744  ce=0.6511  min_dist=7.43  mean_dist=7.70
  [sigreg+ce] epoch 46/120  sigreg=0.3730  ce=0.6506  min_dist=7.49  mean_dist=7.76
  [sigreg+ce] epoch 47/120  sigreg=0.3755  ce=0.6407  min_dist=7.55  mean_dist=7.83
  [sigreg+ce] epoch 48/120  sigreg=0.3860  ce=0.6378  min_dist=7.60  mean_dist=7.89
  [sigreg+ce] epoch 49/120  sigreg=0.3755  ce=0.6215  min_dist=7.66  mean_dist=7.95
  [sigreg+ce] epoch 50/120  sigreg=0.3757  ce=0.6202  min_dist=7.71  mean_dist=8.01
  [sigreg+ce] epoch 51/120  sigreg=0.3824  ce=0.5879  min_dist=7.77  mean_dist=8.07
  [sigreg+ce] epoch 52/120  sigreg=0.3840  ce=0.6148  min_dist=7.82  mean_dist=8.13
  [sigreg+ce] epoch 53/120  sigreg=0.3737  ce=0.5435  min_dist=7.88  mean_dist=8.19
  [sigreg+ce] epoch 54/120  sigreg=0.3662  ce=0.5375  min_dist=7.93  mean_dist=8.25
  [sigreg+ce] epoch 55/120  sigreg=0.3814  ce=0.5615  min_dist=7.99  mean_dist=8.31
  [sigreg+ce] epoch 56/120  sigreg=0.3672  ce=0.5720  min_dist=8.04  mean_dist=8.37
  [sigreg+ce] epoch 57/120  sigreg=0.3743  ce=0.5329  min_dist=8.09  mean_dist=8.43
  [sigreg+ce] epoch 58/120  sigreg=0.3635  ce=0.4976  min_dist=8.14  mean_dist=8.48
  [sigreg+ce] epoch 59/120  sigreg=0.3547  ce=0.5235  min_dist=8.20  mean_dist=8.54
  [sigreg+ce] epoch 60/120  sigreg=0.3595  ce=0.5327  min_dist=8.25  mean_dist=8.60
  [sigreg+ce] epoch 61/120  sigreg=0.3756  ce=0.5166  min_dist=8.30  mean_dist=8.65
  [sigreg+ce] epoch 62/120  sigreg=0.3654  ce=0.4970  min_dist=8.35  mean_dist=8.71
  [sigreg+ce] epoch 63/120  sigreg=0.3565  ce=0.4950  min_dist=8.40  mean_dist=8.76
  [sigreg+ce] epoch 64/120  sigreg=0.3708  ce=0.4908  min_dist=8.45  mean_dist=8.82
  [sigreg+ce] epoch 65/120  sigreg=0.3643  ce=0.5248  min_dist=8.50  mean_dist=8.87
  [sigreg+ce] epoch 66/120  sigreg=0.3587  ce=0.5204  min_dist=8.55  mean_dist=8.92
  [sigreg+ce] epoch 67/120  sigreg=0.3659  ce=0.5319  min_dist=8.59  mean_dist=8.97
  [sigreg+ce] epoch 68/120  sigreg=0.3703  ce=0.5311  min_dist=8.64  mean_dist=9.03
  [sigreg+ce] epoch 69/120  sigreg=0.3611  ce=0.4936  min_dist=8.69  mean_dist=9.08
  [sigreg+ce] epoch 70/120  sigreg=0.3523  ce=0.4373  min_dist=8.74  mean_dist=9.13
  [sigreg+ce] epoch 71/120  sigreg=0.3461  ce=0.4186  min_dist=8.79  mean_dist=9.18
  [sigreg+ce] epoch 72/120  sigreg=0.3608  ce=0.4261  min_dist=8.83  mean_dist=9.23
  [sigreg+ce] epoch 73/120  sigreg=0.3619  ce=0.4298  min_dist=8.88  mean_dist=9.28
  [sigreg+ce] epoch 74/120  sigreg=0.3432  ce=0.4141  min_dist=8.92  mean_dist=9.33
  [sigreg+ce] epoch 75/120  sigreg=0.3426  ce=0.3825  min_dist=8.97  mean_dist=9.38
  [sigreg+ce] epoch 76/120  sigreg=0.3404  ce=0.3940  min_dist=9.02  mean_dist=9.43
  [sigreg+ce] epoch 77/120  sigreg=0.3417  ce=0.3817  min_dist=9.06  mean_dist=9.48
  [sigreg+ce] epoch 78/120  sigreg=0.3430  ce=0.3529  min_dist=9.11  mean_dist=9.53
  [sigreg+ce] epoch 79/120  sigreg=0.3454  ce=0.3635  min_dist=9.15  mean_dist=9.58
  [sigreg+ce] epoch 80/120  sigreg=0.3335  ce=0.3617  min_dist=9.19  mean_dist=9.62
  [sigreg+ce] epoch 81/120  sigreg=0.3408  ce=0.3552  min_dist=9.24  mean_dist=9.67
  [sigreg+ce] epoch 82/120  sigreg=0.3458  ce=0.3444  min_dist=9.28  mean_dist=9.72
  [sigreg+ce] epoch 83/120  sigreg=0.3342  ce=0.3337  min_dist=9.32  mean_dist=9.77
  [sigreg+ce] epoch 84/120  sigreg=0.3291  ce=0.3271  min_dist=9.37  mean_dist=9.81
  [sigreg+ce] epoch 85/120  sigreg=0.3378  ce=0.3231  min_dist=9.41  mean_dist=9.86
  [sigreg+ce] epoch 86/120  sigreg=0.3386  ce=0.3076  min_dist=9.45  mean_dist=9.90
  [sigreg+ce] epoch 87/120  sigreg=0.3284  ce=0.3057  min_dist=9.49  mean_dist=9.95
  [sigreg+ce] epoch 88/120  sigreg=0.3437  ce=0.3076  min_dist=9.54  mean_dist=9.99
  [sigreg+ce] epoch 89/120  sigreg=0.3408  ce=0.2923  min_dist=9.58  mean_dist=10.04
  [sigreg+ce] epoch 90/120  sigreg=0.3412  ce=0.3096  min_dist=9.62  mean_dist=10.08
  [sigreg+ce] epoch 91/120  sigreg=0.3255  ce=0.2845  min_dist=9.66  mean_dist=10.13
  [sigreg+ce] epoch 92/120  sigreg=0.3212  ce=0.3007  min_dist=9.70  mean_dist=10.17
  [sigreg+ce] epoch 93/120  sigreg=0.3321  ce=0.2712  min_dist=9.74  mean_dist=10.21
  [sigreg+ce] epoch 94/120  sigreg=0.3201  ce=0.2677  min_dist=9.78  mean_dist=10.26
  [sigreg+ce] epoch 95/120  sigreg=0.3288  ce=0.2508  min_dist=9.82  mean_dist=10.30
  [sigreg+ce] epoch 96/120  sigreg=0.3171  ce=0.2338  min_dist=9.86  mean_dist=10.34
  [sigreg+ce] epoch 97/120  sigreg=0.3209  ce=0.2427  min_dist=9.90  mean_dist=10.39
  [sigreg+ce] epoch 98/120  sigreg=0.3085  ce=0.2424  min_dist=9.94  mean_dist=10.43
  [sigreg+ce] epoch 99/120  sigreg=0.3210  ce=0.2451  min_dist=9.98  mean_dist=10.47
  [sigreg+ce] epoch 100/120  sigreg=0.3204  ce=0.2406  min_dist=10.02  mean_dist=10.51
  [sigreg+ce] epoch 101/120  sigreg=0.3162  ce=0.2261  min_dist=10.06  mean_dist=10.55
  [sigreg+ce] epoch 102/120  sigreg=0.3173  ce=0.2102  min_dist=10.09  mean_dist=10.59
  [sigreg+ce] epoch 103/120  sigreg=0.3207  ce=0.2104  min_dist=10.13  mean_dist=10.63
  [sigreg+ce] epoch 104/120  sigreg=0.2985  ce=0.2094  min_dist=10.17  mean_dist=10.67
  [sigreg+ce] epoch 105/120  sigreg=0.3101  ce=0.2061  min_dist=10.21  mean_dist=10.71
  [sigreg+ce] epoch 106/120  sigreg=0.2989  ce=0.2040  min_dist=10.24  mean_dist=10.75
  [sigreg+ce] epoch 107/120  sigreg=0.3086  ce=0.2097  min_dist=10.28  mean_dist=10.79
  [sigreg+ce] epoch 108/120  sigreg=0.3085  ce=0.2129  min_dist=10.32  mean_dist=10.83
  [sigreg+ce] epoch 109/120  sigreg=0.3217  ce=0.2224  min_dist=10.36  mean_dist=10.87
  [sigreg+ce] epoch 110/120  sigreg=0.3143  ce=0.2108  min_dist=10.39  mean_dist=10.91
  [sigreg+ce] epoch 111/120  sigreg=0.3043  ce=0.2062  min_dist=10.43  mean_dist=10.95
  [sigreg+ce] epoch 112/120  sigreg=0.3134  ce=0.1869  min_dist=10.46  mean_dist=10.99
  [sigreg+ce] epoch 113/120  sigreg=0.3099  ce=0.1886  min_dist=10.50  mean_dist=11.03
  [sigreg+ce] epoch 114/120  sigreg=0.2876  ce=0.1590  min_dist=10.54  mean_dist=11.07
  [sigreg+ce] epoch 115/120  sigreg=0.2974  ce=0.1611  min_dist=10.57  mean_dist=11.10
  [sigreg+ce] epoch 116/120  sigreg=0.2944  ce=0.1571  min_dist=10.61  mean_dist=11.14
  [sigreg+ce] epoch 117/120  sigreg=0.2975  ce=0.1583  min_dist=10.64  mean_dist=11.18
  [sigreg+ce] epoch 118/120  sigreg=0.2980  ce=0.1678  min_dist=10.68  mean_dist=11.22
  [sigreg+ce] epoch 119/120  sigreg=0.2908  ce=0.1630  min_dist=10.71  mean_dist=11.25
  [sigreg+ce] epoch 120/120  sigreg=0.2959  ce=0.1566  min_dist=10.75  mean_dist=11.29
  [galaxy10/visreg] raw probe (768d)             59.3
  [galaxy10/visreg] sup-proto                    64.1
  [galaxy10/visreg] sup-proto (posterior)        60.8
  [galaxy10/visreg] sup-proto+hybrid (concat)    64.8
  [galaxy10/visreg] sup-ce                       63.5
  [galaxy10/visreg] sup-ce+hybrid (concat)       63.9

===== SUPERVISED SIGREG TRANSFER, 100-d =====

  --- aircraft (paper: MoCoV3 57.9  DINO 63.6  VISReg-B 57.1) ---
  method                              dino    lejepa    visreg
  raw probe (768d)                    64.9      33.7      38.3
  sup-proto                           56.7      40.8      36.8
  sup-proto (posterior)               52.3      37.7      31.8
  sup-proto+hybrid (concat)           56.9      38.0      34.2
  sup-ce                              60.1      43.9      42.4
  sup-ce+hybrid (concat)              60.2      43.7      42.5

  --- cars (paper: MoCoV3 67.5  DINO 73.9  VISReg-B 64.8) ---
  method                              dino    lejepa    visreg
  raw probe (768d)                    70.0      40.7      47.3
  sup-proto                           53.4      38.8      34.8
  sup-proto (posterior)               42.0      32.5      28.1
  sup-proto+hybrid (concat)           54.2      37.8      33.2
  sup-ce                              59.3      44.7      44.2
  sup-ce+hybrid (concat)              59.6      44.8      43.9

  --- flowers (paper: MoCoV3 91.5  DINO 94.6  VISReg-B 90.4) ---
  method                              dino    lejepa    visreg
  raw probe (768d)                    96.6      88.6      91.4
  sup-proto                           87.5      82.0      82.6
  sup-proto (posterior)               82.0      80.5      80.9
  sup-proto+hybrid (concat)           93.4      82.2      83.3
  sup-ce                              92.7      85.7      87.0
  sup-ce+hybrid (concat)              95.0      85.6      87.1

  --- galaxy10 (paper: MoCoV3 73.1  DINO 72.8  VISReg-B 74.0) ---
  method                              dino    lejepa    visreg
  raw probe (768d)                    63.8      59.5      59.3
  sup-proto                           61.2      62.9      64.1
  sup-proto (posterior)               60.4      62.0      60.8
  sup-proto+hybrid (concat)           62.1      63.4      64.8
  sup-ce                              63.2      63.7      63.5
  sup-ce+hybrid (concat)              63.5      64.0      63.9

  saved /home/pharris/sigreg/SuperSig/plots/transfer_supsigreg_d100.png
Done.
