/home/pharris/venv/lib64/python3.9/site-packages/networkx/utils/backends.py:135: RuntimeWarning: networkx backend defined more than once: nx-loopback
  backends.update(_get_backends("networkx.backends"))

######## cifar100_tau0.05_off_s0: N=50000, base rate b=0.0100 (500 novel), holdouts=[99] ########

  --- scorer 'dist'  (cut-free novel-vs-seen AUC = 0.6913) ---
        q    pool   purity    ceil   head      E   eps_s   n_nov  flags
   0.0010      50   0.0200   1.000   0.02   2.00   0.002       1          
   0.0013      66   0.0303   1.000   0.03   3.03   0.004       2          
   0.0017      86   0.0349   1.000   0.03   3.49   0.006       3          
   0.0023     113   0.0265   1.000   0.03   2.65   0.006       3          
   0.0030     149   0.0268   1.000   0.03   2.68   0.008       4          
   0.0039     195   0.0205   1.000   0.02   2.05   0.008       4          
   0.0051     256   0.0234   1.000   0.02   2.34   0.012       6          
   0.0067     336   0.0268   1.000   0.03   2.68   0.018       9          
   0.0088     442   0.0204   1.000   0.02   2.04   0.018       9          
   0.0116     580   0.0190   0.862   0.02   1.90   0.022      11          
   0.0152     762   0.0197   0.657   0.03   1.97   0.030      15          
   0.0200    1000   0.0250   0.500   0.05   2.50   0.050      25          
   0.0300    1500   0.0267   0.333   0.08   2.67   0.080      40          
   0.0400    2000   0.0245   0.250   0.10   2.45   0.098      49          
   0.0500    2500   0.0228   0.200   0.11   2.28   0.114      57          
   0.0600    3000   0.0257   0.167   0.15   2.57   0.154      77          
   0.0700    3500   0.0257   0.143   0.18   2.57   0.180      90          
   0.0800    4000   0.0250   0.125   0.20   2.50   0.200     100       DET
   0.0900    4500   0.0244   0.111   0.22   2.44   0.220     110       DET
   0.1000    5000   0.0240   0.100   0.24   2.40   0.240     120       DET
   0.1100    5500   0.0231   0.091   0.25   2.31   0.254     127       DET
   0.1200    6000   0.0227   0.083   0.27   2.27   0.272     136       DET
   0.1300    6500   0.0231   0.077   0.30   2.31   0.300     150       DET
   0.1400    7000   0.0230   0.071   0.32   2.30   0.322     161       DET
   0.1500    7500   0.0235   0.067   0.35   2.35   0.352     176       DET
   0.1600    8000   0.0224   0.062   0.36   2.24   0.358     179       DET
   0.1700    8500   0.0216   0.059   0.37   2.16   0.368     184       DET
   0.1800    9000   0.0214   0.056   0.39   2.14   0.386     193       DET
   0.1900    9500   0.0211   0.053   0.40   2.11   0.400     200       DET
   0.2000   10000   0.0203   0.050   0.41   2.03   0.406     203       DET
  campaign cuts: tau_q=0.95: pool=2532 purity=0.0225 n_nov=57  tau_q=0.99: pool=505 purity=0.0198 n_nov=10  tau_q=0.995: pool=254 purity=0.0236 n_nov=6
  BEST usable cut: q=0.0800 purity=0.0250 n_novel=100 (headroom 0.20)

  --- scorer 'lid'  (cut-free novel-vs-seen AUC = 0.5491) ---
        q    pool   purity    ceil   head      E   eps_s   n_nov  flags
   0.0010      50   0.0200   1.000   0.02   2.00   0.002       1          
   0.0013      66   0.0152   1.000   0.02   1.52   0.002       1          
   0.0017      86   0.0116   1.000   0.01   1.16   0.002       1          
   0.0023     113   0.0088   1.000   0.01   0.88   0.002       1          
   0.0030     149   0.0067   1.000   0.01   0.67   0.002       1          
   0.0039     195   0.0051   1.000   0.01   0.51   0.002       1          
   0.0051     256   0.0039   1.000   0.00   0.39   0.002       1          
   0.0067     336   0.0030   1.000   0.00   0.30   0.002       1          
   0.0088     442   0.0023   1.000   0.00   0.23   0.002       1          
   0.0116     580   0.0052   0.862   0.01   0.52   0.006       3          
   0.0152     762   0.0052   0.657   0.01   0.52   0.008       4          
   0.0200    1000   0.0040   0.500   0.01   0.40   0.008       4          
   0.0300    1500   0.0040   0.333   0.01   0.40   0.012       6          
   0.0400    2000   0.0055   0.250   0.02   0.55   0.022      11          
   0.0500    2500   0.0068   0.200   0.03   0.68   0.034      17          
   0.0600    3000   0.0063   0.167   0.04   0.63   0.038      19          
   0.0700    3500   0.0071   0.143   0.05   0.71   0.050      25          
   0.0800    4000   0.0075   0.125   0.06   0.75   0.060      30          
   0.0900    4500   0.0076   0.111   0.07   0.76   0.068      34          
   0.1000    5000   0.0078   0.100   0.08   0.78   0.078      39          
   0.1100    5500   0.0078   0.091   0.09   0.78   0.086      43          
   0.1200    6000   0.0082   0.083   0.10   0.82   0.098      49          
   0.1300    6500   0.0086   0.077   0.11   0.86   0.112      56          
   0.1400    7000   0.0087   0.071   0.12   0.87   0.122      61          
   0.1500    7500   0.0087   0.067   0.13   0.87   0.130      65          
   0.1600    8000   0.0083   0.062   0.13   0.83   0.132      66          
   0.1700    8500   0.0081   0.059   0.14   0.81   0.138      69          
   0.1800    9000   0.0083   0.056   0.15   0.83   0.150      75          
   0.1900    9500   0.0082   0.053   0.16   0.82   0.156      78          
   0.2000   10000   0.0081   0.050   0.16   0.81   0.162      81          
  campaign cuts: tau_q=0.95: pool=2492 purity=0.0068 n_nov=17  tau_q=0.99: pool=497 purity=0.0040 n_nov=2  tau_q=0.995: pool=249 purity=0.0040 n_nov=1
  NO usable cut: no q leaves >= 100 novel points

  --- scorer 'np'  (cut-free novel-vs-seen AUC = 0.6980) ---
        q    pool   purity    ceil   head      E   eps_s   n_nov  flags
   0.0010      50   0.3000   1.000   0.30  30.00   0.030      15  GATE    
   0.0013      66   0.3182   1.000   0.32  31.82   0.042      21  GATE    
   0.0017      86   0.2791   1.000   0.28  27.91   0.048      24  GATE    
   0.0023     113   0.2478   1.000   0.25  24.78   0.056      28  GATE    
   0.0030     149   0.2148   1.000   0.21  21.48   0.064      32  GATE    
   0.0039     195   0.1795   1.000   0.18  17.95   0.070      35  GATE    
   0.0051     256   0.1562   1.000   0.16  15.62   0.080      40  GATE    
   0.0067     336   0.1458   1.000   0.15  14.58   0.098      49          
   0.0088     442   0.1244   1.000   0.12  12.44   0.110      55          
   0.0116     580   0.1224   0.862   0.14  12.24   0.142      71          
   0.0152     762   0.1142   0.657   0.17  11.42   0.174      87          
   0.0200    1000   0.1020   0.500   0.20  10.20   0.204     102       DET
   0.0300    1500   0.0820   0.333   0.25   8.20   0.246     123       DET
   0.0400    2000   0.0760   0.250   0.30   7.60   0.304     152       DET
   0.0500    2500   0.0668   0.200   0.33   6.68   0.334     167       DET
   0.0600    3000   0.0613   0.167   0.37   6.13   0.368     184       DET
   0.0700    3500   0.0560   0.143   0.39   5.60   0.392     196       DET
   0.0800    4000   0.0530   0.125   0.42   5.30   0.424     212       DET
   0.0900    4500   0.0500   0.111   0.45   5.00   0.450     225       DET
   0.1000    5000   0.0472   0.100   0.47   4.72   0.472     236       DET
   0.1100    5500   0.0442   0.091   0.49   4.42   0.486     243       DET
   0.1200    6000   0.0422   0.083   0.51   4.22   0.506     253       DET
   0.1300    6500   0.0402   0.077   0.52   4.02   0.522     261       DET
   0.1400    7000   0.0379   0.071   0.53   3.79   0.530     265       DET
   0.1500    7500   0.0361   0.067   0.54   3.61   0.542     271       DET
   0.1600    8000   0.0349   0.062   0.56   3.49   0.558     279       DET
   0.1700    8500   0.0335   0.059   0.57   3.35   0.570     285       DET
   0.1800    9000   0.0328   0.056   0.59   3.28   0.590     295       DET
   0.1900    9500   0.0318   0.053   0.60   3.18   0.604     302       DET
   0.2000   10000   0.0308   0.050   0.62   3.08   0.616     308       DET
  campaign cuts: tau_q=0.95: pool=2648 purity=0.0653 n_nov=173  tau_q=0.99: pool=563 purity=0.1208 n_nov=68  tau_q=0.995: pool=291 purity=0.1478 n_nov=43
  BEST usable cut: q=0.0200 purity=0.1020 n_novel=102 (headroom 0.20)

######## cifar100_tau0.05_off_s1: N=50000, base rate b=0.0100 (500 novel), holdouts=[99] ########

  --- scorer 'dist'  (cut-free novel-vs-seen AUC = 0.7451) ---
        q    pool   purity    ceil   head      E   eps_s   n_nov  flags
   0.0010      50   0.0600   1.000   0.06   6.00   0.006       3          
   0.0013      66   0.0455   1.000   0.05   4.55   0.006       3          
   0.0017      86   0.0465   1.000   0.05   4.65   0.008       4          
   0.0023     113   0.0354   1.000   0.04   3.54   0.008       4          
   0.0030     149   0.0403   1.000   0.04   4.03   0.012       6          
   0.0039     195   0.0462   1.000   0.05   4.62   0.018       9          
   0.0051     256   0.0586   1.000   0.06   5.86   0.030      15          
   0.0067     336   0.0536   1.000   0.05   5.36   0.036      18          
   0.0088     442   0.0452   1.000   0.05   4.52   0.040      20          
   0.0116     580   0.0379   0.862   0.04   3.79   0.044      22          
   0.0152     762   0.0302   0.657   0.05   3.02   0.046      23          
   0.0200    1000   0.0340   0.500   0.07   3.40   0.068      34          
   0.0300    1500   0.0253   0.333   0.08   2.53   0.076      38          
   0.0400    2000   0.0275   0.250   0.11   2.75   0.110      55          
   0.0500    2500   0.0272   0.200   0.14   2.72   0.136      68          
   0.0600    3000   0.0280   0.167   0.17   2.80   0.168      84          
   0.0700    3500   0.0286   0.143   0.20   2.86   0.200     100       DET
   0.0800    4000   0.0285   0.125   0.23   2.85   0.228     114       DET
   0.0900    4500   0.0293   0.111   0.26   2.93   0.264     132       DET
   0.1000    5000   0.0292   0.100   0.29   2.92   0.292     146       DET
   0.1100    5500   0.0293   0.091   0.32   2.93   0.322     161       DET
   0.1200    6000   0.0293   0.083   0.35   2.93   0.352     176       DET
   0.1300    6500   0.0294   0.077   0.38   2.94   0.382     191       DET
   0.1400    7000   0.0291   0.071   0.41   2.91   0.408     204       DET
   0.1500    7500   0.0296   0.067   0.44   2.96   0.444     222       DET
   0.1600    8000   0.0291   0.062   0.47   2.91   0.466     233       DET
   0.1700    8500   0.0284   0.059   0.48   2.84   0.482     241       DET
   0.1800    9000   0.0284   0.056   0.51   2.84   0.512     256       DET
   0.1900    9500   0.0282   0.053   0.54   2.82   0.536     268       DET
   0.2000   10000   0.0278   0.050   0.56   2.78   0.556     278       DET
  campaign cuts: tau_q=0.95: pool=2547 purity=0.0283 n_nov=72  tau_q=0.99: pool=516 purity=0.0407 n_nov=21  tau_q=0.995: pool=263 purity=0.0570 n_nov=15
  BEST usable cut: q=0.1500 purity=0.0296 n_novel=222 (headroom 0.44)

  --- scorer 'lid'  (cut-free novel-vs-seen AUC = 0.5320) ---
        q    pool   purity    ceil   head      E   eps_s   n_nov  flags
   0.0010      50   0.0000   1.000   0.00   0.00   0.000       0          
   0.0013      66   0.0000   1.000   0.00   0.00   0.000       0          
   0.0017      86   0.0000   1.000   0.00   0.00   0.000       0          
   0.0023     113   0.0000   1.000   0.00   0.00   0.000       0          
   0.0030     149   0.0000   1.000   0.00   0.00   0.000       0          
   0.0039     195   0.0000   1.000   0.00   0.00   0.000       0          
   0.0051     256   0.0000   1.000   0.00   0.00   0.000       0          
   0.0067     336   0.0000   1.000   0.00   0.00   0.000       0          
   0.0088     442   0.0023   1.000   0.00   0.23   0.002       1          
   0.0116     580   0.0017   0.862   0.00   0.17   0.002       1          
   0.0152     762   0.0026   0.657   0.00   0.26   0.004       2          
   0.0200    1000   0.0020   0.500   0.00   0.20   0.004       2          
   0.0300    1500   0.0047   0.333   0.01   0.47   0.014       7          
   0.0400    2000   0.0050   0.250   0.02   0.50   0.020      10          
   0.0500    2500   0.0052   0.200   0.03   0.52   0.026      13          
   0.0600    3000   0.0057   0.167   0.03   0.57   0.034      17          
   0.0700    3500   0.0063   0.143   0.04   0.63   0.044      22          
   0.0800    4000   0.0063   0.125   0.05   0.62   0.050      25          
   0.0900    4500   0.0076   0.111   0.07   0.76   0.068      34          
   0.1000    5000   0.0078   0.100   0.08   0.78   0.078      39          
   0.1100    5500   0.0080   0.091   0.09   0.80   0.088      44          
   0.1200    6000   0.0077   0.083   0.09   0.77   0.092      46          
   0.1300    6500   0.0078   0.077   0.10   0.78   0.102      51          
   0.1400    7000   0.0077   0.071   0.11   0.77   0.108      54          
   0.1500    7500   0.0080   0.067   0.12   0.80   0.120      60          
   0.1600    8000   0.0079   0.062   0.13   0.79   0.126      63          
   0.1700    8500   0.0078   0.059   0.13   0.78   0.132      66          
   0.1800    9000   0.0077   0.056   0.14   0.77   0.138      69          
   0.1900    9500   0.0079   0.053   0.15   0.79   0.150      75          
   0.2000   10000   0.0081   0.050   0.16   0.81   0.162      81          
  campaign cuts: tau_q=0.95: pool=2488 purity=0.0052 n_nov=13  tau_q=0.99: pool=496 purity=0.0020 n_nov=1  tau_q=0.995: pool=248 purity=0.0000 n_nov=0
  NO usable cut: no q leaves >= 100 novel points

  --- scorer 'np'  (cut-free novel-vs-seen AUC = 0.7018) ---
        q    pool   purity    ceil   head      E   eps_s   n_nov  flags
   0.0010      50   0.3200   1.000   0.32  32.00   0.032      16  GATE    
   0.0013      66   0.2576   1.000   0.26  25.76   0.034      17  GATE    
   0.0017      86   0.2209   1.000   0.22  22.09   0.038      19  GATE    
   0.0023     113   0.1947   1.000   0.19  19.47   0.044      22  GATE    
   0.0030     149   0.1678   1.000   0.17  16.78   0.050      25  GATE    
   0.0039     195   0.1487   1.000   0.15  14.87   0.058      29          
   0.0051     256   0.1523   1.000   0.15  15.23   0.078      39  GATE    
   0.0067     336   0.1280   1.000   0.13  12.80   0.086      43          
   0.0088     442   0.1176   1.000   0.12  11.76   0.104      52          
   0.0116     580   0.1017   0.862   0.12  10.17   0.118      59          
   0.0152     762   0.0892   0.657   0.14   8.92   0.136      68          
   0.0200    1000   0.0850   0.500   0.17   8.50   0.170      85          
   0.0300    1500   0.0707   0.333   0.21   7.07   0.212     106       DET
   0.0400    2000   0.0610   0.250   0.24   6.10   0.244     122       DET
   0.0500    2500   0.0548   0.200   0.27   5.48   0.274     137       DET
   0.0600    3000   0.0507   0.167   0.30   5.07   0.304     152       DET
   0.0700    3500   0.0486   0.143   0.34   4.86   0.340     170       DET
   0.0800    4000   0.0467   0.125   0.37   4.67   0.374     187       DET
   0.0900    4500   0.0431   0.111   0.39   4.31   0.388     194       DET
   0.1000    5000   0.0416   0.100   0.42   4.16   0.416     208       DET
   0.1100    5500   0.0393   0.091   0.43   3.93   0.432     216       DET
   0.1200    6000   0.0375   0.083   0.45   3.75   0.450     225       DET
   0.1300    6500   0.0363   0.077   0.47   3.63   0.472     236       DET
   0.1400    7000   0.0350   0.071   0.49   3.50   0.490     245       DET
   0.1500    7500   0.0335   0.067   0.50   3.35   0.502     251       DET
   0.1600    8000   0.0328   0.062   0.52   3.27   0.524     262       DET
   0.1700    8500   0.0316   0.059   0.54   3.16   0.538     269       DET
   0.1800    9000   0.0306   0.056   0.55   3.06   0.550     275       DET
   0.1900    9500   0.0295   0.053   0.56   2.95   0.560     280       DET
   0.2000   10000   0.0287   0.050   0.57   2.87   0.574     287       DET
  campaign cuts: tau_q=0.95: pool=2620 purity=0.0553 n_nov=145  tau_q=0.99: pool=552 purity=0.1033 n_nov=57  tau_q=0.995: pool=289 purity=0.1419 n_nov=41
  BEST usable cut: q=0.0300 purity=0.0707 n_novel=106 (headroom 0.21)

######## cifar100_tau0.05_off_s2: N=50000, base rate b=0.0100 (500 novel), holdouts=[99] ########

  --- scorer 'dist'  (cut-free novel-vs-seen AUC = 0.6821) ---
        q    pool   purity    ceil   head      E   eps_s   n_nov  flags
   0.0010      50   0.0600   1.000   0.06   6.00   0.006       3          
   0.0013      66   0.0455   1.000   0.05   4.55   0.006       3          
   0.0017      86   0.0465   1.000   0.05   4.65   0.008       4          
   0.0023     113   0.0354   1.000   0.04   3.54   0.008       4          
   0.0030     149   0.0336   1.000   0.03   3.36   0.010       5          
   0.0039     195   0.0308   1.000   0.03   3.08   0.012       6          
   0.0051     256   0.0273   1.000   0.03   2.73   0.014       7          
   0.0067     336   0.0208   1.000   0.02   2.08   0.014       7          
   0.0088     442   0.0181   1.000   0.02   1.81   0.016       8          
   0.0116     580   0.0172   0.862   0.02   1.72   0.020      10          
   0.0152     762   0.0171   0.657   0.03   1.71   0.026      13          
   0.0200    1000   0.0140   0.500   0.03   1.40   0.028      14          
   0.0300    1500   0.0147   0.333   0.04   1.47   0.044      22          
   0.0400    2000   0.0175   0.250   0.07   1.75   0.070      35          
   0.0500    2500   0.0176   0.200   0.09   1.76   0.088      44          
   0.0600    3000   0.0180   0.167   0.11   1.80   0.108      54          
   0.0700    3500   0.0177   0.143   0.12   1.77   0.124      62          
   0.0800    4000   0.0177   0.125   0.14   1.77   0.142      71          
   0.0900    4500   0.0173   0.111   0.16   1.73   0.156      78          
   0.1000    5000   0.0184   0.100   0.18   1.84   0.184      92          
   0.1100    5500   0.0182   0.091   0.20   1.82   0.200     100       DET
   0.1200    6000   0.0187   0.083   0.22   1.87   0.224     112       DET
   0.1300    6500   0.0188   0.077   0.24   1.88   0.244     122       DET
   0.1400    7000   0.0189   0.071   0.26   1.89   0.264     132       DET
   0.1500    7500   0.0192   0.067   0.29   1.92   0.288     144       DET
   0.1600    8000   0.0192   0.062   0.31   1.93   0.308     154       DET
   0.1700    8500   0.0191   0.059   0.32   1.91   0.324     162       DET
   0.1800    9000   0.0184   0.056   0.33   1.84   0.332     166       DET
   0.1900    9500   0.0189   0.053   0.36   1.89   0.360     180       DET
   0.2000   10000   0.0190   0.050   0.38   1.90   0.380     190       DET
  campaign cuts: tau_q=0.95: pool=2519 purity=0.0175 n_nov=44  tau_q=0.99: pool=503 purity=0.0159 n_nov=8  tau_q=0.995: pool=255 purity=0.0275 n_nov=7
  BEST usable cut: q=0.1600 purity=0.0192 n_novel=154 (headroom 0.31)

  --- scorer 'lid'  (cut-free novel-vs-seen AUC = 0.5210) ---
        q    pool   purity    ceil   head      E   eps_s   n_nov  flags
   0.0010      50   0.0200   1.000   0.02   2.00   0.002       1          
   0.0013      66   0.0152   1.000   0.02   1.52   0.002       1          
   0.0017      86   0.0116   1.000   0.01   1.16   0.002       1          
   0.0023     113   0.0088   1.000   0.01   0.88   0.002       1          
   0.0030     149   0.0067   1.000   0.01   0.67   0.002       1          
   0.0039     195   0.0051   1.000   0.01   0.51   0.002       1          
   0.0051     256   0.0078   1.000   0.01   0.78   0.004       2          
   0.0067     336   0.0089   1.000   0.01   0.89   0.006       3          
   0.0088     442   0.0068   1.000   0.01   0.68   0.006       3          
   0.0116     580   0.0069   0.862   0.01   0.69   0.008       4          
   0.0152     762   0.0066   0.657   0.01   0.66   0.010       5          
   0.0200    1000   0.0070   0.500   0.01   0.70   0.014       7          
   0.0300    1500   0.0067   0.333   0.02   0.67   0.020      10          
   0.0400    2000   0.0060   0.250   0.02   0.60   0.024      12          
   0.0500    2500   0.0076   0.200   0.04   0.76   0.038      19          
   0.0600    3000   0.0073   0.167   0.04   0.73   0.044      22          
   0.0700    3500   0.0074   0.143   0.05   0.74   0.052      26          
   0.0800    4000   0.0065   0.125   0.05   0.65   0.052      26          
   0.0900    4500   0.0064   0.111   0.06   0.64   0.058      29          
   0.1000    5000   0.0068   0.100   0.07   0.68   0.068      34          
   0.1100    5500   0.0065   0.091   0.07   0.65   0.072      36          
   0.1200    6000   0.0065   0.083   0.08   0.65   0.078      39          
   0.1300    6500   0.0069   0.077   0.09   0.69   0.090      45          
   0.1400    7000   0.0071   0.071   0.10   0.71   0.100      50          
   0.1500    7500   0.0075   0.067   0.11   0.75   0.112      56          
   0.1600    8000   0.0073   0.062   0.12   0.72   0.116      58          
   0.1700    8500   0.0072   0.059   0.12   0.72   0.122      61          
   0.1800    9000   0.0074   0.056   0.13   0.74   0.134      67          
   0.1900    9500   0.0072   0.053   0.14   0.72   0.136      68          
   0.2000   10000   0.0071   0.050   0.14   0.71   0.142      71          
  campaign cuts: tau_q=0.95: pool=2494 purity=0.0076 n_nov=19  tau_q=0.99: pool=499 purity=0.0080 n_nov=4  tau_q=0.995: pool=250 purity=0.0080 n_nov=2
  NO usable cut: no q leaves >= 100 novel points

  --- scorer 'np'  (cut-free novel-vs-seen AUC = 0.7627) ---
        q    pool   purity    ceil   head      E   eps_s   n_nov  flags
   0.0010      50   0.6000   1.000   0.60  60.00   0.060      30  GATE    
   0.0013      66   0.5152   1.000   0.52  51.52   0.068      34  GATE    
   0.0017      86   0.4767   1.000   0.48  47.67   0.082      41  GATE    
   0.0023     113   0.4425   1.000   0.44  44.25   0.100      50  GATE    
   0.0030     149   0.3960   1.000   0.40  39.60   0.118      59  GATE    
   0.0039     195   0.3795   1.000   0.38  37.95   0.148      74  GATE    
   0.0051     256   0.3203   1.000   0.32  32.03   0.164      82  GATE    
   0.0067     336   0.2738   1.000   0.27  27.38   0.184      92  GATE    
   0.0088     442   0.2330   1.000   0.23  23.30   0.206     103  GATE DET
   0.0116     580   0.2052   0.862   0.24  20.52   0.238     119  GATE DET
   0.0152     762   0.1811   0.657   0.28  18.11   0.276     138  GATE DET
   0.0200    1000   0.1530   0.500   0.31  15.30   0.306     153  GATE DET
   0.0300    1500   0.1233   0.333   0.37  12.33   0.370     185       DET
   0.0400    2000   0.1060   0.250   0.42  10.60   0.424     212       DET
   0.0500    2500   0.0944   0.200   0.47   9.44   0.472     236       DET
   0.0600    3000   0.0820   0.167   0.49   8.20   0.492     246       DET
   0.0700    3500   0.0746   0.143   0.52   7.46   0.522     261       DET
   0.0800    4000   0.0685   0.125   0.55   6.85   0.548     274       DET
   0.0900    4500   0.0638   0.111   0.57   6.38   0.574     287       DET
   0.1000    5000   0.0594   0.100   0.59   5.94   0.594     297       DET
   0.1100    5500   0.0556   0.091   0.61   5.56   0.612     306       DET
   0.1200    6000   0.0527   0.083   0.63   5.27   0.632     316       DET
   0.1300    6500   0.0506   0.077   0.66   5.06   0.658     329       DET
   0.1400    7000   0.0481   0.071   0.67   4.81   0.674     337       DET
   0.1500    7500   0.0460   0.067   0.69   4.60   0.690     345       DET
   0.1600    8000   0.0442   0.062   0.71   4.42   0.708     354       DET
   0.1700    8500   0.0421   0.059   0.72   4.21   0.716     358       DET
   0.1800    9000   0.0406   0.056   0.73   4.06   0.730     365       DET
   0.1900    9500   0.0387   0.053   0.74   3.87   0.736     368       DET
   0.2000   10000   0.0373   0.050   0.75   3.73   0.746     373       DET
  campaign cuts: tau_q=0.95: pool=2714 purity=0.0881 n_nov=239  tau_q=0.99: pool=616 purity=0.1964 n_nov=121  tau_q=0.995: pool=341 purity=0.2727 n_nov=93
  BEST usable cut: q=0.0088 purity=0.2330 n_novel=103 (headroom 0.23)

######## cifar100_tau0.05_on_s0: N=50000, base rate b=0.0100 (500 novel), holdouts=[99] ########

  --- scorer 'dist'  (cut-free novel-vs-seen AUC = 0.4588) ---
        q    pool   purity    ceil   head      E   eps_s   n_nov  flags
   0.0010      50   0.0000   1.000   0.00   0.00   0.000       0          
   0.0013      66   0.0000   1.000   0.00   0.00   0.000       0          
   0.0017      86   0.0000   1.000   0.00   0.00   0.000       0          
   0.0023     113   0.0000   1.000   0.00   0.00   0.000       0          
   0.0030     149   0.0000   1.000   0.00   0.00   0.000       0          
   0.0039     195   0.0000   1.000   0.00   0.00   0.000       0          
   0.0051     256   0.0000   1.000   0.00   0.00   0.000       0          
   0.0067     336   0.0000   1.000   0.00   0.00   0.000       0          
   0.0088     442   0.0000   1.000   0.00   0.00   0.000       0          
   0.0116     580   0.0000   0.862   0.00   0.00   0.000       0          
   0.0152     762   0.0000   0.657   0.00   0.00   0.000       0          
   0.0200    1000   0.0030   0.500   0.01   0.30   0.006       3          
   0.0300    1500   0.0040   0.333   0.01   0.40   0.012       6          
   0.0400    2000   0.0045   0.250   0.02   0.45   0.018       9          
   0.0500    2500   0.0044   0.200   0.02   0.44   0.022      11          
   0.0600    3000   0.0040   0.167   0.02   0.40   0.024      12          
   0.0700    3500   0.0049   0.143   0.03   0.49   0.034      17          
   0.0800    4000   0.0057   0.125   0.05   0.57   0.046      23          
   0.0900    4500   0.0067   0.111   0.06   0.67   0.060      30          
   0.1000    5000   0.0074   0.100   0.07   0.74   0.074      37          
   0.1100    5500   0.0073   0.091   0.08   0.73   0.080      40          
   0.1200    6000   0.0075   0.083   0.09   0.75   0.090      45          
   0.1300    6500   0.0077   0.077   0.10   0.77   0.100      50          
   0.1400    7000   0.0079   0.071   0.11   0.79   0.110      55          
   0.1500    7500   0.0081   0.067   0.12   0.81   0.122      61          
   0.1600    8000   0.0084   0.062   0.13   0.84   0.134      67          
   0.1700    8500   0.0084   0.059   0.14   0.84   0.142      71          
   0.1800    9000   0.0083   0.056   0.15   0.83   0.150      75          
   0.1900    9500   0.0087   0.053   0.17   0.87   0.166      83          
   0.2000   10000   0.0086   0.050   0.17   0.86   0.172      86          
  campaign cuts: tau_q=0.95: pool=2486 purity=0.0044 n_nov=11  tau_q=0.99: pool=495 purity=0.0000 n_nov=0  tau_q=0.995: pool=248 purity=0.0000 n_nov=0
  NO usable cut: no q leaves >= 100 novel points

  --- scorer 'lid'  (cut-free novel-vs-seen AUC = 0.5022) ---
        q    pool   purity    ceil   head      E   eps_s   n_nov  flags
   0.0010      50   0.0200   1.000   0.02   2.00   0.002       1          
   0.0013      66   0.0303   1.000   0.03   3.03   0.004       2          
   0.0017      86   0.0349   1.000   0.03   3.49   0.006       3          
   0.0023     113   0.0265   1.000   0.03   2.65   0.006       3          
   0.0030     149   0.0201   1.000   0.02   2.01   0.006       3          
   0.0039     195   0.0205   1.000   0.02   2.05   0.008       4          
   0.0051     256   0.0195   1.000   0.02   1.95   0.010       5          
   0.0067     336   0.0149   1.000   0.01   1.49   0.010       5          
   0.0088     442   0.0113   1.000   0.01   1.13   0.010       5          
   0.0116     580   0.0086   0.862   0.01   0.86   0.010       5          
   0.0152     762   0.0105   0.657   0.02   1.05   0.016       8          
   0.0200    1000   0.0080   0.500   0.02   0.80   0.016       8          
   0.0300    1500   0.0067   0.333   0.02   0.67   0.020      10          
   0.0400    2000   0.0070   0.250   0.03   0.70   0.028      14          
   0.0500    2500   0.0084   0.200   0.04   0.84   0.042      21          
   0.0600    3000   0.0083   0.167   0.05   0.83   0.050      25          
   0.0700    3500   0.0083   0.143   0.06   0.83   0.058      29          
   0.0800    4000   0.0077   0.125   0.06   0.78   0.062      31          
   0.0900    4500   0.0071   0.111   0.06   0.71   0.064      32          
   0.1000    5000   0.0076   0.100   0.08   0.76   0.076      38          
   0.1100    5500   0.0082   0.091   0.09   0.82   0.090      45          
   0.1200    6000   0.0080   0.083   0.10   0.80   0.096      48          
   0.1300    6500   0.0078   0.077   0.10   0.78   0.102      51          
   0.1400    7000   0.0077   0.071   0.11   0.77   0.108      54          
   0.1500    7500   0.0079   0.067   0.12   0.79   0.118      59          
   0.1600    8000   0.0085   0.062   0.14   0.85   0.136      68          
   0.1700    8500   0.0085   0.059   0.14   0.85   0.144      72          
   0.1800    9000   0.0086   0.056   0.15   0.86   0.154      77          
   0.1900    9500   0.0083   0.053   0.16   0.83   0.158      79          
   0.2000   10000   0.0081   0.050   0.16   0.81   0.162      81          
  campaign cuts: tau_q=0.95: pool=2496 purity=0.0084 n_nov=21  tau_q=0.99: pool=500 purity=0.0100 n_nov=5  tau_q=0.995: pool=253 purity=0.0198 n_nov=5
  NO usable cut: no q leaves >= 100 novel points

  --- scorer 'np'  (cut-free novel-vs-seen AUC = 0.7966) ---
        q    pool   purity    ceil   head      E   eps_s   n_nov  flags
   0.0010      50   0.7000   1.000   0.70  70.00   0.070      35  GATE    
   0.0013      66   0.6970   1.000   0.70  69.70   0.092      46  GATE    
   0.0017      86   0.7209   1.000   0.72  72.09   0.124      62  GATE    
   0.0023     113   0.7257   1.000   0.73  72.57   0.164      82  GATE    
   0.0030     149   0.6980   1.000   0.70  69.80   0.208     104  GATE DET
   0.0039     195   0.6923   1.000   0.69  69.23   0.270     135  GATE DET
   0.0051     256   0.6328   1.000   0.63  63.28   0.324     162  GATE DET
   0.0067     336   0.5685   1.000   0.57  56.85   0.382     191  GATE DET
   0.0088     442   0.4932   1.000   0.49  49.32   0.436     218  GATE DET
   0.0116     580   0.4224   0.862   0.49  42.24   0.490     245  GATE DET
   0.0152     762   0.3648   0.657   0.56  36.48   0.556     278  GATE DET
   0.0200    1000   0.3000   0.500   0.60  30.00   0.600     300  GATE DET
   0.0300    1500   0.2147   0.333   0.64  21.47   0.644     322  GATE DET
   0.0400    2000   0.1645   0.250   0.66  16.45   0.658     329  GATE DET
   0.0500    2500   0.1328   0.200   0.66  13.28   0.664     332       DET
   0.0600    3000   0.1123   0.167   0.67  11.23   0.674     337       DET
   0.0700    3500   0.0966   0.143   0.68   9.66   0.676     338       DET
   0.0800    4000   0.0855   0.125   0.68   8.55   0.684     342       DET
   0.0900    4500   0.0769   0.111   0.69   7.69   0.692     346       DET
   0.1000    5000   0.0696   0.100   0.70   6.96   0.696     348       DET
   0.1100    5500   0.0640   0.091   0.70   6.40   0.704     352       DET
   0.1200    6000   0.0592   0.083   0.71   5.92   0.710     355       DET
   0.1300    6500   0.0549   0.077   0.71   5.49   0.714     357       DET
   0.1400    7000   0.0510   0.071   0.71   5.10   0.714     357       DET
   0.1500    7500   0.0479   0.067   0.72   4.79   0.718     359       DET
   0.1600    8000   0.0454   0.062   0.73   4.54   0.726     363       DET
   0.1700    8500   0.0431   0.059   0.73   4.31   0.732     366       DET
   0.1800    9000   0.0409   0.056   0.74   4.09   0.736     368       DET
   0.1900    9500   0.0392   0.053   0.74   3.92   0.744     372       DET
   0.2000   10000   0.0373   0.050   0.75   3.73   0.746     373       DET
  campaign cuts: tau_q=0.95: pool=2809 purity=0.1189 n_nov=334  tau_q=0.99: pool=775 purity=0.3613 n_nov=280  tau_q=0.995: pool=475 purity=0.4779 n_nov=227
  BEST usable cut: q=0.0030 purity=0.6980 n_novel=104 (headroom 0.70)

######## cifar100_tau0.05_on_s1: N=50000, base rate b=0.0100 (500 novel), holdouts=[99] ########

  --- scorer 'dist'  (cut-free novel-vs-seen AUC = 0.4966) ---
        q    pool   purity    ceil   head      E   eps_s   n_nov  flags
   0.0010      50   0.0000   1.000   0.00   0.00   0.000       0          
   0.0013      66   0.0000   1.000   0.00   0.00   0.000       0          
   0.0017      86   0.0000   1.000   0.00   0.00   0.000       0          
   0.0023     113   0.0000   1.000   0.00   0.00   0.000       0          
   0.0030     149   0.0000   1.000   0.00   0.00   0.000       0          
   0.0039     195   0.0000   1.000   0.00   0.00   0.000       0          
   0.0051     256   0.0000   1.000   0.00   0.00   0.000       0          
   0.0067     336   0.0030   1.000   0.00   0.30   0.002       1          
   0.0088     442   0.0045   1.000   0.00   0.45   0.004       2          
   0.0116     580   0.0034   0.862   0.00   0.34   0.004       2          
   0.0152     762   0.0066   0.657   0.01   0.66   0.010       5          
   0.0200    1000   0.0060   0.500   0.01   0.60   0.012       6          
   0.0300    1500   0.0073   0.333   0.02   0.73   0.022      11          
   0.0400    2000   0.0070   0.250   0.03   0.70   0.028      14          
   0.0500    2500   0.0084   0.200   0.04   0.84   0.042      21          
   0.0600    3000   0.0080   0.167   0.05   0.80   0.048      24          
   0.0700    3500   0.0083   0.143   0.06   0.83   0.058      29          
   0.0800    4000   0.0100   0.125   0.08   1.00   0.080      40          
   0.0900    4500   0.0100   0.111   0.09   1.00   0.090      45          
   0.1000    5000   0.0106   0.100   0.11   1.06   0.106      53          
   0.1100    5500   0.0104   0.091   0.11   1.04   0.114      57          
   0.1200    6000   0.0102   0.083   0.12   1.02   0.122      61          
   0.1300    6500   0.0100   0.077   0.13   1.00   0.130      65          
   0.1400    7000   0.0097   0.071   0.14   0.97   0.136      68          
   0.1500    7500   0.0095   0.067   0.14   0.95   0.142      71          
   0.1600    8000   0.0094   0.062   0.15   0.94   0.150      75          
   0.1700    8500   0.0094   0.059   0.16   0.94   0.160      80          
   0.1800    9000   0.0094   0.056   0.17   0.94   0.170      85          
   0.1900    9500   0.0095   0.053   0.18   0.95   0.180      90          
   0.2000   10000   0.0096   0.050   0.19   0.96   0.192      96          
  campaign cuts: tau_q=0.95: pool=2496 purity=0.0084 n_nov=21  tau_q=0.99: pool=497 purity=0.0040 n_nov=2  tau_q=0.995: pool=248 purity=0.0000 n_nov=0
  NO usable cut: no q leaves >= 100 novel points

  --- scorer 'lid'  (cut-free novel-vs-seen AUC = 0.4923) ---
        q    pool   purity    ceil   head      E   eps_s   n_nov  flags
   0.0010      50   0.0000   1.000   0.00   0.00   0.000       0          
   0.0013      66   0.0000   1.000   0.00   0.00   0.000       0          
   0.0017      86   0.0000   1.000   0.00   0.00   0.000       0          
   0.0023     113   0.0000   1.000   0.00   0.00   0.000       0          
   0.0030     149   0.0000   1.000   0.00   0.00   0.000       0          
   0.0039     195   0.0000   1.000   0.00   0.00   0.000       0          
   0.0051     256   0.0000   1.000   0.00   0.00   0.000       0          
   0.0067     336   0.0030   1.000   0.00   0.30   0.002       1          
   0.0088     442   0.0023   1.000   0.00   0.23   0.002       1          
   0.0116     580   0.0017   0.862   0.00   0.17   0.002       1          
   0.0152     762   0.0026   0.657   0.00   0.26   0.004       2          
   0.0200    1000   0.0030   0.500   0.01   0.30   0.006       3          
   0.0300    1500   0.0027   0.333   0.01   0.27   0.008       4          
   0.0400    2000   0.0035   0.250   0.01   0.35   0.014       7          
   0.0500    2500   0.0056   0.200   0.03   0.56   0.028      14          
   0.0600    3000   0.0067   0.167   0.04   0.67   0.040      20          
   0.0700    3500   0.0066   0.143   0.05   0.66   0.046      23          
   0.0800    4000   0.0065   0.125   0.05   0.65   0.052      26          
   0.0900    4500   0.0071   0.111   0.06   0.71   0.064      32          
   0.1000    5000   0.0074   0.100   0.07   0.74   0.074      37          
   0.1100    5500   0.0076   0.091   0.08   0.76   0.084      42          
   0.1200    6000   0.0075   0.083   0.09   0.75   0.090      45          
   0.1300    6500   0.0074   0.077   0.10   0.74   0.096      48          
   0.1400    7000   0.0074   0.071   0.10   0.74   0.104      52          
   0.1500    7500   0.0076   0.067   0.11   0.76   0.114      57          
   0.1600    8000   0.0075   0.062   0.12   0.75   0.120      60          
   0.1700    8500   0.0079   0.059   0.13   0.79   0.134      67          
   0.1800    9000   0.0082   0.056   0.15   0.82   0.148      74          
   0.1900    9500   0.0081   0.053   0.15   0.81   0.154      77          
   0.2000   10000   0.0080   0.050   0.16   0.80   0.160      80          
  campaign cuts: tau_q=0.95: pool=2489 purity=0.0056 n_nov=14  tau_q=0.99: pool=496 purity=0.0020 n_nov=1  tau_q=0.995: pool=248 purity=0.0000 n_nov=0
  NO usable cut: no q leaves >= 100 novel points

  --- scorer 'np'  (cut-free novel-vs-seen AUC = 0.7430) ---
        q    pool   purity    ceil   head      E   eps_s   n_nov  flags
   0.0010      50   0.8800   1.000   0.88  88.00   0.088      44  GATE    
   0.0013      66   0.8485   1.000   0.85  84.85   0.112      56  GATE    
   0.0017      86   0.8023   1.000   0.80  80.23   0.138      69  GATE    
   0.0023     113   0.7257   1.000   0.73  72.57   0.164      82  GATE    
   0.0030     149   0.6174   1.000   0.62  61.74   0.184      92  GATE    
   0.0039     195   0.5179   1.000   0.52  51.79   0.202     101  GATE DET
   0.0051     256   0.4414   1.000   0.44  44.14   0.226     113  GATE DET
   0.0067     336   0.3601   1.000   0.36  36.01   0.242     121  GATE DET
   0.0088     442   0.2896   1.000   0.29  28.96   0.256     128  GATE DET
   0.0116     580   0.2431   0.862   0.28  24.31   0.282     141  GATE DET
   0.0152     762   0.1955   0.657   0.30  19.55   0.298     149  GATE DET
   0.0200    1000   0.1630   0.500   0.33  16.30   0.326     163  GATE DET
   0.0300    1500   0.1207   0.333   0.36  12.07   0.362     181       DET
   0.0400    2000   0.0960   0.250   0.38   9.60   0.384     192       DET
   0.0500    2500   0.0816   0.200   0.41   8.16   0.408     204       DET
   0.0600    3000   0.0707   0.167   0.42   7.07   0.424     212       DET
   0.0700    3500   0.0620   0.143   0.43   6.20   0.434     217       DET
   0.0800    4000   0.0553   0.125   0.44   5.53   0.442     221       DET
   0.0900    4500   0.0507   0.111   0.46   5.07   0.456     228       DET
   0.1000    5000   0.0464   0.100   0.46   4.64   0.464     232       DET
   0.1100    5500   0.0427   0.091   0.47   4.27   0.470     235       DET
   0.1200    6000   0.0410   0.083   0.49   4.10   0.492     246       DET
   0.1300    6500   0.0386   0.077   0.50   3.86   0.502     251       DET
   0.1400    7000   0.0366   0.071   0.51   3.66   0.512     256       DET
   0.1500    7500   0.0345   0.067   0.52   3.45   0.518     259       DET
   0.1600    8000   0.0326   0.062   0.52   3.26   0.522     261       DET
   0.1700    8500   0.0313   0.059   0.53   3.13   0.532     266       DET
   0.1800    9000   0.0300   0.056   0.54   3.00   0.540     270       DET
   0.1900    9500   0.0287   0.053   0.55   2.87   0.546     273       DET
   0.2000   10000   0.0278   0.050   0.56   2.78   0.556     278       DET
  campaign cuts: tau_q=0.95: pool=2683 purity=0.0775 n_nov=208  tau_q=0.99: pool=639 purity=0.2254 n_nov=144  tau_q=0.995: pool=371 purity=0.3315 n_nov=123
  BEST usable cut: q=0.0039 purity=0.5179 n_novel=101 (headroom 0.52)

######## cifar100_tau0.05_on_s2: N=50000, base rate b=0.0100 (500 novel), holdouts=[99] ########

  --- scorer 'dist'  (cut-free novel-vs-seen AUC = 0.4400) ---
        q    pool   purity    ceil   head      E   eps_s   n_nov  flags
   0.0010      50   0.0000   1.000   0.00   0.00   0.000       0          
   0.0013      66   0.0000   1.000   0.00   0.00   0.000       0          
   0.0017      86   0.0000   1.000   0.00   0.00   0.000       0          
   0.0023     113   0.0000   1.000   0.00   0.00   0.000       0          
   0.0030     149   0.0000   1.000   0.00   0.00   0.000       0          
   0.0039     195   0.0000   1.000   0.00   0.00   0.000       0          
   0.0051     256   0.0000   1.000   0.00   0.00   0.000       0          
   0.0067     336   0.0000   1.000   0.00   0.00   0.000       0          
   0.0088     442   0.0000   1.000   0.00   0.00   0.000       0          
   0.0116     580   0.0000   0.862   0.00   0.00   0.000       0          
   0.0152     762   0.0000   0.657   0.00   0.00   0.000       0          
   0.0200    1000   0.0000   0.500   0.00   0.00   0.000       0          
   0.0300    1500   0.0027   0.333   0.01   0.27   0.008       4          
   0.0400    2000   0.0025   0.250   0.01   0.25   0.010       5          
   0.0500    2500   0.0032   0.200   0.02   0.32   0.016       8          
   0.0600    3000   0.0033   0.167   0.02   0.33   0.020      10          
   0.0700    3500   0.0029   0.143   0.02   0.29   0.020      10          
   0.0800    4000   0.0030   0.125   0.02   0.30   0.024      12          
   0.0900    4500   0.0038   0.111   0.03   0.38   0.034      17          
   0.1000    5000   0.0042   0.100   0.04   0.42   0.042      21          
   0.1100    5500   0.0053   0.091   0.06   0.53   0.058      29          
   0.1200    6000   0.0057   0.083   0.07   0.57   0.068      34          
   0.1300    6500   0.0057   0.077   0.07   0.57   0.074      37          
   0.1400    7000   0.0057   0.071   0.08   0.57   0.080      40          
   0.1500    7500   0.0059   0.067   0.09   0.59   0.088      44          
   0.1600    8000   0.0059   0.062   0.09   0.59   0.094      47          
   0.1700    8500   0.0062   0.059   0.11   0.62   0.106      53          
   0.1800    9000   0.0063   0.056   0.11   0.63   0.114      57          
   0.1900    9500   0.0067   0.053   0.13   0.67   0.128      64          
   0.2000   10000   0.0067   0.050   0.13   0.67   0.134      67          
  campaign cuts: tau_q=0.95: pool=2483 purity=0.0032 n_nov=8  tau_q=0.99: pool=495 purity=0.0000 n_nov=0  tau_q=0.995: pool=248 purity=0.0000 n_nov=0
  NO usable cut: no q leaves >= 100 novel points

  --- scorer 'lid'  (cut-free novel-vs-seen AUC = 0.5591) ---
        q    pool   purity    ceil   head      E   eps_s   n_nov  flags
   0.0010      50   0.0000   1.000   0.00   0.00   0.000       0          
   0.0013      66   0.0000   1.000   0.00   0.00   0.000       0          
   0.0017      86   0.0000   1.000   0.00   0.00   0.000       0          
   0.0023     113   0.0000   1.000   0.00   0.00   0.000       0          
   0.0030     149   0.0067   1.000   0.01   0.67   0.002       1          
   0.0039     195   0.0051   1.000   0.01   0.51   0.002       1          
   0.0051     256   0.0117   1.000   0.01   1.17   0.006       3          
   0.0067     336   0.0149   1.000   0.01   1.49   0.010       5          
   0.0088     442   0.0136   1.000   0.01   1.36   0.012       6          
   0.0116     580   0.0103   0.862   0.01   1.03   0.012       6          
   0.0152     762   0.0105   0.657   0.02   1.05   0.016       8          
   0.0200    1000   0.0110   0.500   0.02   1.10   0.022      11          
   0.0300    1500   0.0100   0.333   0.03   1.00   0.030      15          
   0.0400    2000   0.0080   0.250   0.03   0.80   0.032      16          
   0.0500    2500   0.0080   0.200   0.04   0.80   0.040      20          
   0.0600    3000   0.0077   0.167   0.05   0.77   0.046      23          
   0.0700    3500   0.0077   0.143   0.05   0.77   0.054      27          
   0.0800    4000   0.0080   0.125   0.06   0.80   0.064      32          
   0.0900    4500   0.0082   0.111   0.07   0.82   0.074      37          
   0.1000    5000   0.0078   0.100   0.08   0.78   0.078      39          
   0.1100    5500   0.0075   0.091   0.08   0.75   0.082      41          
   0.1200    6000   0.0073   0.083   0.09   0.73   0.088      44          
   0.1300    6500   0.0078   0.077   0.10   0.78   0.102      51          
   0.1400    7000   0.0077   0.071   0.11   0.77   0.108      54          
   0.1500    7500   0.0083   0.067   0.12   0.83   0.124      62          
   0.1600    8000   0.0079   0.062   0.13   0.79   0.126      63          
   0.1700    8500   0.0079   0.059   0.13   0.79   0.134      67          
   0.1800    9000   0.0079   0.056   0.14   0.79   0.142      71          
   0.1900    9500   0.0083   0.053   0.16   0.83   0.158      79          
   0.2000   10000   0.0084   0.050   0.17   0.84   0.168      84          
  campaign cuts: tau_q=0.95: pool=2495 purity=0.0080 n_nov=20  tau_q=0.99: pool=501 purity=0.0120 n_nov=6  tau_q=0.995: pool=251 purity=0.0120 n_nov=3
  NO usable cut: no q leaves >= 100 novel points

  --- scorer 'np'  (cut-free novel-vs-seen AUC = 0.8353) ---
        q    pool   purity    ceil   head      E   eps_s   n_nov  flags
   0.0010      50   0.7200   1.000   0.72  72.00   0.072      36  GATE    
   0.0013      66   0.7273   1.000   0.73  72.73   0.096      48  GATE    
   0.0017      86   0.7209   1.000   0.72  72.09   0.124      62  GATE    
   0.0023     113   0.6991   1.000   0.70  69.91   0.158      79  GATE    
   0.0030     149   0.6174   1.000   0.62  61.74   0.184      92  GATE    
   0.0039     195   0.5231   1.000   0.52  52.31   0.204     102  GATE DET
   0.0051     256   0.4258   1.000   0.43  42.58   0.218     109  GATE DET
   0.0067     336   0.3452   1.000   0.35  34.52   0.232     116  GATE DET
   0.0088     442   0.2851   1.000   0.29  28.51   0.252     126  GATE DET
   0.0116     580   0.2328   0.862   0.27  23.28   0.270     135  GATE DET
   0.0152     762   0.1942   0.657   0.30  19.42   0.296     148  GATE DET
   0.0200    1000   0.1650   0.500   0.33  16.50   0.330     165  GATE DET
   0.0300    1500   0.1240   0.333   0.37  12.40   0.372     186       DET
   0.0400    2000   0.1035   0.250   0.41  10.35   0.414     207       DET
   0.0500    2500   0.0868   0.200   0.43   8.68   0.434     217       DET
   0.0600    3000   0.0773   0.167   0.46   7.73   0.464     232       DET
   0.0700    3500   0.0689   0.143   0.48   6.89   0.482     241       DET
   0.0800    4000   0.0625   0.125   0.50   6.25   0.500     250       DET
   0.0900    4500   0.0582   0.111   0.52   5.82   0.524     262       DET
   0.1000    5000   0.0564   0.100   0.56   5.64   0.564     282       DET
   0.1100    5500   0.0538   0.091   0.59   5.38   0.592     296       DET
   0.1200    6000   0.0510   0.083   0.61   5.10   0.612     306       DET
   0.1300    6500   0.0494   0.077   0.64   4.94   0.642     321       DET
   0.1400    7000   0.0489   0.071   0.68   4.89   0.684     342       DET
   0.1500    7500   0.0488   0.067   0.73   4.88   0.732     366       DET
   0.1600    8000   0.0470   0.062   0.75   4.70   0.752     376       DET
   0.1700    8500   0.0453   0.059   0.77   4.53   0.770     385       DET
   0.1800    9000   0.0438   0.056   0.79   4.38   0.788     394       DET
   0.1900    9500   0.0421   0.053   0.80   4.21   0.800     400       DET
   0.2000   10000   0.0408   0.050   0.82   4.08   0.816     408       DET
  campaign cuts: tau_q=0.95: pool=2697 purity=0.0823 n_nov=222  tau_q=0.99: pool=632 purity=0.2168 n_nov=137  tau_q=0.995: pool=366 purity=0.3224 n_nov=118
  BEST usable cut: q=0.0039 purity=0.5231 n_novel=102 (headroom 0.52)

######## cifar100_tau0.1_off_s0: N=50000, base rate b=0.0100 (500 novel), holdouts=[99] ########

  --- scorer 'dist'  (cut-free novel-vs-seen AUC = 0.7173) ---
        q    pool   purity    ceil   head      E   eps_s   n_nov  flags
   0.0010      50   0.1600   1.000   0.16  16.00   0.016       8  GATE    
   0.0013      66   0.1515   1.000   0.15  15.15   0.020      10  GATE    
   0.0017      86   0.1395   1.000   0.14  13.95   0.024      12          
   0.0023     113   0.1327   1.000   0.13  13.27   0.030      15          
   0.0030     149   0.1141   1.000   0.11  11.41   0.034      17          
   0.0039     195   0.0974   1.000   0.10   9.74   0.038      19          
   0.0051     256   0.0938   1.000   0.09   9.38   0.048      24          
   0.0067     336   0.0863   1.000   0.09   8.63   0.058      29          
   0.0088     442   0.0837   1.000   0.08   8.37   0.074      37          
   0.0116     580   0.0724   0.862   0.08   7.24   0.084      42          
   0.0152     762   0.0656   0.657   0.10   6.56   0.100      50          
   0.0200    1000   0.0600   0.500   0.12   6.00   0.120      60          
   0.0300    1500   0.0527   0.333   0.16   5.27   0.158      79          
   0.0400    2000   0.0500   0.250   0.20   5.00   0.200     100       DET
   0.0500    2500   0.0476   0.200   0.24   4.76   0.238     119       DET
   0.0600    3000   0.0447   0.167   0.27   4.47   0.268     134       DET
   0.0700    3500   0.0417   0.143   0.29   4.17   0.292     146       DET
   0.0800    4000   0.0390   0.125   0.31   3.90   0.312     156       DET
   0.0900    4500   0.0389   0.111   0.35   3.89   0.350     175       DET
   0.1000    5000   0.0368   0.100   0.37   3.68   0.368     184       DET
   0.1100    5500   0.0353   0.091   0.39   3.53   0.388     194       DET
   0.1200    6000   0.0340   0.083   0.41   3.40   0.408     204       DET
   0.1300    6500   0.0318   0.077   0.41   3.18   0.414     207       DET
   0.1400    7000   0.0307   0.071   0.43   3.07   0.430     215       DET
   0.1500    7500   0.0295   0.067   0.44   2.95   0.442     221       DET
   0.1600    8000   0.0280   0.062   0.45   2.80   0.448     224       DET
   0.1700    8500   0.0272   0.059   0.46   2.72   0.462     231       DET
   0.1800    9000   0.0264   0.056   0.48   2.64   0.476     238       DET
   0.1900    9500   0.0254   0.053   0.48   2.54   0.482     241       DET
   0.2000   10000   0.0249   0.050   0.50   2.49   0.498     249       DET
  campaign cuts: tau_q=0.95: pool=2595 purity=0.0462 n_nov=120  tau_q=0.99: pool=536 purity=0.0765 n_nov=41  tau_q=0.995: pool=273 purity=0.0916 n_nov=25
  BEST usable cut: q=0.0400 purity=0.0500 n_novel=100 (headroom 0.20)

  --- scorer 'lid'  (cut-free novel-vs-seen AUC = 0.4288) ---
        q    pool   purity    ceil   head      E   eps_s   n_nov  flags
   0.0010      50   0.0000   1.000   0.00   0.00   0.000       0          
   0.0013      66   0.0000   1.000   0.00   0.00   0.000       0          
   0.0017      86   0.0000   1.000   0.00   0.00   0.000       0          
   0.0023     113   0.0000   1.000   0.00   0.00   0.000       0          
   0.0030     149   0.0000   1.000   0.00   0.00   0.000       0          
   0.0039     195   0.0000   1.000   0.00   0.00   0.000       0          
   0.0051     256   0.0000   1.000   0.00   0.00   0.000       0          
   0.0067     336   0.0000   1.000   0.00   0.00   0.000       0          
   0.0088     442   0.0023   1.000   0.00   0.23   0.002       1          
   0.0116     580   0.0052   0.862   0.01   0.52   0.006       3          
   0.0152     762   0.0052   0.657   0.01   0.52   0.008       4          
   0.0200    1000   0.0050   0.500   0.01   0.50   0.010       5          
   0.0300    1500   0.0033   0.333   0.01   0.33   0.010       5          
   0.0400    2000   0.0040   0.250   0.02   0.40   0.016       8          
   0.0500    2500   0.0048   0.200   0.02   0.48   0.024      12          
   0.0600    3000   0.0050   0.167   0.03   0.50   0.030      15          
   0.0700    3500   0.0046   0.143   0.03   0.46   0.032      16          
   0.0800    4000   0.0063   0.125   0.05   0.62   0.050      25          
   0.0900    4500   0.0062   0.111   0.06   0.62   0.056      28          
   0.1000    5000   0.0060   0.100   0.06   0.60   0.060      30          
   0.1100    5500   0.0064   0.091   0.07   0.64   0.070      35          
   0.1200    6000   0.0063   0.083   0.08   0.63   0.076      38          
   0.1300    6500   0.0066   0.077   0.09   0.66   0.086      43          
   0.1400    7000   0.0063   0.071   0.09   0.63   0.088      44          
   0.1500    7500   0.0064   0.067   0.10   0.64   0.096      48          
   0.1600    8000   0.0064   0.062   0.10   0.64   0.102      51          
   0.1700    8500   0.0065   0.059   0.11   0.65   0.110      55          
   0.1800    9000   0.0063   0.056   0.11   0.63   0.114      57          
   0.1900    9500   0.0065   0.053   0.12   0.65   0.124      62          
   0.2000   10000   0.0067   0.050   0.13   0.67   0.134      67          
  campaign cuts: tau_q=0.95: pool=2487 purity=0.0048 n_nov=12  tau_q=0.99: pool=497 purity=0.0040 n_nov=2  tau_q=0.995: pool=248 purity=0.0000 n_nov=0
  NO usable cut: no q leaves >= 100 novel points

  --- scorer 'np'  (cut-free novel-vs-seen AUC = 0.7377) ---
        q    pool   purity    ceil   head      E   eps_s   n_nov  flags
   0.0010      50   0.4400   1.000   0.44  44.00   0.044      22  GATE    
   0.0013      66   0.3939   1.000   0.39  39.39   0.052      26  GATE    
   0.0017      86   0.4070   1.000   0.41  40.70   0.070      35  GATE    
   0.0023     113   0.3628   1.000   0.36  36.28   0.082      41  GATE    
   0.0030     149   0.3490   1.000   0.35  34.90   0.104      52  GATE    
   0.0039     195   0.3026   1.000   0.30  30.26   0.118      59  GATE    
   0.0051     256   0.2852   1.000   0.29  28.52   0.146      73  GATE    
   0.0067     336   0.2708   1.000   0.27  27.08   0.182      91  GATE    
   0.0088     442   0.2308   1.000   0.23  23.08   0.204     102  GATE DET
   0.0116     580   0.2086   0.862   0.24  20.86   0.242     121  GATE DET
   0.0152     762   0.1732   0.657   0.26  17.32   0.264     132  GATE DET
   0.0200    1000   0.1530   0.500   0.31  15.30   0.306     153  GATE DET
   0.0300    1500   0.1180   0.333   0.35  11.80   0.354     177       DET
   0.0400    2000   0.1005   0.250   0.40  10.05   0.402     201       DET
   0.0500    2500   0.0904   0.200   0.45   9.04   0.452     226       DET
   0.0600    3000   0.0790   0.167   0.47   7.90   0.474     237       DET
   0.0700    3500   0.0709   0.143   0.50   7.09   0.496     248       DET
   0.0800    4000   0.0645   0.125   0.52   6.45   0.516     258       DET
   0.0900    4500   0.0596   0.111   0.54   5.96   0.536     268       DET
   0.1000    5000   0.0548   0.100   0.55   5.48   0.548     274       DET
   0.1100    5500   0.0516   0.091   0.57   5.16   0.568     284       DET
   0.1200    6000   0.0490   0.083   0.59   4.90   0.588     294       DET
   0.1300    6500   0.0466   0.077   0.61   4.66   0.606     303       DET
   0.1400    7000   0.0443   0.071   0.62   4.43   0.620     310       DET
   0.1500    7500   0.0421   0.067   0.63   4.21   0.632     316       DET
   0.1600    8000   0.0399   0.062   0.64   3.99   0.638     319       DET
   0.1700    8500   0.0381   0.059   0.65   3.81   0.648     324       DET
   0.1800    9000   0.0366   0.056   0.66   3.66   0.658     329       DET
   0.1900    9500   0.0349   0.053   0.66   3.49   0.664     332       DET
   0.2000   10000   0.0334   0.050   0.67   3.34   0.668     334       DET
  campaign cuts: tau_q=0.95: pool=2706 purity=0.0854 n_nov=231  tau_q=0.99: pool=618 purity=0.1990 n_nov=123  tau_q=0.995: pool=339 purity=0.2684 n_nov=91
  BEST usable cut: q=0.0088 purity=0.2308 n_novel=102 (headroom 0.23)

######## cifar100_tau0.1_off_s1: N=50000, base rate b=0.0100 (500 novel), holdouts=[99] ########

  --- scorer 'dist'  (cut-free novel-vs-seen AUC = 0.7420) ---
        q    pool   purity    ceil   head      E   eps_s   n_nov  flags
   0.0010      50   0.0600   1.000   0.06   6.00   0.006       3          
   0.0013      66   0.0455   1.000   0.05   4.55   0.006       3          
   0.0017      86   0.0465   1.000   0.05   4.65   0.008       4          
   0.0023     113   0.0619   1.000   0.06   6.19   0.014       7          
   0.0030     149   0.0537   1.000   0.05   5.37   0.016       8          
   0.0039     195   0.0667   1.000   0.07   6.67   0.026      13          
   0.0051     256   0.0781   1.000   0.08   7.81   0.040      20          
   0.0067     336   0.0833   1.000   0.08   8.33   0.056      28          
   0.0088     442   0.0747   1.000   0.07   7.47   0.066      33          
   0.0116     580   0.0638   0.862   0.07   6.38   0.074      37          
   0.0152     762   0.0538   0.657   0.08   5.38   0.082      41          
   0.0200    1000   0.0540   0.500   0.11   5.40   0.108      54          
   0.0300    1500   0.0507   0.333   0.15   5.07   0.152      76          
   0.0400    2000   0.0455   0.250   0.18   4.55   0.182      91          
   0.0500    2500   0.0424   0.200   0.21   4.24   0.212     106       DET
   0.0600    3000   0.0420   0.167   0.25   4.20   0.252     126       DET
   0.0700    3500   0.0414   0.143   0.29   4.14   0.290     145       DET
   0.0800    4000   0.0385   0.125   0.31   3.85   0.308     154       DET
   0.0900    4500   0.0371   0.111   0.33   3.71   0.334     167       DET
   0.1000    5000   0.0358   0.100   0.36   3.58   0.358     179       DET
   0.1100    5500   0.0344   0.091   0.38   3.44   0.378     189       DET
   0.1200    6000   0.0328   0.083   0.39   3.28   0.394     197       DET
   0.1300    6500   0.0315   0.077   0.41   3.15   0.410     205       DET
   0.1400    7000   0.0307   0.071   0.43   3.07   0.430     215       DET
   0.1500    7500   0.0299   0.067   0.45   2.99   0.448     224       DET
   0.1600    8000   0.0290   0.062   0.46   2.90   0.464     232       DET
   0.1700    8500   0.0281   0.059   0.48   2.81   0.478     239       DET
   0.1800    9000   0.0276   0.056   0.50   2.76   0.496     248       DET
   0.1900    9500   0.0267   0.053   0.51   2.67   0.508     254       DET
   0.2000   10000   0.0261   0.050   0.52   2.61   0.522     261       DET
  campaign cuts: tau_q=0.95: pool=2587 purity=0.0433 n_nov=112  tau_q=0.99: pool=530 purity=0.0660 n_nov=35  tau_q=0.995: pool=270 purity=0.0815 n_nov=22
  BEST usable cut: q=0.0500 purity=0.0424 n_novel=106 (headroom 0.21)

  --- scorer 'lid'  (cut-free novel-vs-seen AUC = 0.4909) ---
        q    pool   purity    ceil   head      E   eps_s   n_nov  flags
   0.0010      50   0.0000   1.000   0.00   0.00   0.000       0          
   0.0013      66   0.0000   1.000   0.00   0.00   0.000       0          
   0.0017      86   0.0000   1.000   0.00   0.00   0.000       0          
   0.0023     113   0.0000   1.000   0.00   0.00   0.000       0          
   0.0030     149   0.0000   1.000   0.00   0.00   0.000       0          
   0.0039     195   0.0103   1.000   0.01   1.03   0.004       2          
   0.0051     256   0.0078   1.000   0.01   0.78   0.004       2          
   0.0067     336   0.0089   1.000   0.01   0.89   0.006       3          
   0.0088     442   0.0113   1.000   0.01   1.13   0.010       5          
   0.0116     580   0.0121   0.862   0.01   1.21   0.014       7          
   0.0152     762   0.0105   0.657   0.02   1.05   0.016       8          
   0.0200    1000   0.0090   0.500   0.02   0.90   0.018       9          
   0.0300    1500   0.0100   0.333   0.03   1.00   0.030      15          
   0.0400    2000   0.0090   0.250   0.04   0.90   0.036      18          
   0.0500    2500   0.0076   0.200   0.04   0.76   0.038      19          
   0.0600    3000   0.0067   0.167   0.04   0.67   0.040      20          
   0.0700    3500   0.0074   0.143   0.05   0.74   0.052      26          
   0.0800    4000   0.0075   0.125   0.06   0.75   0.060      30          
   0.0900    4500   0.0082   0.111   0.07   0.82   0.074      37          
   0.1000    5000   0.0080   0.100   0.08   0.80   0.080      40          
   0.1100    5500   0.0078   0.091   0.09   0.78   0.086      43          
   0.1200    6000   0.0072   0.083   0.09   0.72   0.086      43          
   0.1300    6500   0.0071   0.077   0.09   0.71   0.092      46          
   0.1400    7000   0.0069   0.071   0.10   0.69   0.096      48          
   0.1500    7500   0.0072   0.067   0.11   0.72   0.108      54          
   0.1600    8000   0.0070   0.062   0.11   0.70   0.112      56          
   0.1700    8500   0.0072   0.059   0.12   0.72   0.122      61          
   0.1800    9000   0.0069   0.056   0.12   0.69   0.124      62          
   0.1900    9500   0.0068   0.053   0.13   0.68   0.130      65          
   0.2000   10000   0.0067   0.050   0.13   0.67   0.134      67          
  campaign cuts: tau_q=0.95: pool=2494 purity=0.0076 n_nov=19  tau_q=0.99: pool=501 purity=0.0120 n_nov=6  tau_q=0.995: pool=250 purity=0.0080 n_nov=2
  NO usable cut: no q leaves >= 100 novel points

  --- scorer 'np'  (cut-free novel-vs-seen AUC = 0.7402) ---
        q    pool   purity    ceil   head      E   eps_s   n_nov  flags
   0.0010      50   0.2400   1.000   0.24  24.00   0.024      12  GATE    
   0.0013      66   0.1970   1.000   0.20  19.70   0.026      13  GATE    
   0.0017      86   0.2093   1.000   0.21  20.93   0.036      18  GATE    
   0.0023     113   0.1858   1.000   0.19  18.58   0.042      21  GATE    
   0.0030     149   0.1745   1.000   0.17  17.45   0.052      26  GATE    
   0.0039     195   0.1692   1.000   0.17  16.92   0.066      33  GATE    
   0.0051     256   0.1484   1.000   0.15  14.84   0.076      38          
   0.0067     336   0.1220   1.000   0.12  12.20   0.082      41          
   0.0088     442   0.1086   1.000   0.11  10.86   0.096      48          
   0.0116     580   0.1069   0.862   0.12  10.69   0.124      62          
   0.0152     762   0.0997   0.657   0.15   9.97   0.152      76          
   0.0200    1000   0.0960   0.500   0.19   9.60   0.192      96          
   0.0300    1500   0.0840   0.333   0.25   8.40   0.252     126       DET
   0.0400    2000   0.0765   0.250   0.31   7.65   0.306     153       DET
   0.0500    2500   0.0696   0.200   0.35   6.96   0.348     174       DET
   0.0600    3000   0.0650   0.167   0.39   6.50   0.390     195       DET
   0.0700    3500   0.0586   0.143   0.41   5.86   0.410     205       DET
   0.0800    4000   0.0535   0.125   0.43   5.35   0.428     214       DET
   0.0900    4500   0.0502   0.111   0.45   5.02   0.452     226       DET
   0.1000    5000   0.0476   0.100   0.48   4.76   0.476     238       DET
   0.1100    5500   0.0451   0.091   0.50   4.51   0.496     248       DET
   0.1200    6000   0.0435   0.083   0.52   4.35   0.522     261       DET
   0.1300    6500   0.0417   0.077   0.54   4.17   0.542     271       DET
   0.1400    7000   0.0400   0.071   0.56   4.00   0.560     280       DET
   0.1500    7500   0.0385   0.067   0.58   3.85   0.578     289       DET
   0.1600    8000   0.0370   0.062   0.59   3.70   0.592     296       DET
   0.1700    8500   0.0353   0.059   0.60   3.53   0.600     300       DET
   0.1800    9000   0.0344   0.056   0.62   3.44   0.620     310       DET
   0.1900    9500   0.0336   0.053   0.64   3.36   0.638     319       DET
   0.2000   10000   0.0325   0.050   0.65   3.25   0.650     325       DET
  campaign cuts: tau_q=0.95: pool=2657 purity=0.0685 n_nov=182  tau_q=0.99: pool=553 purity=0.1049 n_nov=58  tau_q=0.995: pool=288 purity=0.1389 n_nov=40
  BEST usable cut: q=0.0300 purity=0.0840 n_novel=126 (headroom 0.25)

######## cifar100_tau0.1_off_s2: N=50000, base rate b=0.0100 (500 novel), holdouts=[99] ########

  --- scorer 'dist'  (cut-free novel-vs-seen AUC = 0.6910) ---
        q    pool   purity    ceil   head      E   eps_s   n_nov  flags
   0.0010      50   0.0600   1.000   0.06   6.00   0.006       3          
   0.0013      66   0.0455   1.000   0.05   4.55   0.006       3          
   0.0017      86   0.0349   1.000   0.03   3.49   0.006       3          
   0.0023     113   0.0442   1.000   0.04   4.42   0.010       5          
   0.0030     149   0.0537   1.000   0.05   5.37   0.016       8          
   0.0039     195   0.0410   1.000   0.04   4.10   0.016       8          
   0.0051     256   0.0430   1.000   0.04   4.30   0.022      11          
   0.0067     336   0.0327   1.000   0.03   3.27   0.022      11          
   0.0088     442   0.0271   1.000   0.03   2.71   0.024      12          
   0.0116     580   0.0241   0.862   0.03   2.41   0.028      14          
   0.0152     762   0.0236   0.657   0.04   2.36   0.036      18          
   0.0200    1000   0.0280   0.500   0.06   2.80   0.056      28          
   0.0300    1500   0.0293   0.333   0.09   2.93   0.088      44          
   0.0400    2000   0.0270   0.250   0.11   2.70   0.108      54          
   0.0500    2500   0.0244   0.200   0.12   2.44   0.122      61          
   0.0600    3000   0.0233   0.167   0.14   2.33   0.140      70          
   0.0700    3500   0.0246   0.143   0.17   2.46   0.172      86          
   0.0800    4000   0.0250   0.125   0.20   2.50   0.200     100       DET
   0.0900    4500   0.0249   0.111   0.22   2.49   0.224     112       DET
   0.1000    5000   0.0234   0.100   0.23   2.34   0.234     117       DET
   0.1100    5500   0.0227   0.091   0.25   2.27   0.250     125       DET
   0.1200    6000   0.0218   0.083   0.26   2.18   0.262     131       DET
   0.1300    6500   0.0215   0.077   0.28   2.15   0.280     140       DET
   0.1400    7000   0.0213   0.071   0.30   2.13   0.298     149       DET
   0.1500    7500   0.0211   0.067   0.32   2.11   0.316     158       DET
   0.1600    8000   0.0210   0.062   0.34   2.10   0.336     168       DET
   0.1700    8500   0.0213   0.059   0.36   2.13   0.362     181       DET
   0.1800    9000   0.0207   0.056   0.37   2.07   0.372     186       DET
   0.1900    9500   0.0209   0.053   0.40   2.09   0.398     199       DET
   0.2000   10000   0.0206   0.050   0.41   2.06   0.412     206       DET
  campaign cuts: tau_q=0.95: pool=2537 purity=0.0244 n_nov=62  tau_q=0.99: pool=508 purity=0.0256 n_nov=13  tau_q=0.995: pool=259 purity=0.0425 n_nov=11
  BEST usable cut: q=0.0800 purity=0.0250 n_novel=100 (headroom 0.20)

  --- scorer 'lid'  (cut-free novel-vs-seen AUC = 0.5793) ---
        q    pool   purity    ceil   head      E   eps_s   n_nov  flags
   0.0010      50   0.0000   1.000   0.00   0.00   0.000       0          
   0.0013      66   0.0152   1.000   0.02   1.52   0.002       1          
   0.0017      86   0.0116   1.000   0.01   1.16   0.002       1          
   0.0023     113   0.0088   1.000   0.01   0.88   0.002       1          
   0.0030     149   0.0134   1.000   0.01   1.34   0.004       2          
   0.0039     195   0.0154   1.000   0.02   1.54   0.006       3          
   0.0051     256   0.0117   1.000   0.01   1.17   0.006       3          
   0.0067     336   0.0089   1.000   0.01   0.89   0.006       3          
   0.0088     442   0.0090   1.000   0.01   0.90   0.008       4          
   0.0116     580   0.0069   0.862   0.01   0.69   0.008       4          
   0.0152     762   0.0079   0.657   0.01   0.79   0.012       6          
   0.0200    1000   0.0060   0.500   0.01   0.60   0.012       6          
   0.0300    1500   0.0073   0.333   0.02   0.73   0.022      11          
   0.0400    2000   0.0075   0.250   0.03   0.75   0.030      15          
   0.0500    2500   0.0072   0.200   0.04   0.72   0.036      18          
   0.0600    3000   0.0100   0.167   0.06   1.00   0.060      30          
   0.0700    3500   0.0106   0.143   0.07   1.06   0.074      37          
   0.0800    4000   0.0105   0.125   0.08   1.05   0.084      42          
   0.0900    4500   0.0102   0.111   0.09   1.02   0.092      46          
   0.1000    5000   0.0102   0.100   0.10   1.02   0.102      51          
   0.1100    5500   0.0098   0.091   0.11   0.98   0.108      54          
   0.1200    6000   0.0102   0.083   0.12   1.02   0.122      61          
   0.1300    6500   0.0103   0.077   0.13   1.03   0.134      67          
   0.1400    7000   0.0101   0.071   0.14   1.01   0.142      71          
   0.1500    7500   0.0104   0.067   0.16   1.04   0.156      78          
   0.1600    8000   0.0105   0.062   0.17   1.05   0.168      84          
   0.1700    8500   0.0106   0.059   0.18   1.06   0.180      90          
   0.1800    9000   0.0108   0.056   0.19   1.08   0.194      97          
   0.1900    9500   0.0109   0.053   0.21   1.09   0.208     104       DET
   0.2000   10000   0.0110   0.050   0.22   1.10   0.220     110       DET
  campaign cuts: tau_q=0.95: pool=2493 purity=0.0072 n_nov=18  tau_q=0.99: pool=499 purity=0.0080 n_nov=4  tau_q=0.995: pool=251 purity=0.0120 n_nov=3
  BEST usable cut: q=0.2000 purity=0.0110 n_novel=110 (headroom 0.22)

  --- scorer 'np'  (cut-free novel-vs-seen AUC = 0.7381) ---
        q    pool   purity    ceil   head      E   eps_s   n_nov  flags
   0.0010      50   0.5000   1.000   0.50  50.00   0.050      25  GATE    
   0.0013      66   0.4394   1.000   0.44  43.94   0.058      29  GATE    
   0.0017      86   0.3953   1.000   0.40  39.53   0.068      34  GATE    
   0.0023     113   0.3805   1.000   0.38  38.05   0.086      43  GATE    
   0.0030     149   0.3154   1.000   0.32  31.54   0.094      47  GATE    
   0.0039     195   0.2615   1.000   0.26  26.15   0.102      51  GATE    
   0.0051     256   0.2266   1.000   0.23  22.66   0.116      58  GATE    
   0.0067     336   0.1875   1.000   0.19  18.75   0.126      63  GATE    
   0.0088     442   0.1561   1.000   0.16  15.61   0.138      69  GATE    
   0.0116     580   0.1293   0.862   0.15  12.93   0.150      75          
   0.0152     762   0.1076   0.657   0.16  10.76   0.164      82          
   0.0200    1000   0.0950   0.500   0.19   9.50   0.190      95          
   0.0300    1500   0.0780   0.333   0.23   7.80   0.234     117       DET
   0.0400    2000   0.0690   0.250   0.28   6.90   0.276     138       DET
   0.0500    2500   0.0620   0.200   0.31   6.20   0.310     155       DET
   0.0600    3000   0.0550   0.167   0.33   5.50   0.330     165       DET
   0.0700    3500   0.0509   0.143   0.36   5.09   0.356     178       DET
   0.0800    4000   0.0483   0.125   0.39   4.83   0.386     193       DET
   0.0900    4500   0.0460   0.111   0.41   4.60   0.414     207       DET
   0.1000    5000   0.0450   0.100   0.45   4.50   0.450     225       DET
   0.1100    5500   0.0431   0.091   0.47   4.31   0.474     237       DET
   0.1200    6000   0.0415   0.083   0.50   4.15   0.498     249       DET
   0.1300    6500   0.0394   0.077   0.51   3.94   0.512     256       DET
   0.1400    7000   0.0387   0.071   0.54   3.87   0.542     271       DET
   0.1500    7500   0.0373   0.067   0.56   3.73   0.560     280       DET
   0.1600    8000   0.0359   0.062   0.57   3.59   0.574     287       DET
   0.1700    8500   0.0353   0.059   0.60   3.53   0.600     300       DET
   0.1800    9000   0.0349   0.056   0.63   3.49   0.628     314       DET
   0.1900    9500   0.0339   0.053   0.64   3.39   0.644     322       DET
   0.2000   10000   0.0328   0.050   0.66   3.28   0.656     328       DET
  campaign cuts: tau_q=0.95: pool=2634 purity=0.0604 n_nov=159  tau_q=0.99: pool=569 purity=0.1301 n_nov=74  tau_q=0.995: pool=310 purity=0.2000 n_nov=62
  BEST usable cut: q=0.0300 purity=0.0780 n_novel=117 (headroom 0.23)

######## cifar100_tau0.1_on_s0: N=50000, base rate b=0.0100 (500 novel), holdouts=[99] ########

  --- scorer 'dist'  (cut-free novel-vs-seen AUC = 0.6254) ---
        q    pool   purity    ceil   head      E   eps_s   n_nov  flags
   0.0010      50   0.0000   1.000   0.00   0.00   0.000       0          
   0.0013      66   0.0000   1.000   0.00   0.00   0.000       0          
   0.0017      86   0.0233   1.000   0.02   2.33   0.004       2          
   0.0023     113   0.0177   1.000   0.02   1.77   0.004       2          
   0.0030     149   0.0268   1.000   0.03   2.68   0.008       4          
   0.0039     195   0.0256   1.000   0.03   2.56   0.010       5          
   0.0051     256   0.0234   1.000   0.02   2.34   0.012       6          
   0.0067     336   0.0238   1.000   0.02   2.38   0.016       8          
   0.0088     442   0.0181   1.000   0.02   1.81   0.016       8          
   0.0116     580   0.0207   0.862   0.02   2.07   0.024      12          
   0.0152     762   0.0236   0.657   0.04   2.36   0.036      18          
   0.0200    1000   0.0240   0.500   0.05   2.40   0.048      24          
   0.0300    1500   0.0240   0.333   0.07   2.40   0.072      36          
   0.0400    2000   0.0245   0.250   0.10   2.45   0.098      49          
   0.0500    2500   0.0224   0.200   0.11   2.24   0.112      56          
   0.0600    3000   0.0213   0.167   0.13   2.13   0.128      64          
   0.0700    3500   0.0220   0.143   0.15   2.20   0.154      77          
   0.0800    4000   0.0217   0.125   0.17   2.17   0.174      87          
   0.0900    4500   0.0213   0.111   0.19   2.13   0.192      96          
   0.1000    5000   0.0210   0.100   0.21   2.10   0.210     105       DET
   0.1100    5500   0.0211   0.091   0.23   2.11   0.232     116       DET
   0.1200    6000   0.0208   0.083   0.25   2.08   0.250     125       DET
   0.1300    6500   0.0203   0.077   0.26   2.03   0.264     132       DET
   0.1400    7000   0.0196   0.071   0.27   1.96   0.274     137       DET
   0.1500    7500   0.0192   0.067   0.29   1.92   0.288     144       DET
   0.1600    8000   0.0187   0.062   0.30   1.88   0.300     150       DET
   0.1700    8500   0.0186   0.059   0.32   1.86   0.316     158       DET
   0.1800    9000   0.0184   0.056   0.33   1.84   0.332     166       DET
   0.1900    9500   0.0178   0.053   0.34   1.78   0.338     169       DET
   0.2000   10000   0.0172   0.050   0.34   1.72   0.344     172       DET
  campaign cuts: tau_q=0.95: pool=2532 purity=0.0225 n_nov=57  tau_q=0.99: pool=506 purity=0.0217 n_nov=11  tau_q=0.995: pool=254 purity=0.0236 n_nov=6
  BEST usable cut: q=0.1100 purity=0.0211 n_novel=116 (headroom 0.23)

  --- scorer 'lid'  (cut-free novel-vs-seen AUC = 0.5649) ---
        q    pool   purity    ceil   head      E   eps_s   n_nov  flags
   0.0010      50   0.0000   1.000   0.00   0.00   0.000       0          
   0.0013      66   0.0000   1.000   0.00   0.00   0.000       0          
   0.0017      86   0.0000   1.000   0.00   0.00   0.000       0          
   0.0023     113   0.0000   1.000   0.00   0.00   0.000       0          
   0.0030     149   0.0067   1.000   0.01   0.67   0.002       1          
   0.0039     195   0.0051   1.000   0.01   0.51   0.002       1          
   0.0051     256   0.0039   1.000   0.00   0.39   0.002       1          
   0.0067     336   0.0030   1.000   0.00   0.30   0.002       1          
   0.0088     442   0.0023   1.000   0.00   0.23   0.002       1          
   0.0116     580   0.0017   0.862   0.00   0.17   0.002       1          
   0.0152     762   0.0039   0.657   0.01   0.39   0.006       3          
   0.0200    1000   0.0030   0.500   0.01   0.30   0.006       3          
   0.0300    1500   0.0060   0.333   0.02   0.60   0.018       9          
   0.0400    2000   0.0070   0.250   0.03   0.70   0.028      14          
   0.0500    2500   0.0068   0.200   0.03   0.68   0.034      17          
   0.0600    3000   0.0067   0.167   0.04   0.67   0.040      20          
   0.0700    3500   0.0071   0.143   0.05   0.71   0.050      25          
   0.0800    4000   0.0067   0.125   0.05   0.67   0.054      27          
   0.0900    4500   0.0073   0.111   0.07   0.73   0.066      33          
   0.1000    5000   0.0068   0.100   0.07   0.68   0.068      34          
   0.1100    5500   0.0071   0.091   0.08   0.71   0.078      39          
   0.1200    6000   0.0075   0.083   0.09   0.75   0.090      45          
   0.1300    6500   0.0072   0.077   0.09   0.72   0.094      47          
   0.1400    7000   0.0079   0.071   0.11   0.79   0.110      55          
   0.1500    7500   0.0083   0.067   0.12   0.83   0.124      62          
   0.1600    8000   0.0084   0.062   0.13   0.84   0.134      67          
   0.1700    8500   0.0088   0.059   0.15   0.88   0.150      75          
   0.1800    9000   0.0090   0.056   0.16   0.90   0.162      81          
   0.1900    9500   0.0094   0.053   0.18   0.94   0.178      89          
   0.2000   10000   0.0095   0.050   0.19   0.95   0.190      95          
  campaign cuts: tau_q=0.95: pool=2492 purity=0.0068 n_nov=17  tau_q=0.99: pool=496 purity=0.0020 n_nov=1  tau_q=0.995: pool=249 purity=0.0040 n_nov=1
  NO usable cut: no q leaves >= 100 novel points

  --- scorer 'np'  (cut-free novel-vs-seen AUC = 0.7776) ---
        q    pool   purity    ceil   head      E   eps_s   n_nov  flags
   0.0010      50   0.6200   1.000   0.62  62.00   0.062      31  GATE    
   0.0013      66   0.5909   1.000   0.59  59.09   0.078      39  GATE    
   0.0017      86   0.5465   1.000   0.55  54.65   0.094      47  GATE    
   0.0023     113   0.4956   1.000   0.50  49.56   0.112      56  GATE    
   0.0030     149   0.4295   1.000   0.43  42.95   0.128      64  GATE    
   0.0039     195   0.4051   1.000   0.41  40.51   0.158      79  GATE    
   0.0051     256   0.3711   1.000   0.37  37.11   0.190      95  GATE    
   0.0067     336   0.3244   1.000   0.32  32.44   0.218     109  GATE DET
   0.0088     442   0.2805   1.000   0.28  28.05   0.248     124  GATE DET
   0.0116     580   0.2345   0.862   0.27  23.45   0.272     136  GATE DET
   0.0152     762   0.2073   0.657   0.32  20.73   0.316     158  GATE DET
   0.0200    1000   0.1810   0.500   0.36  18.10   0.362     181  GATE DET
   0.0300    1500   0.1367   0.333   0.41  13.67   0.410     205       DET
   0.0400    2000   0.1150   0.250   0.46  11.50   0.460     230       DET
   0.0500    2500   0.1000   0.200   0.50  10.00   0.500     250       DET
   0.0600    3000   0.0900   0.167   0.54   9.00   0.540     270       DET
   0.0700    3500   0.0789   0.143   0.55   7.89   0.552     276       DET
   0.0800    4000   0.0717   0.125   0.57   7.17   0.574     287       DET
   0.0900    4500   0.0662   0.111   0.60   6.62   0.596     298       DET
   0.1000    5000   0.0616   0.100   0.62   6.16   0.616     308       DET
   0.1100    5500   0.0582   0.091   0.64   5.82   0.640     320       DET
   0.1200    6000   0.0543   0.083   0.65   5.43   0.652     326       DET
   0.1300    6500   0.0509   0.077   0.66   5.09   0.662     331       DET
   0.1400    7000   0.0489   0.071   0.68   4.89   0.684     342       DET
   0.1500    7500   0.0465   0.067   0.70   4.65   0.698     349       DET
   0.1600    8000   0.0445   0.062   0.71   4.45   0.712     356       DET
   0.1700    8500   0.0424   0.059   0.72   4.24   0.720     360       DET
   0.1800    9000   0.0404   0.056   0.73   4.04   0.728     364       DET
   0.1900    9500   0.0387   0.053   0.74   3.87   0.736     368       DET
   0.2000   10000   0.0372   0.050   0.74   3.72   0.744     372       DET
  campaign cuts: tau_q=0.95: pool=2735 purity=0.0951 n_nov=260  tau_q=0.99: pool=636 purity=0.2217 n_nov=141  tau_q=0.995: pool=360 purity=0.3111 n_nov=112
  BEST usable cut: q=0.0067 purity=0.3244 n_novel=109 (headroom 0.32)

######## cifar100_tau0.1_on_s1: N=50000, base rate b=0.0100 (500 novel), holdouts=[99] ########

  --- scorer 'dist'  (cut-free novel-vs-seen AUC = 0.6775) ---
        q    pool   purity    ceil   head      E   eps_s   n_nov  flags
   0.0010      50   0.1000   1.000   0.10  10.00   0.010       5          
   0.0013      66   0.0909   1.000   0.09   9.09   0.012       6          
   0.0017      86   0.0930   1.000   0.09   9.30   0.016       8          
   0.0023     113   0.0973   1.000   0.10   9.73   0.022      11          
   0.0030     149   0.0805   1.000   0.08   8.05   0.024      12          
   0.0039     195   0.0667   1.000   0.07   6.67   0.026      13          
   0.0051     256   0.0625   1.000   0.06   6.25   0.032      16          
   0.0067     336   0.0595   1.000   0.06   5.95   0.040      20          
   0.0088     442   0.0588   1.000   0.06   5.88   0.052      26          
   0.0116     580   0.0552   0.862   0.06   5.52   0.064      32          
   0.0152     762   0.0459   0.657   0.07   4.59   0.070      35          
   0.0200    1000   0.0400   0.500   0.08   4.00   0.080      40          
   0.0300    1500   0.0373   0.333   0.11   3.73   0.112      56          
   0.0400    2000   0.0395   0.250   0.16   3.95   0.158      79          
   0.0500    2500   0.0384   0.200   0.19   3.84   0.192      96          
   0.0600    3000   0.0373   0.167   0.22   3.73   0.224     112       DET
   0.0700    3500   0.0363   0.143   0.25   3.63   0.254     127       DET
   0.0800    4000   0.0343   0.125   0.27   3.43   0.274     137       DET
   0.0900    4500   0.0327   0.111   0.29   3.27   0.294     147       DET
   0.1000    5000   0.0306   0.100   0.31   3.06   0.306     153       DET
   0.1100    5500   0.0289   0.091   0.32   2.89   0.318     159       DET
   0.1200    6000   0.0275   0.083   0.33   2.75   0.330     165       DET
   0.1300    6500   0.0274   0.077   0.36   2.74   0.356     178       DET
   0.1400    7000   0.0257   0.071   0.36   2.57   0.360     180       DET
   0.1500    7500   0.0253   0.067   0.38   2.53   0.380     190       DET
   0.1600    8000   0.0245   0.062   0.39   2.45   0.392     196       DET
   0.1700    8500   0.0234   0.059   0.40   2.34   0.398     199       DET
   0.1800    9000   0.0232   0.056   0.42   2.32   0.418     209       DET
   0.1900    9500   0.0224   0.053   0.43   2.24   0.426     213       DET
   0.2000   10000   0.0218   0.050   0.44   2.18   0.436     218       DET
  campaign cuts: tau_q=0.95: pool=2573 purity=0.0381 n_nov=98  tau_q=0.99: pool=525 purity=0.0571 n_nov=30  tau_q=0.995: pool=264 purity=0.0606 n_nov=16
  BEST usable cut: q=0.0600 purity=0.0373 n_novel=112 (headroom 0.22)

  --- scorer 'lid'  (cut-free novel-vs-seen AUC = 0.5493) ---
        q    pool   purity    ceil   head      E   eps_s   n_nov  flags
   0.0010      50   0.0000   1.000   0.00   0.00   0.000       0          
   0.0013      66   0.0000   1.000   0.00   0.00   0.000       0          
   0.0017      86   0.0000   1.000   0.00   0.00   0.000       0          
   0.0023     113   0.0000   1.000   0.00   0.00   0.000       0          
   0.0030     149   0.0067   1.000   0.01   0.67   0.002       1          
   0.0039     195   0.0051   1.000   0.01   0.51   0.002       1          
   0.0051     256   0.0078   1.000   0.01   0.78   0.004       2          
   0.0067     336   0.0060   1.000   0.01   0.60   0.004       2          
   0.0088     442   0.0068   1.000   0.01   0.68   0.006       3          
   0.0116     580   0.0052   0.862   0.01   0.52   0.006       3          
   0.0152     762   0.0079   0.657   0.01   0.79   0.012       6          
   0.0200    1000   0.0080   0.500   0.02   0.80   0.016       8          
   0.0300    1500   0.0093   0.333   0.03   0.93   0.028      14          
   0.0400    2000   0.0075   0.250   0.03   0.75   0.030      15          
   0.0500    2500   0.0084   0.200   0.04   0.84   0.042      21          
   0.0600    3000   0.0087   0.167   0.05   0.87   0.052      26          
   0.0700    3500   0.0080   0.143   0.06   0.80   0.056      28          
   0.0800    4000   0.0077   0.125   0.06   0.78   0.062      31          
   0.0900    4500   0.0078   0.111   0.07   0.78   0.070      35          
   0.1000    5000   0.0086   0.100   0.09   0.86   0.086      43          
   0.1100    5500   0.0087   0.091   0.10   0.87   0.096      48          
   0.1200    6000   0.0090   0.083   0.11   0.90   0.108      54          
   0.1300    6500   0.0094   0.077   0.12   0.94   0.122      61          
   0.1400    7000   0.0094   0.071   0.13   0.94   0.132      66          
   0.1500    7500   0.0091   0.067   0.14   0.91   0.136      68          
   0.1600    8000   0.0091   0.062   0.15   0.91   0.146      73          
   0.1700    8500   0.0094   0.059   0.16   0.94   0.160      80          
   0.1800    9000   0.0091   0.056   0.16   0.91   0.164      82          
   0.1900    9500   0.0088   0.053   0.17   0.88   0.168      84          
   0.2000   10000   0.0086   0.050   0.17   0.86   0.172      86          
  campaign cuts: tau_q=0.95: pool=2496 purity=0.0084 n_nov=21  tau_q=0.99: pool=498 purity=0.0060 n_nov=3  tau_q=0.995: pool=250 purity=0.0080 n_nov=2
  NO usable cut: no q leaves >= 100 novel points

  --- scorer 'np'  (cut-free novel-vs-seen AUC = 0.8175) ---
        q    pool   purity    ceil   head      E   eps_s   n_nov  flags
   0.0010      50   0.4000   1.000   0.40  40.00   0.040      20  GATE    
   0.0013      66   0.3485   1.000   0.35  34.85   0.046      23  GATE    
   0.0017      86   0.3372   1.000   0.34  33.72   0.058      29  GATE    
   0.0023     113   0.3274   1.000   0.33  32.74   0.074      37  GATE    
   0.0030     149   0.3087   1.000   0.31  30.87   0.092      46  GATE    
   0.0039     195   0.2923   1.000   0.29  29.23   0.114      57  GATE    
   0.0051     256   0.2812   1.000   0.28  28.12   0.144      72  GATE    
   0.0067     336   0.2381   1.000   0.24  23.81   0.160      80  GATE    
   0.0088     442   0.2285   1.000   0.23  22.85   0.202     101  GATE DET
   0.0116     580   0.2000   0.862   0.23  20.00   0.232     116  GATE DET
   0.0152     762   0.1903   0.657   0.29  19.03   0.290     145  GATE DET
   0.0200    1000   0.1720   0.500   0.34  17.20   0.344     172  GATE DET
   0.0300    1500   0.1360   0.333   0.41  13.60   0.408     204       DET
   0.0400    2000   0.1175   0.250   0.47  11.75   0.470     235       DET
   0.0500    2500   0.1024   0.200   0.51  10.24   0.512     256       DET
   0.0600    3000   0.0947   0.167   0.57   9.47   0.568     284       DET
   0.0700    3500   0.0869   0.143   0.61   8.69   0.608     304       DET
   0.0800    4000   0.0815   0.125   0.65   8.15   0.652     326       DET
   0.0900    4500   0.0749   0.111   0.67   7.49   0.674     337       DET
   0.1000    5000   0.0694   0.100   0.69   6.94   0.694     347       DET
   0.1100    5500   0.0645   0.091   0.71   6.45   0.710     355       DET
   0.1200    6000   0.0617   0.083   0.74   6.17   0.740     370       DET
   0.1300    6500   0.0585   0.077   0.76   5.85   0.760     380       DET
   0.1400    7000   0.0551   0.071   0.77   5.51   0.772     386       DET
   0.1500    7500   0.0521   0.067   0.78   5.21   0.782     391       DET
   0.1600    8000   0.0494   0.062   0.79   4.94   0.790     395       DET
   0.1700    8500   0.0469   0.059   0.80   4.69   0.798     399       DET
   0.1800    9000   0.0446   0.056   0.80   4.46   0.802     401       DET
   0.1900    9500   0.0425   0.053   0.81   4.25   0.808     404       DET
   0.2000   10000   0.0404   0.050   0.81   4.04   0.808     404       DET
  campaign cuts: tau_q=0.95: pool=2745 purity=0.0984 n_nov=270  tau_q=0.99: pool=616 purity=0.1964 n_nov=121  tau_q=0.995: pool=326 purity=0.2393 n_nov=78
  BEST usable cut: q=0.0088 purity=0.2285 n_novel=101 (headroom 0.23)

######## cifar100_tau0.1_on_s2: N=50000, base rate b=0.0100 (500 novel), holdouts=[99] ########

  --- scorer 'dist'  (cut-free novel-vs-seen AUC = 0.6469) ---
        q    pool   purity    ceil   head      E   eps_s   n_nov  flags
   0.0010      50   0.1000   1.000   0.10  10.00   0.010       5          
   0.0013      66   0.1061   1.000   0.11  10.61   0.014       7          
   0.0017      86   0.0814   1.000   0.08   8.14   0.014       7          
   0.0023     113   0.0619   1.000   0.06   6.19   0.014       7          
   0.0030     149   0.0470   1.000   0.05   4.70   0.014       7          
   0.0039     195   0.0513   1.000   0.05   5.13   0.020      10          
   0.0051     256   0.0430   1.000   0.04   4.30   0.022      11          
   0.0067     336   0.0357   1.000   0.04   3.57   0.024      12          
   0.0088     442   0.0294   1.000   0.03   2.94   0.026      13          
   0.0116     580   0.0259   0.862   0.03   2.59   0.030      15          
   0.0152     762   0.0249   0.657   0.04   2.49   0.038      19          
   0.0200    1000   0.0280   0.500   0.06   2.80   0.056      28          
   0.0300    1500   0.0300   0.333   0.09   3.00   0.090      45          
   0.0400    2000   0.0245   0.250   0.10   2.45   0.098      49          
   0.0500    2500   0.0260   0.200   0.13   2.60   0.130      65          
   0.0600    3000   0.0247   0.167   0.15   2.47   0.148      74          
   0.0700    3500   0.0243   0.143   0.17   2.43   0.170      85          
   0.0800    4000   0.0240   0.125   0.19   2.40   0.192      96          
   0.0900    4500   0.0238   0.111   0.21   2.38   0.214     107       DET
   0.1000    5000   0.0222   0.100   0.22   2.22   0.222     111       DET
   0.1100    5500   0.0209   0.091   0.23   2.09   0.230     115       DET
   0.1200    6000   0.0210   0.083   0.25   2.10   0.252     126       DET
   0.1300    6500   0.0200   0.077   0.26   2.00   0.260     130       DET
   0.1400    7000   0.0196   0.071   0.27   1.96   0.274     137       DET
   0.1500    7500   0.0193   0.067   0.29   1.93   0.290     145       DET
   0.1600    8000   0.0189   0.062   0.30   1.89   0.302     151       DET
   0.1700    8500   0.0188   0.059   0.32   1.88   0.320     160       DET
   0.1800    9000   0.0184   0.056   0.33   1.84   0.332     166       DET
   0.1900    9500   0.0176   0.053   0.33   1.76   0.334     167       DET
   0.2000   10000   0.0172   0.050   0.34   1.72   0.344     172       DET
  campaign cuts: tau_q=0.95: pool=2541 purity=0.0260 n_nov=66  tau_q=0.99: pool=509 purity=0.0275 n_nov=14  tau_q=0.995: pool=259 purity=0.0425 n_nov=11
  BEST usable cut: q=0.0900 purity=0.0238 n_novel=107 (headroom 0.21)

  --- scorer 'lid'  (cut-free novel-vs-seen AUC = 0.4844) ---
        q    pool   purity    ceil   head      E   eps_s   n_nov  flags
   0.0010      50   0.0000   1.000   0.00   0.00   0.000       0          
   0.0013      66   0.0000   1.000   0.00   0.00   0.000       0          
   0.0017      86   0.0116   1.000   0.01   1.16   0.002       1          
   0.0023     113   0.0088   1.000   0.01   0.88   0.002       1          
   0.0030     149   0.0067   1.000   0.01   0.67   0.002       1          
   0.0039     195   0.0103   1.000   0.01   1.03   0.004       2          
   0.0051     256   0.0117   1.000   0.01   1.17   0.006       3          
   0.0067     336   0.0089   1.000   0.01   0.89   0.006       3          
   0.0088     442   0.0090   1.000   0.01   0.90   0.008       4          
   0.0116     580   0.0069   0.862   0.01   0.69   0.008       4          
   0.0152     762   0.0052   0.657   0.01   0.52   0.008       4          
   0.0200    1000   0.0050   0.500   0.01   0.50   0.010       5          
   0.0300    1500   0.0040   0.333   0.01   0.40   0.012       6          
   0.0400    2000   0.0045   0.250   0.02   0.45   0.018       9          
   0.0500    2500   0.0044   0.200   0.02   0.44   0.022      11          
   0.0600    3000   0.0043   0.167   0.03   0.43   0.026      13          
   0.0700    3500   0.0043   0.143   0.03   0.43   0.030      15          
   0.0800    4000   0.0045   0.125   0.04   0.45   0.036      18          
   0.0900    4500   0.0042   0.111   0.04   0.42   0.038      19          
   0.1000    5000   0.0044   0.100   0.04   0.44   0.044      22          
   0.1100    5500   0.0045   0.091   0.05   0.45   0.050      25          
   0.1200    6000   0.0052   0.083   0.06   0.52   0.062      31          
   0.1300    6500   0.0058   0.077   0.08   0.58   0.076      38          
   0.1400    7000   0.0061   0.071   0.09   0.61   0.086      43          
   0.1500    7500   0.0059   0.067   0.09   0.59   0.088      44          
   0.1600    8000   0.0057   0.062   0.09   0.57   0.092      46          
   0.1700    8500   0.0059   0.059   0.10   0.59   0.100      50          
   0.1800    9000   0.0058   0.056   0.10   0.58   0.104      52          
   0.1900    9500   0.0056   0.053   0.11   0.56   0.106      53          
   0.2000   10000   0.0057   0.050   0.11   0.57   0.114      57          
  campaign cuts: tau_q=0.95: pool=2486 purity=0.0044 n_nov=11  tau_q=0.99: pool=499 purity=0.0080 n_nov=4  tau_q=0.995: pool=251 purity=0.0120 n_nov=3
  NO usable cut: no q leaves >= 100 novel points

  --- scorer 'np'  (cut-free novel-vs-seen AUC = 0.8591) ---
        q    pool   purity    ceil   head      E   eps_s   n_nov  flags
   0.0010      50   0.5600   1.000   0.56  56.00   0.056      28  GATE    
   0.0013      66   0.5606   1.000   0.56  56.06   0.074      37  GATE    
   0.0017      86   0.5581   1.000   0.56  55.81   0.096      48  GATE    
   0.0023     113   0.5133   1.000   0.51  51.33   0.116      58  GATE    
   0.0030     149   0.4832   1.000   0.48  48.32   0.144      72  GATE    
   0.0039     195   0.4205   1.000   0.42  42.05   0.164      82  GATE    
   0.0051     256   0.3828   1.000   0.38  38.28   0.196      98  GATE    
   0.0067     336   0.3661   1.000   0.37  36.61   0.246     123  GATE DET
   0.0088     442   0.3122   1.000   0.31  31.22   0.276     138  GATE DET
   0.0116     580   0.2948   0.862   0.34  29.48   0.342     171  GATE DET
   0.0152     762   0.2625   0.657   0.40  26.25   0.400     200  GATE DET
   0.0200    1000   0.2270   0.500   0.45  22.70   0.454     227  GATE DET
   0.0300    1500   0.1773   0.333   0.53  17.73   0.532     266  GATE DET
   0.0400    2000   0.1460   0.250   0.58  14.60   0.584     292       DET
   0.0500    2500   0.1236   0.200   0.62  12.36   0.618     309       DET
   0.0600    3000   0.1097   0.167   0.66  10.97   0.658     329       DET
   0.0700    3500   0.0980   0.143   0.69   9.80   0.686     343       DET
   0.0800    4000   0.0880   0.125   0.70   8.80   0.704     352       DET
   0.0900    4500   0.0829   0.111   0.75   8.29   0.746     373       DET
   0.1000    5000   0.0764   0.100   0.76   7.64   0.764     382       DET
   0.1100    5500   0.0711   0.091   0.78   7.11   0.782     391       DET
   0.1200    6000   0.0662   0.083   0.79   6.62   0.794     397       DET
   0.1300    6500   0.0620   0.077   0.81   6.20   0.806     403       DET
   0.1400    7000   0.0586   0.071   0.82   5.86   0.820     410       DET
   0.1500    7500   0.0551   0.067   0.83   5.51   0.826     413       DET
   0.1600    8000   0.0520   0.062   0.83   5.20   0.832     416       DET
   0.1700    8500   0.0494   0.059   0.84   4.94   0.840     420       DET
   0.1800    9000   0.0469   0.056   0.84   4.69   0.844     422       DET
   0.1900    9500   0.0451   0.053   0.86   4.51   0.856     428       DET
   0.2000   10000   0.0430   0.050   0.86   4.30   0.860     430       DET
  campaign cuts: tau_q=0.95: pool=2798 purity=0.1154 n_nov=323  tau_q=0.99: pool=684 purity=0.2763 n_nov=189  tau_q=0.995: pool=376 purity=0.3404 n_nov=128
  BEST usable cut: q=0.0067 purity=0.3661 n_novel=123 (headroom 0.37)

######## cifar100_tau0.3_off_s0: N=50000, base rate b=0.0100 (500 novel), holdouts=[99] ########

  --- scorer 'dist'  (cut-free novel-vs-seen AUC = 0.7112) ---
        q    pool   purity    ceil   head      E   eps_s   n_nov  flags
   0.0010      50   0.0800   1.000   0.08   8.00   0.008       4          
   0.0013      66   0.0909   1.000   0.09   9.09   0.012       6          
   0.0017      86   0.0698   1.000   0.07   6.98   0.012       6          
   0.0023     113   0.0619   1.000   0.06   6.19   0.014       7          
   0.0030     149   0.0671   1.000   0.07   6.71   0.020      10          
   0.0039     195   0.0615   1.000   0.06   6.15   0.024      12          
   0.0051     256   0.0664   1.000   0.07   6.64   0.034      17          
   0.0067     336   0.0625   1.000   0.06   6.25   0.042      21          
   0.0088     442   0.0543   1.000   0.05   5.43   0.048      24          
   0.0116     580   0.0483   0.862   0.06   4.83   0.056      28          
   0.0152     762   0.0472   0.657   0.07   4.72   0.072      36          
   0.0200    1000   0.0470   0.500   0.09   4.70   0.094      47          
   0.0300    1500   0.0453   0.333   0.14   4.53   0.136      68          
   0.0400    2000   0.0445   0.250   0.18   4.45   0.178      89          
   0.0500    2500   0.0424   0.200   0.21   4.24   0.212     106       DET
   0.0600    3000   0.0370   0.167   0.22   3.70   0.222     111       DET
   0.0700    3500   0.0351   0.143   0.25   3.51   0.246     123       DET
   0.0800    4000   0.0345   0.125   0.28   3.45   0.276     138       DET
   0.0900    4500   0.0329   0.111   0.30   3.29   0.296     148       DET
   0.1000    5000   0.0322   0.100   0.32   3.22   0.322     161       DET
   0.1100    5500   0.0315   0.091   0.35   3.15   0.346     173       DET
   0.1200    6000   0.0307   0.083   0.37   3.07   0.368     184       DET
   0.1300    6500   0.0288   0.077   0.37   2.88   0.374     187       DET
   0.1400    7000   0.0276   0.071   0.39   2.76   0.386     193       DET
   0.1500    7500   0.0269   0.067   0.40   2.69   0.404     202       DET
   0.1600    8000   0.0260   0.062   0.42   2.60   0.416     208       DET
   0.1700    8500   0.0253   0.059   0.43   2.53   0.430     215       DET
   0.1800    9000   0.0241   0.056   0.43   2.41   0.434     217       DET
   0.1900    9500   0.0235   0.053   0.45   2.35   0.446     223       DET
   0.2000   10000   0.0235   0.050   0.47   2.35   0.470     235       DET
  campaign cuts: tau_q=0.95: pool=2582 purity=0.0414 n_nov=107  tau_q=0.99: pool=523 purity=0.0535 n_nov=28  tau_q=0.995: pool=265 purity=0.0642 n_nov=17
  BEST usable cut: q=0.0500 purity=0.0424 n_novel=106 (headroom 0.21)

  --- scorer 'lid'  (cut-free novel-vs-seen AUC = 0.3376) ---
        q    pool   purity    ceil   head      E   eps_s   n_nov  flags
   0.0010      50   0.0000   1.000   0.00   0.00   0.000       0          
   0.0013      66   0.0000   1.000   0.00   0.00   0.000       0          
   0.0017      86   0.0116   1.000   0.01   1.16   0.002       1          
   0.0023     113   0.0088   1.000   0.01   0.88   0.002       1          
   0.0030     149   0.0067   1.000   0.01   0.67   0.002       1          
   0.0039     195   0.0051   1.000   0.01   0.51   0.002       1          
   0.0051     256   0.0039   1.000   0.00   0.39   0.002       1          
   0.0067     336   0.0060   1.000   0.01   0.60   0.004       2          
   0.0088     442   0.0090   1.000   0.01   0.90   0.008       4          
   0.0116     580   0.0103   0.862   0.01   1.03   0.012       6          
   0.0152     762   0.0092   0.657   0.01   0.92   0.014       7          
   0.0200    1000   0.0080   0.500   0.02   0.80   0.016       8          
   0.0300    1500   0.0067   0.333   0.02   0.67   0.020      10          
   0.0400    2000   0.0060   0.250   0.02   0.60   0.024      12          
   0.0500    2500   0.0056   0.200   0.03   0.56   0.028      14          
   0.0600    3000   0.0053   0.167   0.03   0.53   0.032      16          
   0.0700    3500   0.0054   0.143   0.04   0.54   0.038      19          
   0.0800    4000   0.0053   0.125   0.04   0.53   0.042      21          
   0.0900    4500   0.0049   0.111   0.04   0.49   0.044      22          
   0.1000    5000   0.0052   0.100   0.05   0.52   0.052      26          
   0.1100    5500   0.0060   0.091   0.07   0.60   0.066      33          
   0.1200    6000   0.0060   0.083   0.07   0.60   0.072      36          
   0.1300    6500   0.0058   0.077   0.08   0.58   0.076      38          
   0.1400    7000   0.0057   0.071   0.08   0.57   0.080      40          
   0.1500    7500   0.0053   0.067   0.08   0.53   0.080      40          
   0.1600    8000   0.0056   0.062   0.09   0.56   0.090      45          
   0.1700    8500   0.0055   0.059   0.09   0.55   0.094      47          
   0.1800    9000   0.0053   0.056   0.10   0.53   0.096      48          
   0.1900    9500   0.0053   0.053   0.10   0.53   0.100      50          
   0.2000   10000   0.0052   0.050   0.10   0.52   0.104      52          
  campaign cuts: tau_q=0.95: pool=2489 purity=0.0056 n_nov=14  tau_q=0.99: pool=499 purity=0.0080 n_nov=4  tau_q=0.995: pool=249 purity=0.0040 n_nov=1
  NO usable cut: no q leaves >= 100 novel points

  --- scorer 'np'  (cut-free novel-vs-seen AUC = 0.7615) ---
        q    pool   purity    ceil   head      E   eps_s   n_nov  flags
   0.0010      50   0.4200   1.000   0.42  42.00   0.042      21  GATE    
   0.0013      66   0.4242   1.000   0.42  42.42   0.056      28  GATE    
   0.0017      86   0.4070   1.000   0.41  40.70   0.070      35  GATE    
   0.0023     113   0.3628   1.000   0.36  36.28   0.082      41  GATE    
   0.0030     149   0.3490   1.000   0.35  34.90   0.104      52  GATE    
   0.0039     195   0.3333   1.000   0.33  33.33   0.130      65  GATE    
   0.0051     256   0.2812   1.000   0.28  28.12   0.144      72  GATE    
   0.0067     336   0.2262   1.000   0.23  22.62   0.152      76  GATE    
   0.0088     442   0.1855   1.000   0.19  18.55   0.164      82  GATE    
   0.0116     580   0.1569   0.862   0.18  15.69   0.182      91  GATE    
   0.0152     762   0.1299   0.657   0.20  12.99   0.198      99          
   0.0200    1000   0.1110   0.500   0.22  11.10   0.222     111       DET
   0.0300    1500   0.0873   0.333   0.26   8.73   0.262     131       DET
   0.0400    2000   0.0735   0.250   0.29   7.35   0.294     147       DET
   0.0500    2500   0.0628   0.200   0.31   6.28   0.314     157       DET
   0.0600    3000   0.0563   0.167   0.34   5.63   0.338     169       DET
   0.0700    3500   0.0529   0.143   0.37   5.29   0.370     185       DET
   0.0800    4000   0.0480   0.125   0.38   4.80   0.384     192       DET
   0.0900    4500   0.0442   0.111   0.40   4.42   0.398     199       DET
   0.1000    5000   0.0414   0.100   0.41   4.14   0.414     207       DET
   0.1100    5500   0.0402   0.091   0.44   4.02   0.442     221       DET
   0.1200    6000   0.0388   0.083   0.47   3.88   0.466     233       DET
   0.1300    6500   0.0377   0.077   0.49   3.77   0.490     245       DET
   0.1400    7000   0.0364   0.071   0.51   3.64   0.510     255       DET
   0.1500    7500   0.0356   0.067   0.53   3.56   0.534     267       DET
   0.1600    8000   0.0343   0.062   0.55   3.43   0.548     274       DET
   0.1700    8500   0.0332   0.059   0.56   3.32   0.564     282       DET
   0.1800    9000   0.0321   0.056   0.58   3.21   0.578     289       DET
   0.1900    9500   0.0311   0.053   0.59   3.11   0.590     295       DET
   0.2000   10000   0.0304   0.050   0.61   3.04   0.608     304       DET
  campaign cuts: tau_q=0.95: pool=2634 purity=0.0604 n_nov=159  tau_q=0.99: pool=586 purity=0.1553 n_nov=91  tau_q=0.995: pool=321 purity=0.2274 n_nov=73
  BEST usable cut: q=0.0200 purity=0.1110 n_novel=111 (headroom 0.22)

######## cifar100_tau0.3_off_s1: N=50000, base rate b=0.0100 (500 novel), holdouts=[99] ########

  --- scorer 'dist'  (cut-free novel-vs-seen AUC = 0.6781) ---
        q    pool   purity    ceil   head      E   eps_s   n_nov  flags
   0.0010      50   0.0600   1.000   0.06   6.00   0.006       3          
   0.0013      66   0.0909   1.000   0.09   9.09   0.012       6          
   0.0017      86   0.0698   1.000   0.07   6.98   0.012       6          
   0.0023     113   0.0708   1.000   0.07   7.08   0.016       8          
   0.0030     149   0.0671   1.000   0.07   6.71   0.020      10          
   0.0039     195   0.0615   1.000   0.06   6.15   0.024      12          
   0.0051     256   0.0547   1.000   0.05   5.47   0.028      14          
   0.0067     336   0.0565   1.000   0.06   5.65   0.038      19          
   0.0088     442   0.0543   1.000   0.05   5.43   0.048      24          
   0.0116     580   0.0500   0.862   0.06   5.00   0.058      29          
   0.0152     762   0.0420   0.657   0.06   4.20   0.064      32          
   0.0200    1000   0.0460   0.500   0.09   4.60   0.092      46          
   0.0300    1500   0.0407   0.333   0.12   4.07   0.122      61          
   0.0400    2000   0.0365   0.250   0.15   3.65   0.146      73          
   0.0500    2500   0.0344   0.200   0.17   3.44   0.172      86          
   0.0600    3000   0.0350   0.167   0.21   3.50   0.210     105       DET
   0.0700    3500   0.0331   0.143   0.23   3.31   0.232     116       DET
   0.0800    4000   0.0315   0.125   0.25   3.15   0.252     126       DET
   0.0900    4500   0.0316   0.111   0.28   3.16   0.284     142       DET
   0.1000    5000   0.0300   0.100   0.30   3.00   0.300     150       DET
   0.1100    5500   0.0284   0.091   0.31   2.84   0.312     156       DET
   0.1200    6000   0.0270   0.083   0.32   2.70   0.324     162       DET
   0.1300    6500   0.0265   0.077   0.34   2.65   0.344     172       DET
   0.1400    7000   0.0257   0.071   0.36   2.57   0.360     180       DET
   0.1500    7500   0.0251   0.067   0.38   2.51   0.376     188       DET
   0.1600    8000   0.0240   0.062   0.38   2.40   0.384     192       DET
   0.1700    8500   0.0233   0.059   0.40   2.33   0.396     198       DET
   0.1800    9000   0.0227   0.056   0.41   2.27   0.408     204       DET
   0.1900    9500   0.0224   0.053   0.43   2.24   0.426     213       DET
   0.2000   10000   0.0227   0.050   0.45   2.27   0.454     227       DET
  campaign cuts: tau_q=0.95: pool=2561 purity=0.0336 n_nov=86  tau_q=0.99: pool=521 purity=0.0499 n_nov=26  tau_q=0.995: pool=262 purity=0.0534 n_nov=14
  BEST usable cut: q=0.0600 purity=0.0350 n_novel=105 (headroom 0.21)

  --- scorer 'lid'  (cut-free novel-vs-seen AUC = 0.3727) ---
        q    pool   purity    ceil   head      E   eps_s   n_nov  flags
   0.0010      50   0.0000   1.000   0.00   0.00   0.000       0          
   0.0013      66   0.0000   1.000   0.00   0.00   0.000       0          
   0.0017      86   0.0000   1.000   0.00   0.00   0.000       0          
   0.0023     113   0.0000   1.000   0.00   0.00   0.000       0          
   0.0030     149   0.0134   1.000   0.01   1.34   0.004       2          
   0.0039     195   0.0154   1.000   0.02   1.54   0.006       3          
   0.0051     256   0.0156   1.000   0.02   1.56   0.008       4          
   0.0067     336   0.0149   1.000   0.01   1.49   0.010       5          
   0.0088     442   0.0181   1.000   0.02   1.81   0.016       8          
   0.0116     580   0.0138   0.862   0.02   1.38   0.016       8          
   0.0152     762   0.0131   0.657   0.02   1.31   0.020      10          
   0.0200    1000   0.0140   0.500   0.03   1.40   0.028      14          
   0.0300    1500   0.0100   0.333   0.03   1.00   0.030      15          
   0.0400    2000   0.0100   0.250   0.04   1.00   0.040      20          
   0.0500    2500   0.0092   0.200   0.05   0.92   0.046      23          
   0.0600    3000   0.0100   0.167   0.06   1.00   0.060      30          
   0.0700    3500   0.0094   0.143   0.07   0.94   0.066      33          
   0.0800    4000   0.0088   0.125   0.07   0.88   0.070      35          
   0.0900    4500   0.0084   0.111   0.08   0.84   0.076      38          
   0.1000    5000   0.0082   0.100   0.08   0.82   0.082      41          
   0.1100    5500   0.0076   0.091   0.08   0.76   0.084      42          
   0.1200    6000   0.0078   0.083   0.09   0.78   0.094      47          
   0.1300    6500   0.0077   0.077   0.10   0.77   0.100      50          
   0.1400    7000   0.0076   0.071   0.11   0.76   0.106      53          
   0.1500    7500   0.0075   0.067   0.11   0.75   0.112      56          
   0.1600    8000   0.0074   0.062   0.12   0.74   0.118      59          
   0.1700    8500   0.0073   0.059   0.12   0.73   0.124      62          
   0.1800    9000   0.0073   0.056   0.13   0.73   0.132      66          
   0.1900    9500   0.0071   0.053   0.13   0.71   0.134      67          
   0.2000   10000   0.0069   0.050   0.14   0.69   0.138      69          
  campaign cuts: tau_q=0.95: pool=2498 purity=0.0092 n_nov=23  tau_q=0.99: pool=503 purity=0.0159 n_nov=8  tau_q=0.995: pool=252 purity=0.0159 n_nov=4
  NO usable cut: no q leaves >= 100 novel points

  --- scorer 'np'  (cut-free novel-vs-seen AUC = 0.7757) ---
        q    pool   purity    ceil   head      E   eps_s   n_nov  flags
   0.0010      50   0.2600   1.000   0.26  26.00   0.026      13  GATE    
   0.0013      66   0.2121   1.000   0.21  21.21   0.028      14  GATE    
   0.0017      86   0.2093   1.000   0.21  20.93   0.036      18  GATE    
   0.0023     113   0.2212   1.000   0.22  22.12   0.050      25  GATE    
   0.0030     149   0.1946   1.000   0.19  19.46   0.058      29  GATE    
   0.0039     195   0.1641   1.000   0.16  16.41   0.064      32  GATE    
   0.0051     256   0.1289   1.000   0.13  12.89   0.066      33          
   0.0067     336   0.1220   1.000   0.12  12.20   0.082      41          
   0.0088     442   0.1154   1.000   0.12  11.54   0.102      51          
   0.0116     580   0.0948   0.862   0.11   9.48   0.110      55          
   0.0152     762   0.0866   0.657   0.13   8.66   0.132      66          
   0.0200    1000   0.0740   0.500   0.15   7.40   0.148      74          
   0.0300    1500   0.0580   0.333   0.17   5.80   0.174      87          
   0.0400    2000   0.0480   0.250   0.19   4.80   0.192      96          
   0.0500    2500   0.0424   0.200   0.21   4.24   0.212     106       DET
   0.0600    3000   0.0383   0.167   0.23   3.83   0.230     115       DET
   0.0700    3500   0.0369   0.143   0.26   3.69   0.258     129       DET
   0.0800    4000   0.0352   0.125   0.28   3.52   0.282     141       DET
   0.0900    4500   0.0338   0.111   0.30   3.38   0.304     152       DET
   0.1000    5000   0.0314   0.100   0.31   3.14   0.314     157       DET
   0.1100    5500   0.0305   0.091   0.34   3.05   0.336     168       DET
   0.1200    6000   0.0290   0.083   0.35   2.90   0.348     174       DET
   0.1300    6500   0.0275   0.077   0.36   2.75   0.358     179       DET
   0.1400    7000   0.0273   0.071   0.38   2.73   0.382     191       DET
   0.1500    7500   0.0265   0.067   0.40   2.65   0.398     199       DET
   0.1600    8000   0.0261   0.062   0.42   2.61   0.418     209       DET
   0.1700    8500   0.0256   0.059   0.44   2.56   0.436     218       DET
   0.1800    9000   0.0259   0.056   0.47   2.59   0.466     233       DET
   0.1900    9500   0.0260   0.053   0.49   2.60   0.494     247       DET
   0.2000   10000   0.0259   0.050   0.52   2.59   0.518     259       DET
  campaign cuts: tau_q=0.95: pool=2582 purity=0.0414 n_nov=107  tau_q=0.99: pool=549 purity=0.0984 n_nov=54  tau_q=0.995: pool=282 purity=0.1206 n_nov=34
  BEST usable cut: q=0.0500 purity=0.0424 n_novel=106 (headroom 0.21)

######## cifar100_tau0.3_off_s2: N=50000, base rate b=0.0100 (500 novel), holdouts=[99] ########

  --- scorer 'dist'  (cut-free novel-vs-seen AUC = 0.6369) ---
        q    pool   purity    ceil   head      E   eps_s   n_nov  flags
   0.0010      50   0.1000   1.000   0.10  10.00   0.010       5          
   0.0013      66   0.0758   1.000   0.08   7.58   0.010       5          
   0.0017      86   0.0698   1.000   0.07   6.98   0.012       6          
   0.0023     113   0.0796   1.000   0.08   7.96   0.018       9          
   0.0030     149   0.0671   1.000   0.07   6.71   0.020      10          
   0.0039     195   0.0564   1.000   0.06   5.64   0.022      11          
   0.0051     256   0.0547   1.000   0.05   5.47   0.028      14          
   0.0067     336   0.0506   1.000   0.05   5.06   0.034      17          
   0.0088     442   0.0385   1.000   0.04   3.85   0.034      17          
   0.0116     580   0.0328   0.862   0.04   3.28   0.038      19          
   0.0152     762   0.0315   0.657   0.05   3.15   0.048      24          
   0.0200    1000   0.0320   0.500   0.06   3.20   0.064      32          
   0.0300    1500   0.0313   0.333   0.09   3.13   0.094      47          
   0.0400    2000   0.0295   0.250   0.12   2.95   0.118      59          
   0.0500    2500   0.0272   0.200   0.14   2.72   0.136      68          
   0.0600    3000   0.0257   0.167   0.15   2.57   0.154      77          
   0.0700    3500   0.0243   0.143   0.17   2.43   0.170      85          
   0.0800    4000   0.0227   0.125   0.18   2.27   0.182      91          
   0.0900    4500   0.0220   0.111   0.20   2.20   0.198      99          
   0.1000    5000   0.0212   0.100   0.21   2.12   0.212     106       DET
   0.1100    5500   0.0200   0.091   0.22   2.00   0.220     110       DET
   0.1200    6000   0.0195   0.083   0.23   1.95   0.234     117       DET
   0.1300    6500   0.0194   0.077   0.25   1.94   0.252     126       DET
   0.1400    7000   0.0184   0.071   0.26   1.84   0.258     129       DET
   0.1500    7500   0.0177   0.067   0.27   1.77   0.266     133       DET
   0.1600    8000   0.0173   0.062   0.28   1.73   0.276     138       DET
   0.1700    8500   0.0173   0.059   0.29   1.73   0.294     147       DET
   0.1800    9000   0.0171   0.056   0.31   1.71   0.308     154       DET
   0.1900    9500   0.0166   0.053   0.32   1.66   0.316     158       DET
   0.2000   10000   0.0163   0.050   0.33   1.63   0.326     163       DET
  campaign cuts: tau_q=0.95: pool=2543 purity=0.0267 n_nov=68  tau_q=0.99: pool=513 purity=0.0351 n_nov=18  tau_q=0.995: pool=262 purity=0.0534 n_nov=14
  BEST usable cut: q=0.1000 purity=0.0212 n_novel=106 (headroom 0.21)

  --- scorer 'lid'  (cut-free novel-vs-seen AUC = 0.4216) ---
        q    pool   purity    ceil   head      E   eps_s   n_nov  flags
   0.0010      50   0.0000   1.000   0.00   0.00   0.000       0          
   0.0013      66   0.0000   1.000   0.00   0.00   0.000       0          
   0.0017      86   0.0000   1.000   0.00   0.00   0.000       0          
   0.0023     113   0.0000   1.000   0.00   0.00   0.000       0          
   0.0030     149   0.0067   1.000   0.01   0.67   0.002       1          
   0.0039     195   0.0051   1.000   0.01   0.51   0.002       1          
   0.0051     256   0.0039   1.000   0.00   0.39   0.002       1          
   0.0067     336   0.0030   1.000   0.00   0.30   0.002       1          
   0.0088     442   0.0068   1.000   0.01   0.68   0.006       3          
   0.0116     580   0.0086   0.862   0.01   0.86   0.010       5          
   0.0152     762   0.0092   0.657   0.01   0.92   0.014       7          
   0.0200    1000   0.0080   0.500   0.02   0.80   0.016       8          
   0.0300    1500   0.0080   0.333   0.02   0.80   0.024      12          
   0.0400    2000   0.0090   0.250   0.04   0.90   0.036      18          
   0.0500    2500   0.0080   0.200   0.04   0.80   0.040      20          
   0.0600    3000   0.0087   0.167   0.05   0.87   0.052      26          
   0.0700    3500   0.0077   0.143   0.05   0.77   0.054      27          
   0.0800    4000   0.0080   0.125   0.06   0.80   0.064      32          
   0.0900    4500   0.0080   0.111   0.07   0.80   0.072      36          
   0.1000    5000   0.0078   0.100   0.08   0.78   0.078      39          
   0.1100    5500   0.0073   0.091   0.08   0.73   0.080      40          
   0.1200    6000   0.0068   0.083   0.08   0.68   0.082      41          
   0.1300    6500   0.0071   0.077   0.09   0.71   0.092      46          
   0.1400    7000   0.0071   0.071   0.10   0.71   0.100      50          
   0.1500    7500   0.0071   0.067   0.11   0.71   0.106      53          
   0.1600    8000   0.0069   0.062   0.11   0.69   0.110      55          
   0.1700    8500   0.0066   0.059   0.11   0.66   0.112      56          
   0.1800    9000   0.0066   0.056   0.12   0.66   0.118      59          
   0.1900    9500   0.0067   0.053   0.13   0.67   0.128      64          
   0.2000   10000   0.0067   0.050   0.13   0.67   0.134      67          
  campaign cuts: tau_q=0.95: pool=2495 purity=0.0080 n_nov=20  tau_q=0.99: pool=498 purity=0.0060 n_nov=3  tau_q=0.995: pool=249 purity=0.0040 n_nov=1
  NO usable cut: no q leaves >= 100 novel points

  --- scorer 'np'  (cut-free novel-vs-seen AUC = 0.7862) ---
        q    pool   purity    ceil   head      E   eps_s   n_nov  flags
   0.0010      50   0.5400   1.000   0.54  54.00   0.054      27  GATE    
   0.0013      66   0.5303   1.000   0.53  53.03   0.070      35  GATE    
   0.0017      86   0.5233   1.000   0.52  52.33   0.090      45  GATE    
   0.0023     113   0.4690   1.000   0.47  46.90   0.106      53  GATE    
   0.0030     149   0.4228   1.000   0.42  42.28   0.126      63  GATE    
   0.0039     195   0.3846   1.000   0.38  38.46   0.150      75  GATE    
   0.0051     256   0.3320   1.000   0.33  33.20   0.170      85  GATE    
   0.0067     336   0.2857   1.000   0.29  28.57   0.192      96  GATE    
   0.0088     442   0.2308   1.000   0.23  23.08   0.204     102  GATE DET
   0.0116     580   0.1862   0.862   0.22  18.62   0.216     108  GATE DET
   0.0152     762   0.1509   0.657   0.23  15.09   0.230     115  GATE DET
   0.0200    1000   0.1290   0.500   0.26  12.90   0.258     129       DET
   0.0300    1500   0.0920   0.333   0.28   9.20   0.276     138       DET
   0.0400    2000   0.0765   0.250   0.31   7.65   0.306     153       DET
   0.0500    2500   0.0652   0.200   0.33   6.52   0.326     163       DET
   0.0600    3000   0.0583   0.167   0.35   5.83   0.350     175       DET
   0.0700    3500   0.0554   0.143   0.39   5.54   0.388     194       DET
   0.0800    4000   0.0510   0.125   0.41   5.10   0.408     204       DET
   0.0900    4500   0.0476   0.111   0.43   4.76   0.428     214       DET
   0.1000    5000   0.0458   0.100   0.46   4.58   0.458     229       DET
   0.1100    5500   0.0447   0.091   0.49   4.47   0.492     246       DET
   0.1200    6000   0.0438   0.083   0.53   4.38   0.526     263       DET
   0.1300    6500   0.0432   0.077   0.56   4.32   0.562     281       DET
   0.1400    7000   0.0431   0.071   0.60   4.31   0.604     302       DET
   0.1500    7500   0.0423   0.067   0.63   4.23   0.634     317       DET
   0.1600    8000   0.0411   0.062   0.66   4.11   0.658     329       DET
   0.1700    8500   0.0398   0.059   0.68   3.98   0.676     338       DET
   0.1800    9000   0.0384   0.056   0.69   3.84   0.692     346       DET
   0.1900    9500   0.0367   0.053   0.70   3.67   0.698     349       DET
   0.2000   10000   0.0354   0.050   0.71   3.54   0.708     354       DET
  campaign cuts: tau_q=0.95: pool=2642 purity=0.0632 n_nov=167  tau_q=0.99: pool=604 purity=0.1805 n_nov=109  tau_q=0.995: pool=345 purity=0.2812 n_nov=97
  BEST usable cut: q=0.0088 purity=0.2308 n_novel=102 (headroom 0.23)

######## cifar100_tau0.3_on_s0: N=50000, base rate b=0.0100 (500 novel), holdouts=[99] ########

  --- scorer 'dist'  (cut-free novel-vs-seen AUC = 0.5845) ---
        q    pool   purity    ceil   head      E   eps_s   n_nov  flags
   0.0010      50   0.0600   1.000   0.06   6.00   0.006       3          
   0.0013      66   0.0455   1.000   0.05   4.55   0.006       3          
   0.0017      86   0.0349   1.000   0.03   3.49   0.006       3          
   0.0023     113   0.0442   1.000   0.04   4.42   0.010       5          
   0.0030     149   0.0403   1.000   0.04   4.03   0.012       6          
   0.0039     195   0.0308   1.000   0.03   3.08   0.012       6          
   0.0051     256   0.0312   1.000   0.03   3.12   0.016       8          
   0.0067     336   0.0298   1.000   0.03   2.98   0.020      10          
   0.0088     442   0.0339   1.000   0.03   3.39   0.030      15          
   0.0116     580   0.0310   0.862   0.04   3.10   0.036      18          
   0.0152     762   0.0302   0.657   0.05   3.02   0.046      23          
   0.0200    1000   0.0250   0.500   0.05   2.50   0.050      25          
   0.0300    1500   0.0207   0.333   0.06   2.07   0.062      31          
   0.0400    2000   0.0185   0.250   0.07   1.85   0.074      37          
   0.0500    2500   0.0168   0.200   0.08   1.68   0.084      42          
   0.0600    3000   0.0163   0.167   0.10   1.63   0.098      49          
   0.0700    3500   0.0160   0.143   0.11   1.60   0.112      56          
   0.0800    4000   0.0147   0.125   0.12   1.47   0.118      59          
   0.0900    4500   0.0136   0.111   0.12   1.36   0.122      61          
   0.1000    5000   0.0130   0.100   0.13   1.30   0.130      65          
   0.1100    5500   0.0131   0.091   0.14   1.31   0.144      72          
   0.1200    6000   0.0127   0.083   0.15   1.27   0.152      76          
   0.1300    6500   0.0126   0.077   0.16   1.26   0.164      82          
   0.1400    7000   0.0131   0.071   0.18   1.31   0.184      92          
   0.1500    7500   0.0139   0.067   0.21   1.39   0.208     104       DET
   0.1600    8000   0.0132   0.062   0.21   1.32   0.212     106       DET
   0.1700    8500   0.0133   0.059   0.23   1.33   0.226     113       DET
   0.1800    9000   0.0133   0.056   0.24   1.33   0.240     120       DET
   0.1900    9500   0.0131   0.053   0.25   1.31   0.248     124       DET
   0.2000   10000   0.0130   0.050   0.26   1.30   0.260     130       DET
  campaign cuts: tau_q=0.95: pool=2519 purity=0.0175 n_nov=44  tau_q=0.99: pool=513 purity=0.0351 n_nov=18  tau_q=0.995: pool=256 purity=0.0312 n_nov=8
  BEST usable cut: q=0.1500 purity=0.0139 n_novel=104 (headroom 0.21)

  --- scorer 'lid'  (cut-free novel-vs-seen AUC = 0.3689) ---
        q    pool   purity    ceil   head      E   eps_s   n_nov  flags
   0.0010      50   0.0000   1.000   0.00   0.00   0.000       0          
   0.0013      66   0.0000   1.000   0.00   0.00   0.000       0          
   0.0017      86   0.0000   1.000   0.00   0.00   0.000       0          
   0.0023     113   0.0000   1.000   0.00   0.00   0.000       0          
   0.0030     149   0.0000   1.000   0.00   0.00   0.000       0          
   0.0039     195   0.0000   1.000   0.00   0.00   0.000       0          
   0.0051     256   0.0039   1.000   0.00   0.39   0.002       1          
   0.0067     336   0.0030   1.000   0.00   0.30   0.002       1          
   0.0088     442   0.0023   1.000   0.00   0.23   0.002       1          
   0.0116     580   0.0034   0.862   0.00   0.34   0.004       2          
   0.0152     762   0.0039   0.657   0.01   0.39   0.006       3          
   0.0200    1000   0.0050   0.500   0.01   0.50   0.010       5          
   0.0300    1500   0.0047   0.333   0.01   0.47   0.014       7          
   0.0400    2000   0.0055   0.250   0.02   0.55   0.022      11          
   0.0500    2500   0.0060   0.200   0.03   0.60   0.030      15          
   0.0600    3000   0.0057   0.167   0.03   0.57   0.034      17          
   0.0700    3500   0.0054   0.143   0.04   0.54   0.038      19          
   0.0800    4000   0.0053   0.125   0.04   0.53   0.042      21          
   0.0900    4500   0.0060   0.111   0.05   0.60   0.054      27          
   0.1000    5000   0.0056   0.100   0.06   0.56   0.056      28          
   0.1100    5500   0.0055   0.091   0.06   0.55   0.060      30          
   0.1200    6000   0.0057   0.083   0.07   0.57   0.068      34          
   0.1300    6500   0.0058   0.077   0.08   0.58   0.076      38          
   0.1400    7000   0.0060   0.071   0.08   0.60   0.084      42          
   0.1500    7500   0.0060   0.067   0.09   0.60   0.090      45          
   0.1600    8000   0.0059   0.062   0.09   0.59   0.094      47          
   0.1700    8500   0.0059   0.059   0.10   0.59   0.100      50          
   0.1800    9000   0.0059   0.056   0.11   0.59   0.106      53          
   0.1900    9500   0.0060   0.053   0.11   0.60   0.114      57          
   0.2000   10000   0.0057   0.050   0.11   0.57   0.114      57          
  campaign cuts: tau_q=0.95: pool=2490 purity=0.0060 n_nov=15  tau_q=0.99: pool=496 purity=0.0020 n_nov=1  tau_q=0.995: pool=249 purity=0.0040 n_nov=1
  NO usable cut: no q leaves >= 100 novel points

  --- scorer 'np'  (cut-free novel-vs-seen AUC = 0.9097) ---
        q    pool   purity    ceil   head      E   eps_s   n_nov  flags
   0.0010      50   0.5800   1.000   0.58  58.00   0.058      29  GATE    
   0.0013      66   0.5000   1.000   0.50  50.00   0.066      33  GATE    
   0.0017      86   0.5233   1.000   0.52  52.33   0.090      45  GATE    
   0.0023     113   0.5133   1.000   0.51  51.33   0.116      58  GATE    
   0.0030     149   0.4832   1.000   0.48  48.32   0.144      72  GATE    
   0.0039     195   0.4359   1.000   0.44  43.59   0.170      85  GATE    
   0.0051     256   0.3672   1.000   0.37  36.72   0.188      94  GATE    
   0.0067     336   0.3363   1.000   0.34  33.63   0.226     113  GATE DET
   0.0088     442   0.3054   1.000   0.31  30.54   0.270     135  GATE DET
   0.0116     580   0.2655   0.862   0.31  26.55   0.308     154  GATE DET
   0.0152     762   0.2310   0.657   0.35  23.10   0.352     176  GATE DET
   0.0200    1000   0.1930   0.500   0.39  19.30   0.386     193  GATE DET
   0.0300    1500   0.1620   0.333   0.49  16.20   0.486     243  GATE DET
   0.0400    2000   0.1445   0.250   0.58  14.45   0.578     289       DET
   0.0500    2500   0.1256   0.200   0.63  12.56   0.628     314       DET
   0.0600    3000   0.1103   0.167   0.66  11.03   0.662     331       DET
   0.0700    3500   0.1020   0.143   0.71  10.20   0.714     357       DET
   0.0800    4000   0.0953   0.125   0.76   9.53   0.762     381       DET
   0.0900    4500   0.0887   0.111   0.80   8.87   0.798     399       DET
   0.1000    5000   0.0826   0.100   0.83   8.26   0.826     413       DET
   0.1100    5500   0.0767   0.091   0.84   7.67   0.844     422       DET
   0.1200    6000   0.0715   0.083   0.86   7.15   0.858     429       DET
   0.1300    6500   0.0666   0.077   0.87   6.66   0.866     433       DET
   0.1400    7000   0.0624   0.071   0.87   6.24   0.874     437       DET
   0.1500    7500   0.0589   0.067   0.88   5.89   0.884     442       DET
   0.1600    8000   0.0561   0.062   0.90   5.61   0.898     449       DET
   0.1700    8500   0.0532   0.059   0.90   5.32   0.904     452       DET
   0.1800    9000   0.0506   0.056   0.91   5.06   0.910     455       DET
   0.1900    9500   0.0479   0.053   0.91   4.79   0.910     455       DET
   0.2000   10000   0.0461   0.050   0.92   4.61   0.922     461       DET
  campaign cuts: tau_q=0.95: pool=2798 purity=0.1154 n_nov=323  tau_q=0.99: pool=659 purity=0.2489 n_nov=164  tau_q=0.995: pool=366 purity=0.3224 n_nov=118
  BEST usable cut: q=0.0067 purity=0.3363 n_novel=113 (headroom 0.34)

######## cifar100_tau0.3_on_s1: N=50000, base rate b=0.0100 (500 novel), holdouts=[99] ########

  --- scorer 'dist'  (cut-free novel-vs-seen AUC = 0.6220) ---
        q    pool   purity    ceil   head      E   eps_s   n_nov  flags
   0.0010      50   0.2000   1.000   0.20  20.00   0.020      10  GATE    
   0.0013      66   0.1818   1.000   0.18  18.18   0.024      12  GATE    
   0.0017      86   0.1977   1.000   0.20  19.77   0.034      17  GATE    
   0.0023     113   0.1593   1.000   0.16  15.93   0.036      18  GATE    
   0.0030     149   0.1342   1.000   0.13  13.42   0.040      20          
   0.0039     195   0.1179   1.000   0.12  11.79   0.046      23          
   0.0051     256   0.1016   1.000   0.10  10.16   0.052      26          
   0.0067     336   0.0952   1.000   0.10   9.52   0.064      32          
   0.0088     442   0.0814   1.000   0.08   8.14   0.072      36          
   0.0116     580   0.0638   0.862   0.07   6.38   0.074      37          
   0.0152     762   0.0551   0.657   0.08   5.51   0.084      42          
   0.0200    1000   0.0490   0.500   0.10   4.90   0.098      49          
   0.0300    1500   0.0400   0.333   0.12   4.00   0.120      60          
   0.0400    2000   0.0330   0.250   0.13   3.30   0.132      66          
   0.0500    2500   0.0312   0.200   0.16   3.12   0.156      78          
   0.0600    3000   0.0293   0.167   0.18   2.93   0.176      88          
   0.0700    3500   0.0269   0.143   0.19   2.69   0.188      94          
   0.0800    4000   0.0245   0.125   0.20   2.45   0.196      98          
   0.0900    4500   0.0236   0.111   0.21   2.36   0.212     106       DET
   0.1000    5000   0.0220   0.100   0.22   2.20   0.220     110       DET
   0.1100    5500   0.0205   0.091   0.23   2.05   0.226     113       DET
   0.1200    6000   0.0205   0.083   0.25   2.05   0.246     123       DET
   0.1300    6500   0.0202   0.077   0.26   2.02   0.262     131       DET
   0.1400    7000   0.0193   0.071   0.27   1.93   0.270     135       DET
   0.1500    7500   0.0187   0.067   0.28   1.87   0.280     140       DET
   0.1600    8000   0.0180   0.062   0.29   1.80   0.288     144       DET
   0.1700    8500   0.0176   0.059   0.30   1.76   0.300     150       DET
   0.1800    9000   0.0173   0.056   0.31   1.73   0.312     156       DET
   0.1900    9500   0.0174   0.053   0.33   1.74   0.330     165       DET
   0.2000   10000   0.0171   0.050   0.34   1.71   0.342     171       DET
  campaign cuts: tau_q=0.95: pool=2554 purity=0.0309 n_nov=79  tau_q=0.99: pool=531 purity=0.0678 n_nov=36  tau_q=0.995: pool=275 purity=0.0982 n_nov=27
  BEST usable cut: q=0.0900 purity=0.0236 n_novel=106 (headroom 0.21)

  --- scorer 'lid'  (cut-free novel-vs-seen AUC = 0.3461) ---
        q    pool   purity    ceil   head      E   eps_s   n_nov  flags
   0.0010      50   0.0000   1.000   0.00   0.00   0.000       0          
   0.0013      66   0.0000   1.000   0.00   0.00   0.000       0          
   0.0017      86   0.0000   1.000   0.00   0.00   0.000       0          
   0.0023     113   0.0000   1.000   0.00   0.00   0.000       0          
   0.0030     149   0.0000   1.000   0.00   0.00   0.000       0          
   0.0039     195   0.0000   1.000   0.00   0.00   0.000       0          
   0.0051     256   0.0000   1.000   0.00   0.00   0.000       0          
   0.0067     336   0.0030   1.000   0.00   0.30   0.002       1          
   0.0088     442   0.0023   1.000   0.00   0.23   0.002       1          
   0.0116     580   0.0017   0.862   0.00   0.17   0.002       1          
   0.0152     762   0.0026   0.657   0.00   0.26   0.004       2          
   0.0200    1000   0.0040   0.500   0.01   0.40   0.008       4          
   0.0300    1500   0.0040   0.333   0.01   0.40   0.012       6          
   0.0400    2000   0.0040   0.250   0.02   0.40   0.016       8          
   0.0500    2500   0.0040   0.200   0.02   0.40   0.020      10          
   0.0600    3000   0.0040   0.167   0.02   0.40   0.024      12          
   0.0700    3500   0.0046   0.143   0.03   0.46   0.032      16          
   0.0800    4000   0.0050   0.125   0.04   0.50   0.040      20          
   0.0900    4500   0.0053   0.111   0.05   0.53   0.048      24          
   0.1000    5000   0.0052   0.100   0.05   0.52   0.052      26          
   0.1100    5500   0.0055   0.091   0.06   0.55   0.060      30          
   0.1200    6000   0.0057   0.083   0.07   0.57   0.068      34          
   0.1300    6500   0.0057   0.077   0.07   0.57   0.074      37          
   0.1400    7000   0.0057   0.071   0.08   0.57   0.080      40          
   0.1500    7500   0.0053   0.067   0.08   0.53   0.080      40          
   0.1600    8000   0.0051   0.062   0.08   0.51   0.082      41          
   0.1700    8500   0.0049   0.059   0.08   0.49   0.084      42          
   0.1800    9000   0.0054   0.056   0.10   0.54   0.098      49          
   0.1900    9500   0.0052   0.053   0.10   0.52   0.098      49          
   0.2000   10000   0.0052   0.050   0.10   0.52   0.104      52          
  campaign cuts: tau_q=0.95: pool=2485 purity=0.0040 n_nov=10  tau_q=0.99: pool=496 purity=0.0020 n_nov=1  tau_q=0.995: pool=248 purity=0.0000 n_nov=0
  NO usable cut: no q leaves >= 100 novel points

  --- scorer 'np'  (cut-free novel-vs-seen AUC = 0.7598) ---
        q    pool   purity    ceil   head      E   eps_s   n_nov  flags
   0.0010      50   0.6800   1.000   0.68  68.00   0.068      34  GATE    
   0.0013      66   0.6970   1.000   0.70  69.70   0.092      46  GATE    
   0.0017      86   0.6279   1.000   0.63  62.79   0.108      54  GATE    
   0.0023     113   0.5752   1.000   0.58  57.52   0.130      65  GATE    
   0.0030     149   0.5302   1.000   0.53  53.02   0.158      79  GATE    
   0.0039     195   0.4769   1.000   0.48  47.69   0.186      93  GATE    
   0.0051     256   0.4180   1.000   0.42  41.80   0.214     107  GATE DET
   0.0067     336   0.3482   1.000   0.35  34.82   0.234     117  GATE DET
   0.0088     442   0.3009   1.000   0.30  30.09   0.266     133  GATE DET
   0.0116     580   0.2552   0.862   0.30  25.52   0.296     148  GATE DET
   0.0152     762   0.2126   0.657   0.32  21.26   0.324     162  GATE DET
   0.0200    1000   0.1800   0.500   0.36  18.00   0.360     180  GATE DET
   0.0300    1500   0.1360   0.333   0.41  13.60   0.408     204       DET
   0.0400    2000   0.1115   0.250   0.45  11.15   0.446     223       DET
   0.0500    2500   0.0968   0.200   0.48   9.68   0.484     242       DET
   0.0600    3000   0.0857   0.167   0.51   8.57   0.514     257       DET
   0.0700    3500   0.0797   0.143   0.56   7.97   0.558     279       DET
   0.0800    4000   0.0725   0.125   0.58   7.25   0.580     290       DET
   0.0900    4500   0.0682   0.111   0.61   6.82   0.614     307       DET
   0.1000    5000   0.0646   0.100   0.65   6.46   0.646     323       DET
   0.1100    5500   0.0600   0.091   0.66   6.00   0.660     330       DET
   0.1200    6000   0.0560   0.083   0.67   5.60   0.672     336       DET
   0.1300    6500   0.0529   0.077   0.69   5.29   0.688     344       DET
   0.1400    7000   0.0503   0.071   0.70   5.03   0.704     352       DET
   0.1500    7500   0.0473   0.067   0.71   4.73   0.710     355       DET
   0.1600    8000   0.0450   0.062   0.72   4.50   0.720     360       DET
   0.1700    8500   0.0431   0.059   0.73   4.31   0.732     366       DET
   0.1800    9000   0.0409   0.056   0.74   4.09   0.736     368       DET
   0.1900    9500   0.0391   0.053   0.74   3.91   0.742     371       DET
   0.2000   10000   0.0373   0.050   0.75   3.73   0.746     373       DET
  campaign cuts: tau_q=0.95: pool=2725 purity=0.0917 n_nov=250  tau_q=0.99: pool=648 purity=0.2361 n_nov=153  tau_q=0.995: pool=372 purity=0.3333 n_nov=124
  BEST usable cut: q=0.0051 purity=0.4180 n_novel=107 (headroom 0.42)

######## cifar100_tau0.3_on_s2: N=50000, base rate b=0.0100 (500 novel), holdouts=[99] ########

  --- scorer 'dist'  (cut-free novel-vs-seen AUC = 0.7450) ---
        q    pool   purity    ceil   head      E   eps_s   n_nov  flags
   0.0010      50   0.1400   1.000   0.14  14.00   0.014       7          
   0.0013      66   0.1364   1.000   0.14  13.64   0.018       9          
   0.0017      86   0.1163   1.000   0.12  11.63   0.020      10          
   0.0023     113   0.0885   1.000   0.09   8.85   0.020      10          
   0.0030     149   0.0805   1.000   0.08   8.05   0.024      12          
   0.0039     195   0.0769   1.000   0.08   7.69   0.030      15          
   0.0051     256   0.0742   1.000   0.07   7.42   0.038      19          
   0.0067     336   0.0655   1.000   0.07   6.55   0.044      22          
   0.0088     442   0.0701   1.000   0.07   7.01   0.062      31          
   0.0116     580   0.0759   0.862   0.09   7.59   0.088      44          
   0.0152     762   0.0630   0.657   0.10   6.30   0.096      48          
   0.0200    1000   0.0540   0.500   0.11   5.40   0.108      54          
   0.0300    1500   0.0427   0.333   0.13   4.27   0.128      64          
   0.0400    2000   0.0390   0.250   0.16   3.90   0.156      78          
   0.0500    2500   0.0360   0.200   0.18   3.60   0.180      90          
   0.0600    3000   0.0350   0.167   0.21   3.50   0.210     105       DET
   0.0700    3500   0.0329   0.143   0.23   3.29   0.230     115       DET
   0.0800    4000   0.0305   0.125   0.24   3.05   0.244     122       DET
   0.0900    4500   0.0300   0.111   0.27   3.00   0.270     135       DET
   0.1000    5000   0.0300   0.100   0.30   3.00   0.300     150       DET
   0.1100    5500   0.0280   0.091   0.31   2.80   0.308     154       DET
   0.1200    6000   0.0272   0.083   0.33   2.72   0.326     163       DET
   0.1300    6500   0.0263   0.077   0.34   2.63   0.342     171       DET
   0.1400    7000   0.0256   0.071   0.36   2.56   0.358     179       DET
   0.1500    7500   0.0251   0.067   0.38   2.51   0.376     188       DET
   0.1600    8000   0.0243   0.062   0.39   2.42   0.388     194       DET
   0.1700    8500   0.0239   0.059   0.41   2.39   0.406     203       DET
   0.1800    9000   0.0236   0.056   0.42   2.36   0.424     212       DET
   0.1900    9500   0.0233   0.053   0.44   2.33   0.442     221       DET
   0.2000   10000   0.0232   0.050   0.46   2.32   0.464     232       DET
  campaign cuts: tau_q=0.95: pool=2566 purity=0.0355 n_nov=91  tau_q=0.99: pool=534 purity=0.0730 n_nov=39  tau_q=0.995: pool=268 purity=0.0746 n_nov=20
  BEST usable cut: q=0.0600 purity=0.0350 n_novel=105 (headroom 0.21)

  --- scorer 'lid'  (cut-free novel-vs-seen AUC = 0.4801) ---
        q    pool   purity    ceil   head      E   eps_s   n_nov  flags
   0.0010      50   0.0000   1.000   0.00   0.00   0.000       0          
   0.0013      66   0.0000   1.000   0.00   0.00   0.000       0          
   0.0017      86   0.0000   1.000   0.00   0.00   0.000       0          
   0.0023     113   0.0000   1.000   0.00   0.00   0.000       0          
   0.0030     149   0.0067   1.000   0.01   0.67   0.002       1          
   0.0039     195   0.0154   1.000   0.02   1.54   0.006       3          
   0.0051     256   0.0234   1.000   0.02   2.34   0.012       6          
   0.0067     336   0.0298   1.000   0.03   2.98   0.020      10          
   0.0088     442   0.0271   1.000   0.03   2.71   0.024      12          
   0.0116     580   0.0207   0.862   0.02   2.07   0.024      12          
   0.0152     762   0.0184   0.657   0.03   1.84   0.028      14          
   0.0200    1000   0.0160   0.500   0.03   1.60   0.032      16          
   0.0300    1500   0.0153   0.333   0.05   1.53   0.046      23          
   0.0400    2000   0.0135   0.250   0.05   1.35   0.054      27          
   0.0500    2500   0.0136   0.200   0.07   1.36   0.068      34          
   0.0600    3000   0.0120   0.167   0.07   1.20   0.072      36          
   0.0700    3500   0.0109   0.143   0.08   1.09   0.076      38          
   0.0800    4000   0.0103   0.125   0.08   1.02   0.082      41          
   0.0900    4500   0.0102   0.111   0.09   1.02   0.092      46          
   0.1000    5000   0.0100   0.100   0.10   1.00   0.100      50          
   0.1100    5500   0.0104   0.091   0.11   1.04   0.114      57          
   0.1200    6000   0.0100   0.083   0.12   1.00   0.120      60          
   0.1300    6500   0.0097   0.077   0.13   0.97   0.126      63          
   0.1400    7000   0.0091   0.071   0.13   0.91   0.128      64          
   0.1500    7500   0.0091   0.067   0.14   0.91   0.136      68          
   0.1600    8000   0.0089   0.062   0.14   0.89   0.142      71          
   0.1700    8500   0.0088   0.059   0.15   0.88   0.150      75          
   0.1800    9000   0.0086   0.056   0.15   0.86   0.154      77          
   0.1900    9500   0.0086   0.053   0.16   0.86   0.164      82          
   0.2000   10000   0.0084   0.050   0.17   0.84   0.168      84          
  campaign cuts: tau_q=0.95: pool=2509 purity=0.0136 n_nov=34  tau_q=0.99: pool=507 purity=0.0237 n_nov=12  tau_q=0.995: pool=254 purity=0.0236 n_nov=6
  NO usable cut: no q leaves >= 100 novel points

  --- scorer 'np'  (cut-free novel-vs-seen AUC = 0.6578) ---
        q    pool   purity    ceil   head      E   eps_s   n_nov  flags
   0.0010      50   0.6000   1.000   0.60  60.00   0.060      30  GATE    
   0.0013      66   0.5455   1.000   0.55  54.55   0.072      36  GATE    
   0.0017      86   0.4767   1.000   0.48  47.67   0.082      41  GATE    
   0.0023     113   0.3982   1.000   0.40  39.82   0.090      45  GATE    
   0.0030     149   0.3557   1.000   0.36  35.57   0.106      53  GATE    
   0.0039     195   0.3128   1.000   0.31  31.28   0.122      61  GATE    
   0.0051     256   0.2734   1.000   0.27  27.34   0.140      70  GATE    
   0.0067     336   0.2292   1.000   0.23  22.92   0.154      77  GATE    
   0.0088     442   0.2014   1.000   0.20  20.14   0.178      89  GATE    
   0.0116     580   0.1810   0.862   0.21  18.10   0.210     105  GATE DET
   0.0152     762   0.1575   0.657   0.24  15.75   0.240     120  GATE DET
   0.0200    1000   0.1370   0.500   0.27  13.70   0.274     137       DET
   0.0300    1500   0.1120   0.333   0.34  11.20   0.336     168       DET
   0.0400    2000   0.0965   0.250   0.39   9.65   0.386     193       DET
   0.0500    2500   0.0824   0.200   0.41   8.24   0.412     206       DET
   0.0600    3000   0.0733   0.167   0.44   7.33   0.440     220       DET
   0.0700    3500   0.0691   0.143   0.48   6.91   0.484     242       DET
   0.0800    4000   0.0643   0.125   0.51   6.42   0.514     257       DET
   0.0900    4500   0.0598   0.111   0.54   5.98   0.538     269       DET
   0.1000    5000   0.0558   0.100   0.56   5.58   0.558     279       DET
   0.1100    5500   0.0524   0.091   0.58   5.24   0.576     288       DET
   0.1200    6000   0.0492   0.083   0.59   4.92   0.590     295       DET
   0.1300    6500   0.0460   0.077   0.60   4.60   0.598     299       DET
   0.1400    7000   0.0430   0.071   0.60   4.30   0.602     301       DET
   0.1500    7500   0.0413   0.067   0.62   4.13   0.620     310       DET
   0.1600    8000   0.0393   0.062   0.63   3.92   0.628     314       DET
   0.1700    8500   0.0372   0.059   0.63   3.72   0.632     316       DET
   0.1800    9000   0.0351   0.056   0.63   3.51   0.632     316       DET
   0.1900    9500   0.0334   0.053   0.63   3.34   0.634     317       DET
   0.2000   10000   0.0318   0.050   0.64   3.18   0.636     318       DET
  campaign cuts: tau_q=0.95: pool=2684 purity=0.0779 n_nov=209  tau_q=0.99: pool=601 purity=0.1764 n_nov=106  tau_q=0.995: pool=325 purity=0.2369 n_nov=77
  BEST usable cut: q=0.0116 purity=0.1810 n_novel=105 (headroom 0.21)

######## cifar100_tau1.0_off_s0: N=50000, base rate b=0.0100 (500 novel), holdouts=[99] ########

  --- scorer 'dist'  (cut-free novel-vs-seen AUC = 0.7202) ---
        q    pool   purity    ceil   head      E   eps_s   n_nov  flags
   0.0010      50   0.0200   1.000   0.02   2.00   0.002       1          
   0.0013      66   0.0152   1.000   0.02   1.52   0.002       1          
   0.0017      86   0.0116   1.000   0.01   1.16   0.002       1          
   0.0023     113   0.0088   1.000   0.01   0.88   0.002       1          
   0.0030     149   0.0134   1.000   0.01   1.34   0.004       2          
   0.0039     195   0.0103   1.000   0.01   1.03   0.004       2          
   0.0051     256   0.0156   1.000   0.02   1.56   0.008       4          
   0.0067     336   0.0179   1.000   0.02   1.79   0.012       6          
   0.0088     442   0.0136   1.000   0.01   1.36   0.012       6          
   0.0116     580   0.0155   0.862   0.02   1.55   0.018       9          
   0.0152     762   0.0171   0.657   0.03   1.71   0.026      13          
   0.0200    1000   0.0180   0.500   0.04   1.80   0.036      18          
   0.0300    1500   0.0240   0.333   0.07   2.40   0.072      36          
   0.0400    2000   0.0260   0.250   0.10   2.60   0.104      52          
   0.0500    2500   0.0260   0.200   0.13   2.60   0.130      65          
   0.0600    3000   0.0280   0.167   0.17   2.80   0.168      84          
   0.0700    3500   0.0283   0.143   0.20   2.83   0.198      99          
   0.0800    4000   0.0300   0.125   0.24   3.00   0.240     120       DET
   0.0900    4500   0.0293   0.111   0.26   2.93   0.264     132       DET
   0.1000    5000   0.0284   0.100   0.28   2.84   0.284     142       DET
   0.1100    5500   0.0285   0.091   0.31   2.85   0.314     157       DET
   0.1200    6000   0.0278   0.083   0.33   2.78   0.334     167       DET
   0.1300    6500   0.0275   0.077   0.36   2.75   0.358     179       DET
   0.1400    7000   0.0266   0.071   0.37   2.66   0.372     186       DET
   0.1500    7500   0.0260   0.067   0.39   2.60   0.390     195       DET
   0.1600    8000   0.0260   0.062   0.42   2.60   0.416     208       DET
   0.1700    8500   0.0252   0.059   0.43   2.52   0.428     214       DET
   0.1800    9000   0.0244   0.056   0.44   2.44   0.440     220       DET
   0.1900    9500   0.0245   0.053   0.47   2.45   0.466     233       DET
   0.2000   10000   0.0243   0.050   0.49   2.43   0.486     243       DET
  campaign cuts: tau_q=0.95: pool=2540 purity=0.0256 n_nov=65  tau_q=0.99: pool=502 purity=0.0139 n_nov=7  tau_q=0.995: pool=252 purity=0.0159 n_nov=4
  BEST usable cut: q=0.0800 purity=0.0300 n_novel=120 (headroom 0.24)

  --- scorer 'lid'  (cut-free novel-vs-seen AUC = 0.5517) ---
        q    pool   purity    ceil   head      E   eps_s   n_nov  flags
   0.0010      50   0.1000   1.000   0.10  10.00   0.010       5          
   0.0013      66   0.0758   1.000   0.08   7.58   0.010       5          
   0.0017      86   0.0581   1.000   0.06   5.81   0.010       5          
   0.0023     113   0.0619   1.000   0.06   6.19   0.014       7          
   0.0030     149   0.0470   1.000   0.05   4.70   0.014       7          
   0.0039     195   0.0462   1.000   0.05   4.62   0.018       9          
   0.0051     256   0.0391   1.000   0.04   3.91   0.020      10          
   0.0067     336   0.0357   1.000   0.04   3.57   0.024      12          
   0.0088     442   0.0385   1.000   0.04   3.85   0.034      17          
   0.0116     580   0.0362   0.862   0.04   3.62   0.042      21          
   0.0152     762   0.0341   0.657   0.05   3.41   0.052      26          
   0.0200    1000   0.0330   0.500   0.07   3.30   0.066      33          
   0.0300    1500   0.0280   0.333   0.08   2.80   0.084      42          
   0.0400    2000   0.0240   0.250   0.10   2.40   0.096      48          
   0.0500    2500   0.0236   0.200   0.12   2.36   0.118      59          
   0.0600    3000   0.0220   0.167   0.13   2.20   0.132      66          
   0.0700    3500   0.0191   0.143   0.13   1.91   0.134      67          
   0.0800    4000   0.0175   0.125   0.14   1.75   0.140      70          
   0.0900    4500   0.0167   0.111   0.15   1.67   0.150      75          
   0.1000    5000   0.0154   0.100   0.15   1.54   0.154      77          
   0.1100    5500   0.0147   0.091   0.16   1.47   0.162      81          
   0.1200    6000   0.0142   0.083   0.17   1.42   0.170      85          
   0.1300    6500   0.0135   0.077   0.18   1.35   0.176      88          
   0.1400    7000   0.0129   0.071   0.18   1.29   0.180      90          
   0.1500    7500   0.0124   0.067   0.19   1.24   0.186      93          
   0.1600    8000   0.0121   0.062   0.19   1.21   0.194      97          
   0.1700    8500   0.0119   0.059   0.20   1.19   0.202     101       DET
   0.1800    9000   0.0117   0.056   0.21   1.17   0.210     105       DET
   0.1900    9500   0.0116   0.053   0.22   1.16   0.220     110       DET
   0.2000   10000   0.0114   0.050   0.23   1.14   0.228     114       DET
  campaign cuts: tau_q=0.95: pool=2534 purity=0.0233 n_nov=59  tau_q=0.99: pool=513 purity=0.0351 n_nov=18  tau_q=0.995: pool=258 purity=0.0388 n_nov=10
  BEST usable cut: q=0.1700 purity=0.0119 n_novel=101 (headroom 0.20)

  --- scorer 'np'  (cut-free novel-vs-seen AUC = 0.5679) ---
        q    pool   purity    ceil   head      E   eps_s   n_nov  flags
   0.0010      50   0.7400   1.000   0.74  74.00   0.074      37  GATE    
   0.0013      66   0.6364   1.000   0.64  63.64   0.084      42  GATE    
   0.0017      86   0.5581   1.000   0.56  55.81   0.096      48  GATE    
   0.0023     113   0.4867   1.000   0.49  48.67   0.110      55  GATE    
   0.0030     149   0.4362   1.000   0.44  43.62   0.130      65  GATE    
   0.0039     195   0.3641   1.000   0.36  36.41   0.142      71  GATE    
   0.0051     256   0.3164   1.000   0.32  31.64   0.162      81  GATE    
   0.0067     336   0.2798   1.000   0.28  27.98   0.188      94  GATE    
   0.0088     442   0.2240   1.000   0.22  22.40   0.198      99  GATE    
   0.0116     580   0.1810   0.862   0.21  18.10   0.210     105  GATE DET
   0.0152     762   0.1457   0.657   0.22  14.57   0.222     111       DET
   0.0200    1000   0.1210   0.500   0.24  12.10   0.242     121       DET
   0.0300    1500   0.0953   0.333   0.29   9.53   0.286     143       DET
   0.0400    2000   0.0770   0.250   0.31   7.70   0.308     154       DET
   0.0500    2500   0.0672   0.200   0.34   6.72   0.336     168       DET
   0.0600    3000   0.0597   0.167   0.36   5.97   0.358     179       DET
   0.0700    3500   0.0534   0.143   0.37   5.34   0.374     187       DET
   0.0800    4000   0.0488   0.125   0.39   4.88   0.390     195       DET
   0.0900    4500   0.0442   0.111   0.40   4.42   0.398     199       DET
   0.1000    5000   0.0410   0.100   0.41   4.10   0.410     205       DET
   0.1100    5500   0.0382   0.091   0.42   3.82   0.420     210       DET
   0.1200    6000   0.0358   0.083   0.43   3.58   0.430     215       DET
   0.1300    6500   0.0338   0.077   0.44   3.38   0.440     220       DET
   0.1400    7000   0.0319   0.071   0.45   3.19   0.446     223       DET
   0.1500    7500   0.0300   0.067   0.45   3.00   0.450     225       DET
   0.1600    8000   0.0281   0.062   0.45   2.81   0.450     225       DET
   0.1700    8500   0.0267   0.059   0.45   2.67   0.454     227       DET
   0.1800    9000   0.0253   0.056   0.46   2.53   0.456     228       DET
   0.1900    9500   0.0240   0.053   0.46   2.40   0.456     228       DET
   0.2000   10000   0.0229   0.050   0.46   2.29   0.458     229       DET
  campaign cuts: tau_q=0.95: pool=2650 purity=0.0660 n_nov=175  tau_q=0.99: pool=601 purity=0.1764 n_nov=106  tau_q=0.995: pool=342 purity=0.2749 n_nov=94
  BEST usable cut: q=0.0116 purity=0.1810 n_novel=105 (headroom 0.21)

######## cifar100_tau1.0_off_s1: N=50000, base rate b=0.0100 (500 novel), holdouts=[99] ########

  --- scorer 'dist'  (cut-free novel-vs-seen AUC = 0.6592) ---
        q    pool   purity    ceil   head      E   eps_s   n_nov  flags
   0.0010      50   0.0000   1.000   0.00   0.00   0.000       0          
   0.0013      66   0.0000   1.000   0.00   0.00   0.000       0          
   0.0017      86   0.0116   1.000   0.01   1.16   0.002       1          
   0.0023     113   0.0088   1.000   0.01   0.88   0.002       1          
   0.0030     149   0.0067   1.000   0.01   0.67   0.002       1          
   0.0039     195   0.0103   1.000   0.01   1.03   0.004       2          
   0.0051     256   0.0156   1.000   0.02   1.56   0.008       4          
   0.0067     336   0.0119   1.000   0.01   1.19   0.008       4          
   0.0088     442   0.0113   1.000   0.01   1.13   0.010       5          
   0.0116     580   0.0138   0.862   0.02   1.38   0.016       8          
   0.0152     762   0.0131   0.657   0.02   1.31   0.020      10          
   0.0200    1000   0.0130   0.500   0.03   1.30   0.026      13          
   0.0300    1500   0.0147   0.333   0.04   1.47   0.044      22          
   0.0400    2000   0.0185   0.250   0.07   1.85   0.074      37          
   0.0500    2500   0.0168   0.200   0.08   1.68   0.084      42          
   0.0600    3000   0.0173   0.167   0.10   1.73   0.104      52          
   0.0700    3500   0.0169   0.143   0.12   1.69   0.118      59          
   0.0800    4000   0.0160   0.125   0.13   1.60   0.128      64          
   0.0900    4500   0.0160   0.111   0.14   1.60   0.144      72          
   0.1000    5000   0.0156   0.100   0.16   1.56   0.156      78          
   0.1100    5500   0.0164   0.091   0.18   1.64   0.180      90          
   0.1200    6000   0.0167   0.083   0.20   1.67   0.200     100       DET
   0.1300    6500   0.0162   0.077   0.21   1.62   0.210     105       DET
   0.1400    7000   0.0170   0.071   0.24   1.70   0.238     119       DET
   0.1500    7500   0.0172   0.067   0.26   1.72   0.258     129       DET
   0.1600    8000   0.0171   0.062   0.27   1.71   0.274     137       DET
   0.1700    8500   0.0171   0.059   0.29   1.71   0.290     145       DET
   0.1800    9000   0.0169   0.056   0.30   1.69   0.304     152       DET
   0.1900    9500   0.0169   0.053   0.32   1.69   0.322     161       DET
   0.2000   10000   0.0167   0.050   0.33   1.67   0.334     167       DET
  campaign cuts: tau_q=0.95: pool=2518 purity=0.0171 n_nov=43  tau_q=0.99: pool=501 purity=0.0120 n_nov=6  tau_q=0.995: pool=252 purity=0.0159 n_nov=4
  BEST usable cut: q=0.1500 purity=0.0172 n_novel=129 (headroom 0.26)

  --- scorer 'lid'  (cut-free novel-vs-seen AUC = 0.4818) ---
        q    pool   purity    ceil   head      E   eps_s   n_nov  flags
   0.0010      50   0.0200   1.000   0.02   2.00   0.002       1          
   0.0013      66   0.0303   1.000   0.03   3.03   0.004       2          
   0.0017      86   0.0233   1.000   0.02   2.33   0.004       2          
   0.0023     113   0.0177   1.000   0.02   1.77   0.004       2          
   0.0030     149   0.0134   1.000   0.01   1.34   0.004       2          
   0.0039     195   0.0154   1.000   0.02   1.54   0.006       3          
   0.0051     256   0.0117   1.000   0.01   1.17   0.006       3          
   0.0067     336   0.0119   1.000   0.01   1.19   0.008       4          
   0.0088     442   0.0113   1.000   0.01   1.13   0.010       5          
   0.0116     580   0.0103   0.862   0.01   1.03   0.012       6          
   0.0152     762   0.0079   0.657   0.01   0.79   0.012       6          
   0.0200    1000   0.0110   0.500   0.02   1.10   0.022      11          
   0.0300    1500   0.0100   0.333   0.03   1.00   0.030      15          
   0.0400    2000   0.0100   0.250   0.04   1.00   0.040      20          
   0.0500    2500   0.0096   0.200   0.05   0.96   0.048      24          
   0.0600    3000   0.0090   0.167   0.05   0.90   0.054      27          
   0.0700    3500   0.0091   0.143   0.06   0.91   0.064      32          
   0.0800    4000   0.0092   0.125   0.07   0.92   0.074      37          
   0.0900    4500   0.0093   0.111   0.08   0.93   0.084      42          
   0.1000    5000   0.0090   0.100   0.09   0.90   0.090      45          
   0.1100    5500   0.0087   0.091   0.10   0.87   0.096      48          
   0.1200    6000   0.0085   0.083   0.10   0.85   0.102      51          
   0.1300    6500   0.0086   0.077   0.11   0.86   0.112      56          
   0.1400    7000   0.0086   0.071   0.12   0.86   0.120      60          
   0.1500    7500   0.0085   0.067   0.13   0.85   0.128      64          
   0.1600    8000   0.0085   0.062   0.14   0.85   0.136      68          
   0.1700    8500   0.0082   0.059   0.14   0.82   0.140      70          
   0.1800    9000   0.0079   0.056   0.14   0.79   0.142      71          
   0.1900    9500   0.0077   0.053   0.15   0.77   0.146      73          
   0.2000   10000   0.0079   0.050   0.16   0.79   0.158      79          
  campaign cuts: tau_q=0.95: pool=2499 purity=0.0096 n_nov=24  tau_q=0.99: pool=500 purity=0.0100 n_nov=5  tau_q=0.995: pool=251 purity=0.0120 n_nov=3
  NO usable cut: no q leaves >= 100 novel points

  --- scorer 'np'  (cut-free novel-vs-seen AUC = 0.7272) ---
        q    pool   purity    ceil   head      E   eps_s   n_nov  flags
   0.0010      50   0.7800   1.000   0.78  78.00   0.078      39  GATE    
   0.0013      66   0.7121   1.000   0.71  71.21   0.094      47  GATE    
   0.0017      86   0.6395   1.000   0.64  63.95   0.110      55  GATE    
   0.0023     113   0.6106   1.000   0.61  61.06   0.138      69  GATE    
   0.0030     149   0.5503   1.000   0.55  55.03   0.164      82  GATE    
   0.0039     195   0.4462   1.000   0.45  44.62   0.174      87  GATE    
   0.0051     256   0.3594   1.000   0.36  35.94   0.184      92  GATE    
   0.0067     336   0.2946   1.000   0.29  29.46   0.198      99  GATE    
   0.0088     442   0.2602   1.000   0.26  26.02   0.230     115  GATE DET
   0.0116     580   0.2086   0.862   0.24  20.86   0.242     121  GATE DET
   0.0152     762   0.1654   0.657   0.25  16.54   0.252     126  GATE DET
   0.0200    1000   0.1290   0.500   0.26  12.90   0.258     129       DET
   0.0300    1500   0.0947   0.333   0.28   9.47   0.284     142       DET
   0.0400    2000   0.0740   0.250   0.30   7.40   0.296     148       DET
   0.0500    2500   0.0612   0.200   0.31   6.12   0.306     153       DET
   0.0600    3000   0.0550   0.167   0.33   5.50   0.330     165       DET
   0.0700    3500   0.0497   0.143   0.35   4.97   0.348     174       DET
   0.0800    4000   0.0457   0.125   0.37   4.58   0.366     183       DET
   0.0900    4500   0.0429   0.111   0.39   4.29   0.386     193       DET
   0.1000    5000   0.0402   0.100   0.40   4.02   0.402     201       DET
   0.1100    5500   0.0378   0.091   0.42   3.78   0.416     208       DET
   0.1200    6000   0.0363   0.083   0.44   3.63   0.436     218       DET
   0.1300    6500   0.0345   0.077   0.45   3.45   0.448     224       DET
   0.1400    7000   0.0336   0.071   0.47   3.36   0.470     235       DET
   0.1500    7500   0.0320   0.067   0.48   3.20   0.480     240       DET
   0.1600    8000   0.0310   0.062   0.50   3.10   0.496     248       DET
   0.1700    8500   0.0300   0.059   0.51   3.00   0.510     255       DET
   0.1800    9000   0.0290   0.056   0.52   2.90   0.522     261       DET
   0.1900    9500   0.0287   0.053   0.55   2.87   0.546     273       DET
   0.2000   10000   0.0281   0.050   0.56   2.81   0.562     281       DET
  campaign cuts: tau_q=0.95: pool=2632 purity=0.0597 n_nov=157  tau_q=0.99: pool=617 purity=0.1977 n_nov=122  tau_q=0.995: pool=349 purity=0.2894 n_nov=101
  BEST usable cut: q=0.0088 purity=0.2602 n_novel=115 (headroom 0.26)

######## cifar100_tau1.0_off_s2: N=50000, base rate b=0.0100 (500 novel), holdouts=[99] ########

  --- scorer 'dist'  (cut-free novel-vs-seen AUC = 0.6804) ---
        q    pool   purity    ceil   head      E   eps_s   n_nov  flags
   0.0010      50   0.0200   1.000   0.02   2.00   0.002       1          
   0.0013      66   0.0152   1.000   0.02   1.52   0.002       1          
   0.0017      86   0.0116   1.000   0.01   1.16   0.002       1          
   0.0023     113   0.0088   1.000   0.01   0.88   0.002       1          
   0.0030     149   0.0134   1.000   0.01   1.34   0.004       2          
   0.0039     195   0.0103   1.000   0.01   1.03   0.004       2          
   0.0051     256   0.0117   1.000   0.01   1.17   0.006       3          
   0.0067     336   0.0119   1.000   0.01   1.19   0.008       4          
   0.0088     442   0.0158   1.000   0.02   1.58   0.014       7          
   0.0116     580   0.0172   0.862   0.02   1.72   0.020      10          
   0.0152     762   0.0131   0.657   0.02   1.31   0.020      10          
   0.0200    1000   0.0150   0.500   0.03   1.50   0.030      15          
   0.0300    1500   0.0127   0.333   0.04   1.27   0.038      19          
   0.0400    2000   0.0145   0.250   0.06   1.45   0.058      29          
   0.0500    2500   0.0164   0.200   0.08   1.64   0.082      41          
   0.0600    3000   0.0177   0.167   0.11   1.77   0.106      53          
   0.0700    3500   0.0169   0.143   0.12   1.69   0.118      59          
   0.0800    4000   0.0165   0.125   0.13   1.65   0.132      66          
   0.0900    4500   0.0164   0.111   0.15   1.64   0.148      74          
   0.1000    5000   0.0178   0.100   0.18   1.78   0.178      89          
   0.1100    5500   0.0175   0.091   0.19   1.75   0.192      96          
   0.1200    6000   0.0172   0.083   0.21   1.72   0.206     103       DET
   0.1300    6500   0.0169   0.077   0.22   1.69   0.220     110       DET
   0.1400    7000   0.0173   0.071   0.24   1.73   0.242     121       DET
   0.1500    7500   0.0176   0.067   0.26   1.76   0.264     132       DET
   0.1600    8000   0.0174   0.062   0.28   1.74   0.278     139       DET
   0.1700    8500   0.0169   0.059   0.29   1.69   0.288     144       DET
   0.1800    9000   0.0171   0.056   0.31   1.71   0.308     154       DET
   0.1900    9500   0.0176   0.053   0.33   1.76   0.334     167       DET
   0.2000   10000   0.0177   0.050   0.35   1.77   0.354     177       DET
  campaign cuts: tau_q=0.95: pool=2516 purity=0.0163 n_nov=41  tau_q=0.99: pool=504 purity=0.0179 n_nov=9  tau_q=0.995: pool=251 purity=0.0120 n_nov=3
  BEST usable cut: q=0.2000 purity=0.0177 n_novel=177 (headroom 0.35)

  --- scorer 'lid'  (cut-free novel-vs-seen AUC = 0.4705) ---
        q    pool   purity    ceil   head      E   eps_s   n_nov  flags
   0.0010      50   0.0200   1.000   0.02   2.00   0.002       1          
   0.0013      66   0.0152   1.000   0.02   1.52   0.002       1          
   0.0017      86   0.0116   1.000   0.01   1.16   0.002       1          
   0.0023     113   0.0088   1.000   0.01   0.88   0.002       1          
   0.0030     149   0.0134   1.000   0.01   1.34   0.004       2          
   0.0039     195   0.0154   1.000   0.02   1.54   0.006       3          
   0.0051     256   0.0195   1.000   0.02   1.95   0.010       5          
   0.0067     336   0.0179   1.000   0.02   1.79   0.012       6          
   0.0088     442   0.0158   1.000   0.02   1.58   0.014       7          
   0.0116     580   0.0190   0.862   0.02   1.90   0.022      11          
   0.0152     762   0.0157   0.657   0.02   1.57   0.024      12          
   0.0200    1000   0.0140   0.500   0.03   1.40   0.028      14          
   0.0300    1500   0.0120   0.333   0.04   1.20   0.036      18          
   0.0400    2000   0.0105   0.250   0.04   1.05   0.042      21          
   0.0500    2500   0.0112   0.200   0.06   1.12   0.056      28          
   0.0600    3000   0.0110   0.167   0.07   1.10   0.066      33          
   0.0700    3500   0.0097   0.143   0.07   0.97   0.068      34          
   0.0800    4000   0.0092   0.125   0.07   0.92   0.074      37          
   0.0900    4500   0.0089   0.111   0.08   0.89   0.080      40          
   0.1000    5000   0.0088   0.100   0.09   0.88   0.088      44          
   0.1100    5500   0.0093   0.091   0.10   0.93   0.102      51          
   0.1200    6000   0.0090   0.083   0.11   0.90   0.108      54          
   0.1300    6500   0.0088   0.077   0.11   0.88   0.114      57          
   0.1400    7000   0.0090   0.071   0.13   0.90   0.126      63          
   0.1500    7500   0.0092   0.067   0.14   0.92   0.138      69          
   0.1600    8000   0.0091   0.062   0.15   0.91   0.146      73          
   0.1700    8500   0.0091   0.059   0.15   0.91   0.154      77          
   0.1800    9000   0.0088   0.056   0.16   0.88   0.158      79          
   0.1900    9500   0.0089   0.053   0.17   0.89   0.170      85          
   0.2000   10000   0.0091   0.050   0.18   0.91   0.182      91          
  campaign cuts: tau_q=0.95: pool=2503 purity=0.0112 n_nov=28  tau_q=0.99: pool=503 purity=0.0159 n_nov=8  tau_q=0.995: pool=253 purity=0.0198 n_nov=5
  NO usable cut: no q leaves >= 100 novel points

  --- scorer 'np'  (cut-free novel-vs-seen AUC = 0.4634) ---
        q    pool   purity    ceil   head      E   eps_s   n_nov  flags
   0.0010      50   0.4600   1.000   0.46  46.00   0.046      23  GATE    
   0.0013      66   0.4091   1.000   0.41  40.91   0.054      27  GATE    
   0.0017      86   0.4070   1.000   0.41  40.70   0.070      35  GATE    
   0.0023     113   0.3451   1.000   0.35  34.51   0.078      39  GATE    
   0.0030     149   0.2953   1.000   0.30  29.53   0.088      44  GATE    
   0.0039     195   0.2462   1.000   0.25  24.62   0.096      48  GATE    
   0.0051     256   0.1953   1.000   0.20  19.53   0.100      50  GATE    
   0.0067     336   0.1548   1.000   0.15  15.48   0.104      52  GATE    
   0.0088     442   0.1267   1.000   0.13  12.67   0.112      56          
   0.0116     580   0.1017   0.862   0.12  10.17   0.118      59          
   0.0152     762   0.0814   0.657   0.12   8.14   0.124      62          
   0.0200    1000   0.0640   0.500   0.13   6.40   0.128      64          
   0.0300    1500   0.0447   0.333   0.13   4.47   0.134      67          
   0.0400    2000   0.0365   0.250   0.15   3.65   0.146      73          
   0.0500    2500   0.0324   0.200   0.16   3.24   0.162      81          
   0.0600    3000   0.0293   0.167   0.18   2.93   0.176      88          
   0.0700    3500   0.0269   0.143   0.19   2.69   0.188      94          
   0.0800    4000   0.0240   0.125   0.19   2.40   0.192      96          
   0.0900    4500   0.0227   0.111   0.20   2.27   0.204     102       DET
   0.1000    5000   0.0212   0.100   0.21   2.12   0.212     106       DET
   0.1100    5500   0.0198   0.091   0.22   1.98   0.218     109       DET
   0.1200    6000   0.0190   0.083   0.23   1.90   0.228     114       DET
   0.1300    6500   0.0183   0.077   0.24   1.83   0.238     119       DET
   0.1400    7000   0.0180   0.071   0.25   1.80   0.252     126       DET
   0.1500    7500   0.0172   0.067   0.26   1.72   0.258     129       DET
   0.1600    8000   0.0166   0.062   0.27   1.66   0.266     133       DET
   0.1700    8500   0.0161   0.059   0.27   1.61   0.274     137       DET
   0.1800    9000   0.0157   0.056   0.28   1.57   0.282     141       DET
   0.1900    9500   0.0151   0.053   0.29   1.51   0.286     143       DET
   0.2000   10000   0.0146   0.050   0.29   1.46   0.292     146       DET
  campaign cuts: tau_q=0.95: pool=2556 purity=0.0317 n_nov=81  tau_q=0.99: pool=553 purity=0.1049 n_nov=58  tau_q=0.995: pool=299 purity=0.1706 n_nov=51
  BEST usable cut: q=0.0900 purity=0.0227 n_novel=102 (headroom 0.20)

######## cifar100_tau1.0_on_s0: N=50000, base rate b=0.0100 (500 novel), holdouts=[99] ########

  --- scorer 'dist'  (cut-free novel-vs-seen AUC = 0.7279) ---
        q    pool   purity    ceil   head      E   eps_s   n_nov  flags
   0.0010      50   0.0400   1.000   0.04   4.00   0.004       2          
   0.0013      66   0.0455   1.000   0.05   4.55   0.006       3          
   0.0017      86   0.0465   1.000   0.05   4.65   0.008       4          
   0.0023     113   0.0708   1.000   0.07   7.08   0.016       8          
   0.0030     149   0.0671   1.000   0.07   6.71   0.020      10          
   0.0039     195   0.0615   1.000   0.06   6.15   0.024      12          
   0.0051     256   0.0508   1.000   0.05   5.08   0.026      13          
   0.0067     336   0.0417   1.000   0.04   4.17   0.028      14          
   0.0088     442   0.0385   1.000   0.04   3.85   0.034      17          
   0.0116     580   0.0345   0.862   0.04   3.45   0.040      20          
   0.0152     762   0.0341   0.657   0.05   3.41   0.052      26          
   0.0200    1000   0.0340   0.500   0.07   3.40   0.068      34          
   0.0300    1500   0.0307   0.333   0.09   3.07   0.092      46          
   0.0400    2000   0.0285   0.250   0.11   2.85   0.114      57          
   0.0500    2500   0.0300   0.200   0.15   3.00   0.150      75          
   0.0600    3000   0.0283   0.167   0.17   2.83   0.170      85          
   0.0700    3500   0.0266   0.143   0.19   2.66   0.186      93          
   0.0800    4000   0.0257   0.125   0.21   2.57   0.206     103       DET
   0.0900    4500   0.0260   0.111   0.23   2.60   0.234     117       DET
   0.1000    5000   0.0248   0.100   0.25   2.48   0.248     124       DET
   0.1100    5500   0.0249   0.091   0.27   2.49   0.274     137       DET
   0.1200    6000   0.0248   0.083   0.30   2.48   0.298     149       DET
   0.1300    6500   0.0245   0.077   0.32   2.45   0.318     159       DET
   0.1400    7000   0.0239   0.071   0.33   2.39   0.334     167       DET
   0.1500    7500   0.0236   0.067   0.35   2.36   0.354     177       DET
   0.1600    8000   0.0234   0.062   0.37   2.34   0.374     187       DET
   0.1700    8500   0.0238   0.059   0.40   2.38   0.404     202       DET
   0.1800    9000   0.0228   0.056   0.41   2.28   0.410     205       DET
   0.1900    9500   0.0222   0.053   0.42   2.22   0.422     211       DET
   0.2000   10000   0.0217   0.050   0.43   2.17   0.434     217       DET
  campaign cuts: tau_q=0.95: pool=2552 purity=0.0302 n_nov=77  tau_q=0.99: pool=513 purity=0.0351 n_nov=18  tau_q=0.995: pool=261 purity=0.0498 n_nov=13
  BEST usable cut: q=0.0900 purity=0.0260 n_novel=117 (headroom 0.23)

  --- scorer 'lid'  (cut-free novel-vs-seen AUC = 0.4222) ---
        q    pool   purity    ceil   head      E   eps_s   n_nov  flags
   0.0010      50   0.0200   1.000   0.02   2.00   0.002       1          
   0.0013      66   0.0152   1.000   0.02   1.52   0.002       1          
   0.0017      86   0.0116   1.000   0.01   1.16   0.002       1          
   0.0023     113   0.0177   1.000   0.02   1.77   0.004       2          
   0.0030     149   0.0201   1.000   0.02   2.01   0.006       3          
   0.0039     195   0.0154   1.000   0.02   1.54   0.006       3          
   0.0051     256   0.0117   1.000   0.01   1.17   0.006       3          
   0.0067     336   0.0089   1.000   0.01   0.89   0.006       3          
   0.0088     442   0.0068   1.000   0.01   0.68   0.006       3          
   0.0116     580   0.0086   0.862   0.01   0.86   0.010       5          
   0.0152     762   0.0092   0.657   0.01   0.92   0.014       7          
   0.0200    1000   0.0110   0.500   0.02   1.10   0.022      11          
   0.0300    1500   0.0100   0.333   0.03   1.00   0.030      15          
   0.0400    2000   0.0080   0.250   0.03   0.80   0.032      16          
   0.0500    2500   0.0108   0.200   0.05   1.08   0.054      27          
   0.0600    3000   0.0093   0.167   0.06   0.93   0.056      28          
   0.0700    3500   0.0103   0.143   0.07   1.03   0.072      36          
   0.0800    4000   0.0090   0.125   0.07   0.90   0.072      36          
   0.0900    4500   0.0098   0.111   0.09   0.98   0.088      44          
   0.1000    5000   0.0094   0.100   0.09   0.94   0.094      47          
   0.1100    5500   0.0093   0.091   0.10   0.93   0.102      51          
   0.1200    6000   0.0090   0.083   0.11   0.90   0.108      54          
   0.1300    6500   0.0092   0.077   0.12   0.92   0.120      60          
   0.1400    7000   0.0091   0.071   0.13   0.91   0.128      64          
   0.1500    7500   0.0089   0.067   0.13   0.89   0.134      67          
   0.1600    8000   0.0094   0.062   0.15   0.94   0.150      75          
   0.1700    8500   0.0091   0.059   0.15   0.91   0.154      77          
   0.1800    9000   0.0090   0.056   0.16   0.90   0.162      81          
   0.1900    9500   0.0086   0.053   0.16   0.86   0.164      82          
   0.2000   10000   0.0084   0.050   0.17   0.84   0.168      84          
  campaign cuts: tau_q=0.95: pool=2502 purity=0.0108 n_nov=27  tau_q=0.99: pool=499 purity=0.0080 n_nov=4  tau_q=0.995: pool=251 purity=0.0120 n_nov=3
  NO usable cut: no q leaves >= 100 novel points

  --- scorer 'np'  (cut-free novel-vs-seen AUC = 0.8089) ---
        q    pool   purity    ceil   head      E   eps_s   n_nov  flags
   0.0010      50   0.2400   1.000   0.24  24.00   0.024      12  GATE    
   0.0013      66   0.2121   1.000   0.21  21.21   0.028      14  GATE    
   0.0017      86   0.1744   1.000   0.17  17.44   0.030      15  GATE    
   0.0023     113   0.1858   1.000   0.19  18.58   0.042      21  GATE    
   0.0030     149   0.1745   1.000   0.17  17.45   0.052      26  GATE    
   0.0039     195   0.1692   1.000   0.17  16.92   0.066      33  GATE    
   0.0051     256   0.1602   1.000   0.16  16.02   0.082      41  GATE    
   0.0067     336   0.1458   1.000   0.15  14.58   0.098      49          
   0.0088     442   0.1312   1.000   0.13  13.12   0.116      58          
   0.0116     580   0.1155   0.862   0.13  11.55   0.134      67          
   0.0152     762   0.1037   0.657   0.16  10.37   0.158      79          
   0.0200    1000   0.0940   0.500   0.19   9.40   0.188      94          
   0.0300    1500   0.0747   0.333   0.22   7.47   0.224     112       DET
   0.0400    2000   0.0655   0.250   0.26   6.55   0.262     131       DET
   0.0500    2500   0.0592   0.200   0.30   5.92   0.296     148       DET
   0.0600    3000   0.0557   0.167   0.33   5.57   0.334     167       DET
   0.0700    3500   0.0514   0.143   0.36   5.14   0.360     180       DET
   0.0800    4000   0.0488   0.125   0.39   4.88   0.390     195       DET
   0.0900    4500   0.0476   0.111   0.43   4.76   0.428     214       DET
   0.1000    5000   0.0466   0.100   0.47   4.66   0.466     233       DET
   0.1100    5500   0.0460   0.091   0.51   4.60   0.506     253       DET
   0.1200    6000   0.0445   0.083   0.53   4.45   0.534     267       DET
   0.1300    6500   0.0431   0.077   0.56   4.31   0.560     280       DET
   0.1400    7000   0.0426   0.071   0.60   4.26   0.596     298       DET
   0.1500    7500   0.0411   0.067   0.62   4.11   0.616     308       DET
   0.1600    8000   0.0398   0.062   0.64   3.98   0.636     318       DET
   0.1700    8500   0.0389   0.059   0.66   3.89   0.662     331       DET
   0.1800    9000   0.0376   0.056   0.68   3.76   0.676     338       DET
   0.1900    9500   0.0364   0.053   0.69   3.64   0.692     346       DET
   0.2000   10000   0.0350   0.050   0.70   3.50   0.700     350       DET
  campaign cuts: tau_q=0.95: pool=2625 purity=0.0571 n_nov=150  tau_q=0.99: pool=560 purity=0.1161 n_nov=65  tau_q=0.995: pool=296 purity=0.1622 n_nov=48
  BEST usable cut: q=0.0300 purity=0.0747 n_novel=112 (headroom 0.22)

######## cifar100_tau1.0_on_s1: N=50000, base rate b=0.0100 (500 novel), holdouts=[99] ########

  --- scorer 'dist'  (cut-free novel-vs-seen AUC = 0.8008) ---
        q    pool   purity    ceil   head      E   eps_s   n_nov  flags
   0.0010      50   0.2400   1.000   0.24  24.00   0.024      12  GATE    
   0.0013      66   0.1970   1.000   0.20  19.70   0.026      13  GATE    
   0.0017      86   0.1512   1.000   0.15  15.12   0.026      13  GATE    
   0.0023     113   0.1416   1.000   0.14  14.16   0.032      16          
   0.0030     149   0.1409   1.000   0.14  14.09   0.042      21          
   0.0039     195   0.1385   1.000   0.14  13.85   0.054      27          
   0.0051     256   0.1250   1.000   0.12  12.50   0.064      32          
   0.0067     336   0.1190   1.000   0.12  11.90   0.080      40          
   0.0088     442   0.1086   1.000   0.11  10.86   0.096      48          
   0.0116     580   0.0983   0.862   0.11   9.83   0.114      57          
   0.0152     762   0.0919   0.657   0.14   9.19   0.140      70          
   0.0200    1000   0.0860   0.500   0.17   8.60   0.172      86          
   0.0300    1500   0.0727   0.333   0.22   7.27   0.218     109       DET
   0.0400    2000   0.0625   0.250   0.25   6.25   0.250     125       DET
   0.0500    2500   0.0568   0.200   0.28   5.68   0.284     142       DET
   0.0600    3000   0.0523   0.167   0.31   5.23   0.314     157       DET
   0.0700    3500   0.0486   0.143   0.34   4.86   0.340     170       DET
   0.0800    4000   0.0447   0.125   0.36   4.47   0.358     179       DET
   0.0900    4500   0.0420   0.111   0.38   4.20   0.378     189       DET
   0.1000    5000   0.0396   0.100   0.40   3.96   0.396     198       DET
   0.1100    5500   0.0382   0.091   0.42   3.82   0.420     210       DET
   0.1200    6000   0.0358   0.083   0.43   3.58   0.430     215       DET
   0.1300    6500   0.0346   0.077   0.45   3.46   0.450     225       DET
   0.1400    7000   0.0336   0.071   0.47   3.36   0.470     235       DET
   0.1500    7500   0.0323   0.067   0.48   3.23   0.484     242       DET
   0.1600    8000   0.0314   0.062   0.50   3.14   0.502     251       DET
   0.1700    8500   0.0306   0.059   0.52   3.06   0.520     260       DET
   0.1800    9000   0.0300   0.056   0.54   3.00   0.540     270       DET
   0.1900    9500   0.0296   0.053   0.56   2.96   0.562     281       DET
   0.2000   10000   0.0292   0.050   0.58   2.92   0.584     292       DET
  campaign cuts: tau_q=0.95: pool=2622 purity=0.0561 n_nov=147  tau_q=0.99: pool=550 purity=0.1000 n_nov=55  tau_q=0.995: pool=283 purity=0.1237 n_nov=35
  BEST usable cut: q=0.0300 purity=0.0727 n_novel=109 (headroom 0.22)

  --- scorer 'lid'  (cut-free novel-vs-seen AUC = 0.3828) ---
        q    pool   purity    ceil   head      E   eps_s   n_nov  flags
   0.0010      50   0.0000   1.000   0.00   0.00   0.000       0          
   0.0013      66   0.0000   1.000   0.00   0.00   0.000       0          
   0.0017      86   0.0000   1.000   0.00   0.00   0.000       0          
   0.0023     113   0.0000   1.000   0.00   0.00   0.000       0          
   0.0030     149   0.0067   1.000   0.01   0.67   0.002       1          
   0.0039     195   0.0051   1.000   0.01   0.51   0.002       1          
   0.0051     256   0.0156   1.000   0.02   1.56   0.008       4          
   0.0067     336   0.0149   1.000   0.01   1.49   0.010       5          
   0.0088     442   0.0136   1.000   0.01   1.36   0.012       6          
   0.0116     580   0.0172   0.862   0.02   1.72   0.020      10          
   0.0152     762   0.0144   0.657   0.02   1.44   0.022      11          
   0.0200    1000   0.0130   0.500   0.03   1.30   0.026      13          
   0.0300    1500   0.0113   0.333   0.03   1.13   0.034      17          
   0.0400    2000   0.0095   0.250   0.04   0.95   0.038      19          
   0.0500    2500   0.0084   0.200   0.04   0.84   0.042      21          
   0.0600    3000   0.0083   0.167   0.05   0.83   0.050      25          
   0.0700    3500   0.0077   0.143   0.05   0.77   0.054      27          
   0.0800    4000   0.0085   0.125   0.07   0.85   0.068      34          
   0.0900    4500   0.0084   0.111   0.08   0.84   0.076      38          
   0.1000    5000   0.0080   0.100   0.08   0.80   0.080      40          
   0.1100    5500   0.0078   0.091   0.09   0.78   0.086      43          
   0.1200    6000   0.0073   0.083   0.09   0.73   0.088      44          
   0.1300    6500   0.0071   0.077   0.09   0.71   0.092      46          
   0.1400    7000   0.0069   0.071   0.10   0.69   0.096      48          
   0.1500    7500   0.0065   0.067   0.10   0.65   0.098      49          
   0.1600    8000   0.0064   0.062   0.10   0.64   0.102      51          
   0.1700    8500   0.0065   0.059   0.11   0.65   0.110      55          
   0.1800    9000   0.0067   0.056   0.12   0.67   0.120      60          
   0.1900    9500   0.0064   0.053   0.12   0.64   0.122      61          
   0.2000   10000   0.0064   0.050   0.13   0.64   0.128      64          
  campaign cuts: tau_q=0.95: pool=2496 purity=0.0084 n_nov=21  tau_q=0.99: pool=505 purity=0.0198 n_nov=10  tau_q=0.995: pool=250 purity=0.0080 n_nov=2
  NO usable cut: no q leaves >= 100 novel points

  --- scorer 'np'  (cut-free novel-vs-seen AUC = 0.7595) ---
        q    pool   purity    ceil   head      E   eps_s   n_nov  flags
   0.0010      50   0.9800   1.000   0.98  98.00   0.098      49  GATE    
   0.0013      66   0.9545   1.000   0.95  95.45   0.126      63  GATE    
   0.0017      86   0.9186   1.000   0.92  91.86   0.158      79  GATE    
   0.0023     113   0.8938   1.000   0.89  89.38   0.202     101  GATE DET
   0.0030     149   0.7852   1.000   0.79  78.52   0.234     117  GATE DET
   0.0039     195   0.6974   1.000   0.70  69.74   0.272     136  GATE DET
   0.0051     256   0.6016   1.000   0.60  60.16   0.308     154  GATE DET
   0.0067     336   0.5119   1.000   0.51  51.19   0.344     172  GATE DET
   0.0088     442   0.4321   1.000   0.43  43.21   0.382     191  GATE DET
   0.0116     580   0.3586   0.862   0.42  35.86   0.416     208  GATE DET
   0.0152     762   0.3058   0.657   0.47  30.58   0.466     233  GATE DET
   0.0200    1000   0.2410   0.500   0.48  24.10   0.482     241  GATE DET
   0.0300    1500   0.1800   0.333   0.54  18.00   0.540     270  GATE DET
   0.0400    2000   0.1405   0.250   0.56  14.05   0.562     281       DET
   0.0500    2500   0.1188   0.200   0.59  11.88   0.594     297       DET
   0.0600    3000   0.1037   0.167   0.62  10.37   0.622     311       DET
   0.0700    3500   0.0917   0.143   0.64   9.17   0.642     321       DET
   0.0800    4000   0.0818   0.125   0.65   8.18   0.654     327       DET
   0.0900    4500   0.0751   0.111   0.68   7.51   0.676     338       DET
   0.1000    5000   0.0690   0.100   0.69   6.90   0.690     345       DET
   0.1100    5500   0.0638   0.091   0.70   6.38   0.702     351       DET
   0.1200    6000   0.0595   0.083   0.71   5.95   0.714     357       DET
   0.1300    6500   0.0555   0.077   0.72   5.55   0.722     361       DET
   0.1400    7000   0.0517   0.071   0.72   5.17   0.724     362       DET
   0.1500    7500   0.0483   0.067   0.72   4.83   0.724     362       DET
   0.1600    8000   0.0457   0.062   0.73   4.58   0.732     366       DET
   0.1700    8500   0.0431   0.059   0.73   4.31   0.732     366       DET
   0.1800    9000   0.0407   0.056   0.73   4.07   0.732     366       DET
   0.1900    9500   0.0386   0.053   0.73   3.86   0.734     367       DET
   0.2000   10000   0.0367   0.050   0.73   3.67   0.734     367       DET
  campaign cuts: tau_q=0.95: pool=2781 purity=0.1100 n_nov=306  tau_q=0.99: pool=719 purity=0.3115 n_nov=224  tau_q=0.995: pool=438 purity=0.4338 n_nov=190
  BEST usable cut: q=0.0023 purity=0.8938 n_novel=101 (headroom 0.89)

######## cifar100_tau1.0_on_s2: N=50000, base rate b=0.0100 (500 novel), holdouts=[99] ########

  --- scorer 'dist'  (cut-free novel-vs-seen AUC = 0.7931) ---
        q    pool   purity    ceil   head      E   eps_s   n_nov  flags
   0.0010      50   0.0600   1.000   0.06   6.00   0.006       3          
   0.0013      66   0.0909   1.000   0.09   9.09   0.012       6          
   0.0017      86   0.0930   1.000   0.09   9.30   0.016       8          
   0.0023     113   0.0796   1.000   0.08   7.96   0.018       9          
   0.0030     149   0.0738   1.000   0.07   7.38   0.022      11          
   0.0039     195   0.0667   1.000   0.07   6.67   0.026      13          
   0.0051     256   0.0586   1.000   0.06   5.86   0.030      15          
   0.0067     336   0.0506   1.000   0.05   5.06   0.034      17          
   0.0088     442   0.0543   1.000   0.05   5.43   0.048      24          
   0.0116     580   0.0569   0.862   0.07   5.69   0.066      33          
   0.0152     762   0.0538   0.657   0.08   5.38   0.082      41          
   0.0200    1000   0.0560   0.500   0.11   5.60   0.112      56          
   0.0300    1500   0.0533   0.333   0.16   5.33   0.160      80          
   0.0400    2000   0.0495   0.250   0.20   4.95   0.198      99          
   0.0500    2500   0.0436   0.200   0.22   4.36   0.218     109       DET
   0.0600    3000   0.0433   0.167   0.26   4.33   0.260     130       DET
   0.0700    3500   0.0414   0.143   0.29   4.14   0.290     145       DET
   0.0800    4000   0.0405   0.125   0.32   4.05   0.324     162       DET
   0.0900    4500   0.0387   0.111   0.35   3.87   0.348     174       DET
   0.1000    5000   0.0384   0.100   0.38   3.84   0.384     192       DET
   0.1100    5500   0.0375   0.091   0.41   3.75   0.412     206       DET
   0.1200    6000   0.0368   0.083   0.44   3.68   0.442     221       DET
   0.1300    6500   0.0351   0.077   0.46   3.51   0.456     228       DET
   0.1400    7000   0.0344   0.071   0.48   3.44   0.482     241       DET
   0.1500    7500   0.0337   0.067   0.51   3.37   0.506     253       DET
   0.1600    8000   0.0329   0.062   0.53   3.29   0.526     263       DET
   0.1700    8500   0.0319   0.059   0.54   3.19   0.542     271       DET
   0.1800    9000   0.0314   0.056   0.57   3.14   0.566     283       DET
   0.1900    9500   0.0308   0.053   0.59   3.08   0.586     293       DET
   0.2000   10000   0.0303   0.050   0.61   3.03   0.606     303       DET
  campaign cuts: tau_q=0.95: pool=2589 purity=0.0440 n_nov=114  tau_q=0.99: pool=525 purity=0.0571 n_nov=30  tau_q=0.995: pool=263 purity=0.0570 n_nov=15
  BEST usable cut: q=0.0500 purity=0.0436 n_novel=109 (headroom 0.22)

  --- scorer 'lid'  (cut-free novel-vs-seen AUC = 0.5308) ---
        q    pool   purity    ceil   head      E   eps_s   n_nov  flags
   0.0010      50   0.0000   1.000   0.00   0.00   0.000       0          
   0.0013      66   0.0000   1.000   0.00   0.00   0.000       0          
   0.0017      86   0.0000   1.000   0.00   0.00   0.000       0          
   0.0023     113   0.0000   1.000   0.00   0.00   0.000       0          
   0.0030     149   0.0000   1.000   0.00   0.00   0.000       0          
   0.0039     195   0.0000   1.000   0.00   0.00   0.000       0          
   0.0051     256   0.0117   1.000   0.01   1.17   0.006       3          
   0.0067     336   0.0119   1.000   0.01   1.19   0.008       4          
   0.0088     442   0.0090   1.000   0.01   0.90   0.008       4          
   0.0116     580   0.0103   0.862   0.01   1.03   0.012       6          
   0.0152     762   0.0144   0.657   0.02   1.44   0.022      11          
   0.0200    1000   0.0120   0.500   0.02   1.20   0.024      12          
   0.0300    1500   0.0100   0.333   0.03   1.00   0.030      15          
   0.0400    2000   0.0100   0.250   0.04   1.00   0.040      20          
   0.0500    2500   0.0096   0.200   0.05   0.96   0.048      24          
   0.0600    3000   0.0110   0.167   0.07   1.10   0.066      33          
   0.0700    3500   0.0131   0.143   0.09   1.31   0.092      46          
   0.0800    4000   0.0127   0.125   0.10   1.27   0.102      51          
   0.0900    4500   0.0120   0.111   0.11   1.20   0.108      54          
   0.1000    5000   0.0122   0.100   0.12   1.22   0.122      61          
   0.1100    5500   0.0129   0.091   0.14   1.29   0.142      71          
   0.1200    6000   0.0127   0.083   0.15   1.27   0.152      76          
   0.1300    6500   0.0126   0.077   0.16   1.26   0.164      82          
   0.1400    7000   0.0123   0.071   0.17   1.23   0.172      86          
   0.1500    7500   0.0123   0.067   0.18   1.23   0.184      92          
   0.1600    8000   0.0130   0.062   0.21   1.30   0.208     104       DET
   0.1700    8500   0.0125   0.059   0.21   1.25   0.212     106       DET
   0.1800    9000   0.0121   0.056   0.22   1.21   0.218     109       DET
   0.1900    9500   0.0122   0.053   0.23   1.22   0.232     116       DET
   0.2000   10000   0.0123   0.050   0.25   1.23   0.246     123       DET
  campaign cuts: tau_q=0.95: pool=2499 purity=0.0096 n_nov=24  tau_q=0.99: pool=499 purity=0.0080 n_nov=4  tau_q=0.995: pool=251 purity=0.0120 n_nov=3
  BEST usable cut: q=0.1600 purity=0.0130 n_novel=104 (headroom 0.21)

  --- scorer 'np'  (cut-free novel-vs-seen AUC = 0.7169) ---
        q    pool   purity    ceil   head      E   eps_s   n_nov  flags
   0.0010      50   0.8000   1.000   0.80  80.00   0.080      40  GATE    
   0.0013      66   0.7424   1.000   0.74  74.24   0.098      49  GATE    
   0.0017      86   0.6628   1.000   0.66  66.28   0.114      57  GATE    
   0.0023     113   0.5664   1.000   0.57  56.64   0.128      64  GATE    
   0.0030     149   0.5101   1.000   0.51  51.01   0.152      76  GATE    
   0.0039     195   0.4410   1.000   0.44  44.10   0.172      86  GATE    
   0.0051     256   0.3828   1.000   0.38  38.28   0.196      98  GATE    
   0.0067     336   0.3304   1.000   0.33  33.04   0.222     111  GATE DET
   0.0088     442   0.2805   1.000   0.28  28.05   0.248     124  GATE DET
   0.0116     580   0.2379   0.862   0.28  23.79   0.276     138  GATE DET
   0.0152     762   0.1982   0.657   0.30  19.82   0.302     151  GATE DET
   0.0200    1000   0.1620   0.500   0.32  16.20   0.324     162  GATE DET
   0.0300    1500   0.1160   0.333   0.35  11.60   0.348     174       DET
   0.0400    2000   0.0945   0.250   0.38   9.45   0.378     189       DET
   0.0500    2500   0.0812   0.200   0.41   8.12   0.406     203       DET
   0.0600    3000   0.0710   0.167   0.43   7.10   0.426     213       DET
   0.0700    3500   0.0660   0.143   0.46   6.60   0.462     231       DET
   0.0800    4000   0.0602   0.125   0.48   6.02   0.482     241       DET
   0.0900    4500   0.0547   0.111   0.49   5.47   0.492     246       DET
   0.1000    5000   0.0516   0.100   0.52   5.16   0.516     258       DET
   0.1100    5500   0.0493   0.091   0.54   4.93   0.542     271       DET
   0.1200    6000   0.0467   0.083   0.56   4.67   0.560     280       DET
   0.1300    6500   0.0442   0.077   0.57   4.42   0.574     287       DET
   0.1400    7000   0.0433   0.071   0.61   4.33   0.606     303       DET
   0.1500    7500   0.0411   0.067   0.62   4.11   0.616     308       DET
   0.1600    8000   0.0393   0.062   0.63   3.92   0.628     314       DET
   0.1700    8500   0.0381   0.059   0.65   3.81   0.648     324       DET
   0.1800    9000   0.0364   0.056   0.66   3.64   0.656     328       DET
   0.1900    9500   0.0351   0.053   0.67   3.51   0.666     333       DET
   0.2000   10000   0.0341   0.050   0.68   3.41   0.682     341       DET
  campaign cuts: tau_q=0.95: pool=2680 purity=0.0765 n_nov=205  tau_q=0.99: pool=633 purity=0.2180 n_nov=138  tau_q=0.995: pool=362 purity=0.3149 n_nov=114
  BEST usable cut: q=0.0067 purity=0.3304 n_novel=111 (headroom 0.33)

######## cifar100_tau3.0_off_s0: N=50000, base rate b=0.0100 (500 novel), holdouts=[99] ########

  --- scorer 'dist'  (cut-free novel-vs-seen AUC = 0.7112) ---
        q    pool   purity    ceil   head      E   eps_s   n_nov  flags
   0.0010      50   0.0000   1.000   0.00   0.00   0.000       0          
   0.0013      66   0.0000   1.000   0.00   0.00   0.000       0          
   0.0017      86   0.0000   1.000   0.00   0.00   0.000       0          
   0.0023     113   0.0000   1.000   0.00   0.00   0.000       0          
   0.0030     149   0.0000   1.000   0.00   0.00   0.000       0          
   0.0039     195   0.0000   1.000   0.00   0.00   0.000       0          
   0.0051     256   0.0117   1.000   0.01   1.17   0.006       3          
   0.0067     336   0.0119   1.000   0.01   1.19   0.008       4          
   0.0088     442   0.0090   1.000   0.01   0.90   0.008       4          
   0.0116     580   0.0069   0.862   0.01   0.69   0.008       4          
   0.0152     762   0.0157   0.657   0.02   1.57   0.024      12          
   0.0200    1000   0.0170   0.500   0.03   1.70   0.034      17          
   0.0300    1500   0.0173   0.333   0.05   1.73   0.052      26          
   0.0400    2000   0.0200   0.250   0.08   2.00   0.080      40          
   0.0500    2500   0.0240   0.200   0.12   2.40   0.120      60          
   0.0600    3000   0.0273   0.167   0.16   2.73   0.164      82          
   0.0700    3500   0.0266   0.143   0.19   2.66   0.186      93          
   0.0800    4000   0.0260   0.125   0.21   2.60   0.208     104       DET
   0.0900    4500   0.0256   0.111   0.23   2.56   0.230     115       DET
   0.1000    5000   0.0250   0.100   0.25   2.50   0.250     125       DET
   0.1100    5500   0.0249   0.091   0.27   2.49   0.274     137       DET
   0.1200    6000   0.0242   0.083   0.29   2.42   0.290     145       DET
   0.1300    6500   0.0243   0.077   0.32   2.43   0.316     158       DET
   0.1400    7000   0.0237   0.071   0.33   2.37   0.332     166       DET
   0.1500    7500   0.0236   0.067   0.35   2.36   0.354     177       DET
   0.1600    8000   0.0230   0.062   0.37   2.30   0.368     184       DET
   0.1700    8500   0.0226   0.059   0.38   2.26   0.384     192       DET
   0.1800    9000   0.0228   0.056   0.41   2.28   0.410     205       DET
   0.1900    9500   0.0235   0.053   0.45   2.35   0.446     223       DET
   0.2000   10000   0.0230   0.050   0.46   2.30   0.460     230       DET
  campaign cuts: tau_q=0.95: pool=2535 purity=0.0237 n_nov=60  tau_q=0.99: pool=499 purity=0.0080 n_nov=4  tau_q=0.995: pool=251 purity=0.0120 n_nov=3
  BEST usable cut: q=0.0800 purity=0.0260 n_novel=104 (headroom 0.21)

  --- scorer 'lid'  (cut-free novel-vs-seen AUC = 0.6631) ---
        q    pool   purity    ceil   head      E   eps_s   n_nov  flags
   0.0010      50   0.0200   1.000   0.02   2.00   0.002       1          
   0.0013      66   0.0303   1.000   0.03   3.03   0.004       2          
   0.0017      86   0.0233   1.000   0.02   2.33   0.004       2          
   0.0023     113   0.0265   1.000   0.03   2.65   0.006       3          
   0.0030     149   0.0336   1.000   0.03   3.36   0.010       5          
   0.0039     195   0.0359   1.000   0.04   3.59   0.014       7          
   0.0051     256   0.0352   1.000   0.04   3.52   0.018       9          
   0.0067     336   0.0268   1.000   0.03   2.68   0.018       9          
   0.0088     442   0.0294   1.000   0.03   2.94   0.026      13          
   0.0116     580   0.0310   0.862   0.04   3.10   0.036      18          
   0.0152     762   0.0302   0.657   0.05   3.02   0.046      23          
   0.0200    1000   0.0260   0.500   0.05   2.60   0.052      26          
   0.0300    1500   0.0253   0.333   0.08   2.53   0.076      38          
   0.0400    2000   0.0220   0.250   0.09   2.20   0.088      44          
   0.0500    2500   0.0236   0.200   0.12   2.36   0.118      59          
   0.0600    3000   0.0247   0.167   0.15   2.47   0.148      74          
   0.0700    3500   0.0231   0.143   0.16   2.31   0.162      81          
   0.0800    4000   0.0213   0.125   0.17   2.12   0.170      85          
   0.0900    4500   0.0207   0.111   0.19   2.07   0.186      93          
   0.1000    5000   0.0204   0.100   0.20   2.04   0.204     102       DET
   0.1100    5500   0.0200   0.091   0.22   2.00   0.220     110       DET
   0.1200    6000   0.0195   0.083   0.23   1.95   0.234     117       DET
   0.1300    6500   0.0186   0.077   0.24   1.86   0.242     121       DET
   0.1400    7000   0.0194   0.071   0.27   1.94   0.272     136       DET
   0.1500    7500   0.0192   0.067   0.29   1.92   0.288     144       DET
   0.1600    8000   0.0192   0.062   0.31   1.93   0.308     154       DET
   0.1700    8500   0.0189   0.059   0.32   1.89   0.322     161       DET
   0.1800    9000   0.0190   0.056   0.34   1.90   0.342     171       DET
   0.1900    9500   0.0185   0.053   0.35   1.85   0.352     176       DET
   0.2000   10000   0.0186   0.050   0.37   1.86   0.372     186       DET
  campaign cuts: tau_q=0.95: pool=2536 purity=0.0241 n_nov=61  tau_q=0.99: pool=511 purity=0.0313 n_nov=16  tau_q=0.995: pool=257 purity=0.0350 n_nov=9
  BEST usable cut: q=0.1000 purity=0.0204 n_novel=102 (headroom 0.20)

  --- scorer 'np'  (cut-free novel-vs-seen AUC = 0.8947) ---
        q    pool   purity    ceil   head      E   eps_s   n_nov  flags
   0.0010      50   0.6400   1.000   0.64  64.00   0.064      32  GATE    
   0.0013      66   0.5606   1.000   0.56  56.06   0.074      37  GATE    
   0.0017      86   0.5116   1.000   0.51  51.16   0.088      44  GATE    
   0.0023     113   0.4779   1.000   0.48  47.79   0.108      54  GATE    
   0.0030     149   0.4631   1.000   0.46  46.31   0.138      69  GATE    
   0.0039     195   0.3795   1.000   0.38  37.95   0.148      74  GATE    
   0.0051     256   0.3320   1.000   0.33  33.20   0.170      85  GATE    
   0.0067     336   0.2946   1.000   0.29  29.46   0.198      99  GATE    
   0.0088     442   0.2692   1.000   0.27  26.92   0.238     119  GATE DET
   0.0116     580   0.2328   0.862   0.27  23.28   0.270     135  GATE DET
   0.0152     762   0.2139   0.657   0.33  21.39   0.326     163  GATE DET
   0.0200    1000   0.1940   0.500   0.39  19.40   0.388     194  GATE DET
   0.0300    1500   0.1613   0.333   0.48  16.13   0.484     242  GATE DET
   0.0400    2000   0.1355   0.250   0.54  13.55   0.542     271       DET
   0.0500    2500   0.1208   0.200   0.60  12.08   0.604     302       DET
   0.0600    3000   0.1077   0.167   0.65  10.77   0.646     323       DET
   0.0700    3500   0.0983   0.143   0.69   9.83   0.688     344       DET
   0.0800    4000   0.0887   0.125   0.71   8.88   0.710     355       DET
   0.0900    4500   0.0802   0.111   0.72   8.02   0.722     361       DET
   0.1000    5000   0.0738   0.100   0.74   7.38   0.738     369       DET
   0.1100    5500   0.0691   0.091   0.76   6.91   0.760     380       DET
   0.1200    6000   0.0643   0.083   0.77   6.43   0.772     386       DET
   0.1300    6500   0.0605   0.077   0.79   6.05   0.786     393       DET
   0.1400    7000   0.0566   0.071   0.79   5.66   0.792     396       DET
   0.1500    7500   0.0535   0.067   0.80   5.35   0.802     401       DET
   0.1600    8000   0.0508   0.062   0.81   5.08   0.812     406       DET
   0.1700    8500   0.0485   0.059   0.82   4.85   0.824     412       DET
   0.1800    9000   0.0463   0.056   0.83   4.63   0.834     417       DET
   0.1900    9500   0.0442   0.053   0.84   4.42   0.840     420       DET
   0.2000   10000   0.0426   0.050   0.85   4.26   0.852     426       DET
  campaign cuts: tau_q=0.95: pool=2789 purity=0.1126 n_nov=314  tau_q=0.99: pool=639 purity=0.2254 n_nov=144  tau_q=0.995: pool=351 purity=0.2934 n_nov=103
  BEST usable cut: q=0.0088 purity=0.2692 n_novel=119 (headroom 0.27)

######## cifar100_tau3.0_off_s1: N=50000, base rate b=0.0100 (500 novel), holdouts=[99] ########

  --- scorer 'dist'  (cut-free novel-vs-seen AUC = 0.7221) ---
        q    pool   purity    ceil   head      E   eps_s   n_nov  flags
   0.0010      50   0.0000   1.000   0.00   0.00   0.000       0          
   0.0013      66   0.0000   1.000   0.00   0.00   0.000       0          
   0.0017      86   0.0116   1.000   0.01   1.16   0.002       1          
   0.0023     113   0.0088   1.000   0.01   0.88   0.002       1          
   0.0030     149   0.0067   1.000   0.01   0.67   0.002       1          
   0.0039     195   0.0205   1.000   0.02   2.05   0.008       4          
   0.0051     256   0.0156   1.000   0.02   1.56   0.008       4          
   0.0067     336   0.0149   1.000   0.01   1.49   0.010       5          
   0.0088     442   0.0113   1.000   0.01   1.13   0.010       5          
   0.0116     580   0.0138   0.862   0.02   1.38   0.016       8          
   0.0152     762   0.0144   0.657   0.02   1.44   0.022      11          
   0.0200    1000   0.0160   0.500   0.03   1.60   0.032      16          
   0.0300    1500   0.0213   0.333   0.06   2.13   0.064      32          
   0.0400    2000   0.0220   0.250   0.09   2.20   0.088      44          
   0.0500    2500   0.0220   0.200   0.11   2.20   0.110      55          
   0.0600    3000   0.0230   0.167   0.14   2.30   0.138      69          
   0.0700    3500   0.0243   0.143   0.17   2.43   0.170      85          
   0.0800    4000   0.0267   0.125   0.21   2.67   0.214     107       DET
   0.0900    4500   0.0267   0.111   0.24   2.67   0.240     120       DET
   0.1000    5000   0.0266   0.100   0.27   2.66   0.266     133       DET
   0.1100    5500   0.0265   0.091   0.29   2.65   0.292     146       DET
   0.1200    6000   0.0275   0.083   0.33   2.75   0.330     165       DET
   0.1300    6500   0.0271   0.077   0.35   2.71   0.352     176       DET
   0.1400    7000   0.0261   0.071   0.37   2.61   0.366     183       DET
   0.1500    7500   0.0253   0.067   0.38   2.53   0.380     190       DET
   0.1600    8000   0.0251   0.062   0.40   2.51   0.402     201       DET
   0.1700    8500   0.0248   0.059   0.42   2.48   0.422     211       DET
   0.1800    9000   0.0249   0.056   0.45   2.49   0.448     224       DET
   0.1900    9500   0.0242   0.053   0.46   2.42   0.460     230       DET
   0.2000   10000   0.0238   0.050   0.48   2.38   0.476     238       DET
  campaign cuts: tau_q=0.95: pool=2531 purity=0.0221 n_nov=56  tau_q=0.99: pool=502 purity=0.0139 n_nov=7  tau_q=0.995: pool=252 purity=0.0159 n_nov=4
  BEST usable cut: q=0.1200 purity=0.0275 n_novel=165 (headroom 0.33)

  --- scorer 'lid'  (cut-free novel-vs-seen AUC = 0.6128) ---
        q    pool   purity    ceil   head      E   eps_s   n_nov  flags
   0.0010      50   0.0200   1.000   0.02   2.00   0.002       1          
   0.0013      66   0.0152   1.000   0.02   1.52   0.002       1          
   0.0017      86   0.0116   1.000   0.01   1.16   0.002       1          
   0.0023     113   0.0088   1.000   0.01   0.88   0.002       1          
   0.0030     149   0.0134   1.000   0.01   1.34   0.004       2          
   0.0039     195   0.0154   1.000   0.02   1.54   0.006       3          
   0.0051     256   0.0234   1.000   0.02   2.34   0.012       6          
   0.0067     336   0.0268   1.000   0.03   2.68   0.018       9          
   0.0088     442   0.0249   1.000   0.02   2.49   0.022      11          
   0.0116     580   0.0259   0.862   0.03   2.59   0.030      15          
   0.0152     762   0.0262   0.657   0.04   2.62   0.040      20          
   0.0200    1000   0.0220   0.500   0.04   2.20   0.044      22          
   0.0300    1500   0.0207   0.333   0.06   2.07   0.062      31          
   0.0400    2000   0.0205   0.250   0.08   2.05   0.082      41          
   0.0500    2500   0.0204   0.200   0.10   2.04   0.102      51          
   0.0600    3000   0.0187   0.167   0.11   1.87   0.112      56          
   0.0700    3500   0.0194   0.143   0.14   1.94   0.136      68          
   0.0800    4000   0.0192   0.125   0.15   1.93   0.154      77          
   0.0900    4500   0.0182   0.111   0.16   1.82   0.164      82          
   0.1000    5000   0.0178   0.100   0.18   1.78   0.178      89          
   0.1100    5500   0.0180   0.091   0.20   1.80   0.198      99          
   0.1200    6000   0.0172   0.083   0.21   1.72   0.206     103       DET
   0.1300    6500   0.0166   0.077   0.22   1.66   0.216     108       DET
   0.1400    7000   0.0163   0.071   0.23   1.63   0.228     114       DET
   0.1500    7500   0.0164   0.067   0.25   1.64   0.246     123       DET
   0.1600    8000   0.0161   0.062   0.26   1.61   0.258     129       DET
   0.1700    8500   0.0159   0.059   0.27   1.59   0.270     135       DET
   0.1800    9000   0.0158   0.056   0.28   1.58   0.284     142       DET
   0.1900    9500   0.0157   0.053   0.30   1.57   0.298     149       DET
   0.2000   10000   0.0155   0.050   0.31   1.55   0.310     155       DET
  campaign cuts: tau_q=0.95: pool=2526 purity=0.0202 n_nov=51  tau_q=0.99: pool=508 purity=0.0256 n_nov=13  tau_q=0.995: pool=254 purity=0.0236 n_nov=6
  BEST usable cut: q=0.1200 purity=0.0172 n_novel=103 (headroom 0.21)

  --- scorer 'np'  (cut-free novel-vs-seen AUC = 0.8868) ---
        q    pool   purity    ceil   head      E   eps_s   n_nov  flags
   0.0010      50   0.6200   1.000   0.62  62.00   0.062      31  GATE    
   0.0013      66   0.5152   1.000   0.52  51.52   0.068      34  GATE    
   0.0017      86   0.4884   1.000   0.49  48.84   0.084      42  GATE    
   0.0023     113   0.4690   1.000   0.47  46.90   0.106      53  GATE    
   0.0030     149   0.4497   1.000   0.45  44.97   0.134      67  GATE    
   0.0039     195   0.4154   1.000   0.42  41.54   0.162      81  GATE    
   0.0051     256   0.3789   1.000   0.38  37.89   0.194      97  GATE    
   0.0067     336   0.3690   1.000   0.37  36.90   0.248     124  GATE DET
   0.0088     442   0.3439   1.000   0.34  34.39   0.304     152  GATE DET
   0.0116     580   0.3155   0.862   0.37  31.55   0.366     183  GATE DET
   0.0152     762   0.2900   0.657   0.44  29.00   0.442     221  GATE DET
   0.0200    1000   0.2510   0.500   0.50  25.10   0.502     251  GATE DET
   0.0300    1500   0.1940   0.333   0.58  19.40   0.582     291  GATE DET
   0.0400    2000   0.1590   0.250   0.64  15.90   0.636     318  GATE DET
   0.0500    2500   0.1328   0.200   0.66  13.28   0.664     332       DET
   0.0600    3000   0.1143   0.167   0.69  11.43   0.686     343       DET
   0.0700    3500   0.1000   0.143   0.70  10.00   0.700     350       DET
   0.0800    4000   0.0905   0.125   0.72   9.05   0.724     362       DET
   0.0900    4500   0.0833   0.111   0.75   8.33   0.750     375       DET
   0.1000    5000   0.0760   0.100   0.76   7.60   0.760     380       DET
   0.1100    5500   0.0702   0.091   0.77   7.02   0.772     386       DET
   0.1200    6000   0.0657   0.083   0.79   6.57   0.788     394       DET
   0.1300    6500   0.0614   0.077   0.80   6.14   0.798     399       DET
   0.1400    7000   0.0579   0.071   0.81   5.79   0.810     405       DET
   0.1500    7500   0.0544   0.067   0.82   5.44   0.816     408       DET
   0.1600    8000   0.0511   0.062   0.82   5.11   0.818     409       DET
   0.1700    8500   0.0482   0.059   0.82   4.82   0.820     410       DET
   0.1800    9000   0.0462   0.056   0.83   4.62   0.832     416       DET
   0.1900    9500   0.0441   0.053   0.84   4.41   0.838     419       DET
   0.2000   10000   0.0421   0.050   0.84   4.21   0.842     421       DET
  campaign cuts: tau_q=0.95: pool=2817 purity=0.1214 n_nov=342  tau_q=0.99: pool=705 purity=0.2979 n_nov=210  tau_q=0.995: pool=388 purity=0.3608 n_nov=140
  BEST usable cut: q=0.0067 purity=0.3690 n_novel=124 (headroom 0.37)

######## cifar100_tau3.0_off_s2: N=50000, base rate b=0.0100 (500 novel), holdouts=[99] ########

  --- scorer 'dist'  (cut-free novel-vs-seen AUC = 0.7593) ---
        q    pool   purity    ceil   head      E   eps_s   n_nov  flags
   0.0010      50   0.0200   1.000   0.02   2.00   0.002       1          
   0.0013      66   0.0152   1.000   0.02   1.52   0.002       1          
   0.0017      86   0.0116   1.000   0.01   1.16   0.002       1          
   0.0023     113   0.0265   1.000   0.03   2.65   0.006       3          
   0.0030     149   0.0268   1.000   0.03   2.68   0.008       4          
   0.0039     195   0.0256   1.000   0.03   2.56   0.010       5          
   0.0051     256   0.0195   1.000   0.02   1.95   0.010       5          
   0.0067     336   0.0149   1.000   0.01   1.49   0.010       5          
   0.0088     442   0.0113   1.000   0.01   1.13   0.010       5          
   0.0116     580   0.0103   0.862   0.01   1.03   0.012       6          
   0.0152     762   0.0157   0.657   0.02   1.57   0.024      12          
   0.0200    1000   0.0140   0.500   0.03   1.40   0.028      14          
   0.0300    1500   0.0180   0.333   0.05   1.80   0.054      27          
   0.0400    2000   0.0175   0.250   0.07   1.75   0.070      35          
   0.0500    2500   0.0180   0.200   0.09   1.80   0.090      45          
   0.0600    3000   0.0207   0.167   0.12   2.07   0.124      62          
   0.0700    3500   0.0237   0.143   0.17   2.37   0.166      83          
   0.0800    4000   0.0265   0.125   0.21   2.65   0.212     106       DET
   0.0900    4500   0.0282   0.111   0.25   2.82   0.254     127       DET
   0.1000    5000   0.0290   0.100   0.29   2.90   0.290     145       DET
   0.1100    5500   0.0309   0.091   0.34   3.09   0.340     170       DET
   0.1200    6000   0.0313   0.083   0.38   3.13   0.376     188       DET
   0.1300    6500   0.0320   0.077   0.42   3.20   0.416     208       DET
   0.1400    7000   0.0316   0.071   0.44   3.16   0.442     221       DET
   0.1500    7500   0.0308   0.067   0.46   3.08   0.462     231       DET
   0.1600    8000   0.0301   0.062   0.48   3.01   0.482     241       DET
   0.1700    8500   0.0300   0.059   0.51   3.00   0.510     255       DET
   0.1800    9000   0.0292   0.056   0.53   2.92   0.526     263       DET
   0.1900    9500   0.0286   0.053   0.54   2.86   0.544     272       DET
   0.2000   10000   0.0280   0.050   0.56   2.80   0.560     280       DET
  campaign cuts: tau_q=0.95: pool=2520 purity=0.0179 n_nov=45  tau_q=0.99: pool=500 purity=0.0100 n_nov=5  tau_q=0.995: pool=253 purity=0.0198 n_nov=5
  BEST usable cut: q=0.1300 purity=0.0320 n_novel=208 (headroom 0.42)

  --- scorer 'lid'  (cut-free novel-vs-seen AUC = 0.6550) ---
        q    pool   purity    ceil   head      E   eps_s   n_nov  flags
   0.0010      50   0.0200   1.000   0.02   2.00   0.002       1          
   0.0013      66   0.0152   1.000   0.02   1.52   0.002       1          
   0.0017      86   0.0116   1.000   0.01   1.16   0.002       1          
   0.0023     113   0.0088   1.000   0.01   0.88   0.002       1          
   0.0030     149   0.0134   1.000   0.01   1.34   0.004       2          
   0.0039     195   0.0154   1.000   0.02   1.54   0.006       3          
   0.0051     256   0.0156   1.000   0.02   1.56   0.008       4          
   0.0067     336   0.0179   1.000   0.02   1.79   0.012       6          
   0.0088     442   0.0204   1.000   0.02   2.04   0.018       9          
   0.0116     580   0.0190   0.862   0.02   1.90   0.022      11          
   0.0152     762   0.0171   0.657   0.03   1.71   0.026      13          
   0.0200    1000   0.0210   0.500   0.04   2.10   0.042      21          
   0.0300    1500   0.0220   0.333   0.07   2.20   0.066      33          
   0.0400    2000   0.0200   0.250   0.08   2.00   0.080      40          
   0.0500    2500   0.0200   0.200   0.10   2.00   0.100      50          
   0.0600    3000   0.0180   0.167   0.11   1.80   0.108      54          
   0.0700    3500   0.0169   0.143   0.12   1.69   0.118      59          
   0.0800    4000   0.0170   0.125   0.14   1.70   0.136      68          
   0.0900    4500   0.0162   0.111   0.15   1.62   0.146      73          
   0.1000    5000   0.0172   0.100   0.17   1.72   0.172      86          
   0.1100    5500   0.0180   0.091   0.20   1.80   0.198      99          
   0.1200    6000   0.0182   0.083   0.22   1.82   0.218     109       DET
   0.1300    6500   0.0178   0.077   0.23   1.78   0.232     116       DET
   0.1400    7000   0.0181   0.071   0.25   1.81   0.254     127       DET
   0.1500    7500   0.0181   0.067   0.27   1.81   0.272     136       DET
   0.1600    8000   0.0173   0.062   0.28   1.73   0.276     138       DET
   0.1700    8500   0.0167   0.059   0.28   1.67   0.284     142       DET
   0.1800    9000   0.0166   0.056   0.30   1.66   0.298     149       DET
   0.1900    9500   0.0167   0.053   0.32   1.67   0.318     159       DET
   0.2000   10000   0.0164   0.050   0.33   1.64   0.328     164       DET
  campaign cuts: tau_q=0.95: pool=2525 purity=0.0198 n_nov=50  tau_q=0.99: pool=505 purity=0.0198 n_nov=10  tau_q=0.995: pool=252 purity=0.0159 n_nov=4
  BEST usable cut: q=0.1200 purity=0.0182 n_novel=109 (headroom 0.22)

  --- scorer 'np'  (cut-free novel-vs-seen AUC = 0.7541) ---
        q    pool   purity    ceil   head      E   eps_s   n_nov  flags
   0.0010      50   0.9200   1.000   0.92  92.00   0.092      46  GATE    
   0.0013      66   0.8485   1.000   0.85  84.85   0.112      56  GATE    
   0.0017      86   0.7442   1.000   0.74  74.42   0.128      64  GATE    
   0.0023     113   0.6372   1.000   0.64  63.72   0.144      72  GATE    
   0.0030     149   0.5839   1.000   0.58  58.39   0.174      87  GATE    
   0.0039     195   0.5333   1.000   0.53  53.33   0.208     104  GATE DET
   0.0051     256   0.4961   1.000   0.50  49.61   0.254     127  GATE DET
   0.0067     336   0.4196   1.000   0.42  41.96   0.282     141  GATE DET
   0.0088     442   0.3484   1.000   0.35  34.84   0.308     154  GATE DET
   0.0116     580   0.2897   0.862   0.34  28.97   0.336     168  GATE DET
   0.0152     762   0.2559   0.657   0.39  25.59   0.390     195  GATE DET
   0.0200    1000   0.2170   0.500   0.43  21.70   0.434     217  GATE DET
   0.0300    1500   0.1653   0.333   0.50  16.53   0.496     248  GATE DET
   0.0400    2000   0.1365   0.250   0.55  13.65   0.546     273       DET
   0.0500    2500   0.1132   0.200   0.57  11.32   0.566     283       DET
   0.0600    3000   0.0987   0.167   0.59   9.87   0.592     296       DET
   0.0700    3500   0.0866   0.143   0.61   8.66   0.606     303       DET
   0.0800    4000   0.0772   0.125   0.62   7.72   0.618     309       DET
   0.0900    4500   0.0698   0.111   0.63   6.98   0.628     314       DET
   0.1000    5000   0.0636   0.100   0.64   6.36   0.636     318       DET
   0.1100    5500   0.0585   0.091   0.64   5.85   0.644     322       DET
   0.1200    6000   0.0542   0.083   0.65   5.42   0.650     325       DET
   0.1300    6500   0.0503   0.077   0.65   5.03   0.654     327       DET
   0.1400    7000   0.0476   0.071   0.67   4.76   0.666     333       DET
   0.1500    7500   0.0448   0.067   0.67   4.48   0.672     336       DET
   0.1600    8000   0.0428   0.062   0.68   4.28   0.684     342       DET
   0.1700    8500   0.0404   0.059   0.69   4.04   0.686     343       DET
   0.1800    9000   0.0387   0.056   0.70   3.87   0.696     348       DET
   0.1900    9500   0.0368   0.053   0.70   3.68   0.700     350       DET
   0.2000   10000   0.0352   0.050   0.70   3.52   0.704     352       DET
  campaign cuts: tau_q=0.95: pool=2763 purity=0.1042 n_nov=288  tau_q=0.99: pool=679 purity=0.2710 n_nov=184  tau_q=0.995: pool=401 purity=0.3815 n_nov=153
  BEST usable cut: q=0.0039 purity=0.5333 n_novel=104 (headroom 0.53)

######## cifar100_tau3.0_on_s0: N=50000, base rate b=0.0100 (500 novel), holdouts=[99] ########

  --- scorer 'dist'  (cut-free novel-vs-seen AUC = 0.7022) ---
        q    pool   purity    ceil   head      E   eps_s   n_nov  flags
   0.0010      50   0.0000   1.000   0.00   0.00   0.000       0          
   0.0013      66   0.0000   1.000   0.00   0.00   0.000       0          
   0.0017      86   0.0000   1.000   0.00   0.00   0.000       0          
   0.0023     113   0.0177   1.000   0.02   1.77   0.004       2          
   0.0030     149   0.0201   1.000   0.02   2.01   0.006       3          
   0.0039     195   0.0154   1.000   0.02   1.54   0.006       3          
   0.0051     256   0.0156   1.000   0.02   1.56   0.008       4          
   0.0067     336   0.0119   1.000   0.01   1.19   0.008       4          
   0.0088     442   0.0158   1.000   0.02   1.58   0.014       7          
   0.0116     580   0.0155   0.862   0.02   1.55   0.018       9          
   0.0152     762   0.0210   0.657   0.03   2.10   0.032      16          
   0.0200    1000   0.0190   0.500   0.04   1.90   0.038      19          
   0.0300    1500   0.0187   0.333   0.06   1.87   0.056      28          
   0.0400    2000   0.0175   0.250   0.07   1.75   0.070      35          
   0.0500    2500   0.0192   0.200   0.10   1.92   0.096      48          
   0.0600    3000   0.0200   0.167   0.12   2.00   0.120      60          
   0.0700    3500   0.0197   0.143   0.14   1.97   0.138      69          
   0.0800    4000   0.0208   0.125   0.17   2.08   0.166      83          
   0.0900    4500   0.0204   0.111   0.18   2.04   0.184      92          
   0.1000    5000   0.0210   0.100   0.21   2.10   0.210     105       DET
   0.1100    5500   0.0213   0.091   0.23   2.13   0.234     117       DET
   0.1200    6000   0.0215   0.083   0.26   2.15   0.258     129       DET
   0.1300    6500   0.0215   0.077   0.28   2.15   0.280     140       DET
   0.1400    7000   0.0210   0.071   0.29   2.10   0.294     147       DET
   0.1500    7500   0.0205   0.067   0.31   2.05   0.308     154       DET
   0.1600    8000   0.0201   0.062   0.32   2.01   0.322     161       DET
   0.1700    8500   0.0195   0.059   0.33   1.95   0.332     166       DET
   0.1800    9000   0.0198   0.056   0.36   1.98   0.356     178       DET
   0.1900    9500   0.0192   0.053   0.36   1.92   0.364     182       DET
   0.2000   10000   0.0190   0.050   0.38   1.90   0.380     190       DET
  campaign cuts: tau_q=0.95: pool=2523 purity=0.0190 n_nov=48  tau_q=0.99: pool=503 purity=0.0159 n_nov=8  tau_q=0.995: pool=252 purity=0.0159 n_nov=4
  BEST usable cut: q=0.1300 purity=0.0215 n_novel=140 (headroom 0.28)

  --- scorer 'lid'  (cut-free novel-vs-seen AUC = 0.4922) ---
        q    pool   purity    ceil   head      E   eps_s   n_nov  flags
   0.0010      50   0.0000   1.000   0.00   0.00   0.000       0          
   0.0013      66   0.0000   1.000   0.00   0.00   0.000       0          
   0.0017      86   0.0000   1.000   0.00   0.00   0.000       0          
   0.0023     113   0.0000   1.000   0.00   0.00   0.000       0          
   0.0030     149   0.0000   1.000   0.00   0.00   0.000       0          
   0.0039     195   0.0000   1.000   0.00   0.00   0.000       0          
   0.0051     256   0.0000   1.000   0.00   0.00   0.000       0          
   0.0067     336   0.0000   1.000   0.00   0.00   0.000       0          
   0.0088     442   0.0045   1.000   0.00   0.45   0.004       2          
   0.0116     580   0.0034   0.862   0.00   0.34   0.004       2          
   0.0152     762   0.0026   0.657   0.00   0.26   0.004       2          
   0.0200    1000   0.0050   0.500   0.01   0.50   0.010       5          
   0.0300    1500   0.0060   0.333   0.02   0.60   0.018       9          
   0.0400    2000   0.0095   0.250   0.04   0.95   0.038      19          
   0.0500    2500   0.0084   0.200   0.04   0.84   0.042      21          
   0.0600    3000   0.0090   0.167   0.05   0.90   0.054      27          
   0.0700    3500   0.0083   0.143   0.06   0.83   0.058      29          
   0.0800    4000   0.0090   0.125   0.07   0.90   0.072      36          
   0.0900    4500   0.0093   0.111   0.08   0.93   0.084      42          
   0.1000    5000   0.0102   0.100   0.10   1.02   0.102      51          
   0.1100    5500   0.0104   0.091   0.11   1.04   0.114      57          
   0.1200    6000   0.0108   0.083   0.13   1.08   0.130      65          
   0.1300    6500   0.0112   0.077   0.15   1.12   0.146      73          
   0.1400    7000   0.0109   0.071   0.15   1.09   0.152      76          
   0.1500    7500   0.0109   0.067   0.16   1.09   0.164      82          
   0.1600    8000   0.0115   0.062   0.18   1.15   0.184      92          
   0.1700    8500   0.0114   0.059   0.19   1.14   0.194      97          
   0.1800    9000   0.0111   0.056   0.20   1.11   0.200     100       DET
   0.1900    9500   0.0112   0.053   0.21   1.12   0.212     106       DET
   0.2000   10000   0.0111   0.050   0.22   1.11   0.222     111       DET
  campaign cuts: tau_q=0.95: pool=2496 purity=0.0084 n_nov=21  tau_q=0.99: pool=497 purity=0.0040 n_nov=2  tau_q=0.995: pool=248 purity=0.0000 n_nov=0
  BEST usable cut: q=0.1900 purity=0.0112 n_novel=106 (headroom 0.21)

  --- scorer 'np'  (cut-free novel-vs-seen AUC = 0.8846) ---
        q    pool   purity    ceil   head      E   eps_s   n_nov  flags
   0.0010      50   0.5400   1.000   0.54  54.00   0.054      27  GATE    
   0.0013      66   0.5455   1.000   0.55  54.55   0.072      36  GATE    
   0.0017      86   0.5000   1.000   0.50  50.00   0.086      43  GATE    
   0.0023     113   0.4779   1.000   0.48  47.79   0.108      54  GATE    
   0.0030     149   0.4564   1.000   0.46  45.64   0.136      68  GATE    
   0.0039     195   0.4103   1.000   0.41  41.03   0.160      80  GATE    
   0.0051     256   0.3555   1.000   0.36  35.55   0.182      91  GATE    
   0.0067     336   0.3363   1.000   0.34  33.63   0.226     113  GATE DET
   0.0088     442   0.2828   1.000   0.28  28.28   0.250     125  GATE DET
   0.0116     580   0.2552   0.862   0.30  25.52   0.296     148  GATE DET
   0.0152     762   0.2231   0.657   0.34  22.31   0.340     170  GATE DET
   0.0200    1000   0.1910   0.500   0.38  19.10   0.382     191  GATE DET
   0.0300    1500   0.1533   0.333   0.46  15.33   0.460     230  GATE DET
   0.0400    2000   0.1260   0.250   0.50  12.60   0.504     252       DET
   0.0500    2500   0.1076   0.200   0.54  10.76   0.538     269       DET
   0.0600    3000   0.0950   0.167   0.57   9.50   0.570     285       DET
   0.0700    3500   0.0880   0.143   0.62   8.80   0.616     308       DET
   0.0800    4000   0.0820   0.125   0.66   8.20   0.656     328       DET
   0.0900    4500   0.0756   0.111   0.68   7.56   0.680     340       DET
   0.1000    5000   0.0708   0.100   0.71   7.08   0.708     354       DET
   0.1100    5500   0.0667   0.091   0.73   6.67   0.734     367       DET
   0.1200    6000   0.0628   0.083   0.75   6.28   0.754     377       DET
   0.1300    6500   0.0592   0.077   0.77   5.92   0.770     385       DET
   0.1400    7000   0.0566   0.071   0.79   5.66   0.792     396       DET
   0.1500    7500   0.0545   0.067   0.82   5.45   0.818     409       DET
   0.1600    8000   0.0517   0.062   0.83   5.17   0.828     414       DET
   0.1700    8500   0.0495   0.059   0.84   4.95   0.842     421       DET
   0.1800    9000   0.0472   0.056   0.85   4.72   0.850     425       DET
   0.1900    9500   0.0454   0.053   0.86   4.54   0.862     431       DET
   0.2000   10000   0.0433   0.050   0.87   4.33   0.866     433       DET
  campaign cuts: tau_q=0.95: pool=2751 purity=0.1003 n_nov=276  tau_q=0.99: pool=650 purity=0.2385 n_nov=155  tau_q=0.995: pool=362 purity=0.3149 n_nov=114
  BEST usable cut: q=0.0067 purity=0.3363 n_novel=113 (headroom 0.34)

######## cifar100_tau3.0_on_s1: N=50000, base rate b=0.0100 (500 novel), holdouts=[99] ########

  --- scorer 'dist'  (cut-free novel-vs-seen AUC = 0.6849) ---
        q    pool   purity    ceil   head      E   eps_s   n_nov  flags
   0.0010      50   0.0400   1.000   0.04   4.00   0.004       2          
   0.0013      66   0.0455   1.000   0.05   4.55   0.006       3          
   0.0017      86   0.0465   1.000   0.05   4.65   0.008       4          
   0.0023     113   0.0354   1.000   0.04   3.54   0.008       4          
   0.0030     149   0.0268   1.000   0.03   2.68   0.008       4          
   0.0039     195   0.0308   1.000   0.03   3.08   0.012       6          
   0.0051     256   0.0312   1.000   0.03   3.12   0.016       8          
   0.0067     336   0.0298   1.000   0.03   2.98   0.020      10          
   0.0088     442   0.0317   1.000   0.03   3.17   0.028      14          
   0.0116     580   0.0293   0.862   0.03   2.93   0.034      17          
   0.0152     762   0.0262   0.657   0.04   2.62   0.040      20          
   0.0200    1000   0.0240   0.500   0.05   2.40   0.048      24          
   0.0300    1500   0.0233   0.333   0.07   2.33   0.070      35          
   0.0400    2000   0.0235   0.250   0.09   2.35   0.094      47          
   0.0500    2500   0.0236   0.200   0.12   2.36   0.118      59          
   0.0600    3000   0.0237   0.167   0.14   2.37   0.142      71          
   0.0700    3500   0.0229   0.143   0.16   2.29   0.160      80          
   0.0800    4000   0.0213   0.125   0.17   2.12   0.170      85          
   0.0900    4500   0.0204   0.111   0.18   2.04   0.184      92          
   0.1000    5000   0.0204   0.100   0.20   2.04   0.204     102       DET
   0.1100    5500   0.0200   0.091   0.22   2.00   0.220     110       DET
   0.1200    6000   0.0195   0.083   0.23   1.95   0.234     117       DET
   0.1300    6500   0.0192   0.077   0.25   1.92   0.250     125       DET
   0.1400    7000   0.0193   0.071   0.27   1.93   0.270     135       DET
   0.1500    7500   0.0189   0.067   0.28   1.89   0.284     142       DET
   0.1600    8000   0.0189   0.062   0.30   1.89   0.302     151       DET
   0.1700    8500   0.0191   0.059   0.32   1.91   0.324     162       DET
   0.1800    9000   0.0189   0.056   0.34   1.89   0.340     170       DET
   0.1900    9500   0.0189   0.053   0.36   1.89   0.360     180       DET
   0.2000   10000   0.0185   0.050   0.37   1.85   0.370     185       DET
  campaign cuts: tau_q=0.95: pool=2534 purity=0.0233 n_nov=59  tau_q=0.99: pool=510 purity=0.0294 n_nov=15  tau_q=0.995: pool=256 purity=0.0312 n_nov=8
  BEST usable cut: q=0.1000 purity=0.0204 n_novel=102 (headroom 0.20)

  --- scorer 'lid'  (cut-free novel-vs-seen AUC = 0.3802) ---
        q    pool   purity    ceil   head      E   eps_s   n_nov  flags
   0.0010      50   0.0000   1.000   0.00   0.00   0.000       0          
   0.0013      66   0.0000   1.000   0.00   0.00   0.000       0          
   0.0017      86   0.0000   1.000   0.00   0.00   0.000       0          
   0.0023     113   0.0000   1.000   0.00   0.00   0.000       0          
   0.0030     149   0.0000   1.000   0.00   0.00   0.000       0          
   0.0039     195   0.0000   1.000   0.00   0.00   0.000       0          
   0.0051     256   0.0000   1.000   0.00   0.00   0.000       0          
   0.0067     336   0.0000   1.000   0.00   0.00   0.000       0          
   0.0088     442   0.0045   1.000   0.00   0.45   0.004       2          
   0.0116     580   0.0034   0.862   0.00   0.34   0.004       2          
   0.0152     762   0.0026   0.657   0.00   0.26   0.004       2          
   0.0200    1000   0.0040   0.500   0.01   0.40   0.008       4          
   0.0300    1500   0.0040   0.333   0.01   0.40   0.012       6          
   0.0400    2000   0.0060   0.250   0.02   0.60   0.024      12          
   0.0500    2500   0.0052   0.200   0.03   0.52   0.026      13          
   0.0600    3000   0.0043   0.167   0.03   0.43   0.026      13          
   0.0700    3500   0.0040   0.143   0.03   0.40   0.028      14          
   0.0800    4000   0.0047   0.125   0.04   0.47   0.038      19          
   0.0900    4500   0.0051   0.111   0.05   0.51   0.046      23          
   0.1000    5000   0.0050   0.100   0.05   0.50   0.050      25          
   0.1100    5500   0.0051   0.091   0.06   0.51   0.056      28          
   0.1200    6000   0.0048   0.083   0.06   0.48   0.058      29          
   0.1300    6500   0.0049   0.077   0.06   0.49   0.064      32          
   0.1400    7000   0.0049   0.071   0.07   0.49   0.068      34          
   0.1500    7500   0.0048   0.067   0.07   0.48   0.072      36          
   0.1600    8000   0.0047   0.062   0.08   0.47   0.076      38          
   0.1700    8500   0.0047   0.059   0.08   0.47   0.080      40          
   0.1800    9000   0.0048   0.056   0.09   0.48   0.086      43          
   0.1900    9500   0.0048   0.053   0.09   0.48   0.092      46          
   0.2000   10000   0.0050   0.050   0.10   0.50   0.100      50          
  campaign cuts: tau_q=0.95: pool=2488 purity=0.0052 n_nov=13  tau_q=0.99: pool=497 purity=0.0040 n_nov=2  tau_q=0.995: pool=248 purity=0.0000 n_nov=0
  NO usable cut: no q leaves >= 100 novel points

  --- scorer 'np'  (cut-free novel-vs-seen AUC = 0.7552) ---
        q    pool   purity    ceil   head      E   eps_s   n_nov  flags
   0.0010      50   0.9400   1.000   0.94  94.00   0.094      47  GATE    
   0.0013      66   0.8939   1.000   0.89  89.39   0.118      59  GATE    
   0.0017      86   0.8605   1.000   0.86  86.05   0.148      74  GATE    
   0.0023     113   0.8053   1.000   0.81  80.53   0.182      91  GATE    
   0.0030     149   0.7584   1.000   0.76  75.84   0.226     113  GATE DET
   0.0039     195   0.6564   1.000   0.66  65.64   0.256     128  GATE DET
   0.0051     256   0.5781   1.000   0.58  57.81   0.296     148  GATE DET
   0.0067     336   0.4911   1.000   0.49  49.11   0.330     165  GATE DET
   0.0088     442   0.4163   1.000   0.42  41.63   0.368     184  GATE DET
   0.0116     580   0.3414   0.862   0.40  34.14   0.396     198  GATE DET
   0.0152     762   0.2769   0.657   0.42  27.69   0.422     211  GATE DET
   0.0200    1000   0.2260   0.500   0.45  22.60   0.452     226  GATE DET
   0.0300    1500   0.1640   0.333   0.49  16.40   0.492     246  GATE DET
   0.0400    2000   0.1345   0.250   0.54  13.45   0.538     269       DET
   0.0500    2500   0.1148   0.200   0.57  11.48   0.574     287       DET
   0.0600    3000   0.1027   0.167   0.62  10.27   0.616     308       DET
   0.0700    3500   0.0920   0.143   0.64   9.20   0.644     322       DET
   0.0800    4000   0.0828   0.125   0.66   8.28   0.662     331       DET
   0.0900    4500   0.0751   0.111   0.68   7.51   0.676     338       DET
   0.1000    5000   0.0684   0.100   0.68   6.84   0.684     342       DET
   0.1100    5500   0.0636   0.091   0.70   6.36   0.700     350       DET
   0.1200    6000   0.0583   0.083   0.70   5.83   0.700     350       DET
   0.1300    6500   0.0546   0.077   0.71   5.46   0.710     355       DET
   0.1400    7000   0.0511   0.071   0.72   5.11   0.716     358       DET
   0.1500    7500   0.0479   0.067   0.72   4.79   0.718     359       DET
   0.1600    8000   0.0451   0.062   0.72   4.51   0.722     361       DET
   0.1700    8500   0.0426   0.059   0.72   4.26   0.724     362       DET
   0.1800    9000   0.0406   0.056   0.73   4.06   0.730     365       DET
   0.1900    9500   0.0384   0.053   0.73   3.84   0.730     365       DET
   0.2000   10000   0.0368   0.050   0.74   3.68   0.736     368       DET
  campaign cuts: tau_q=0.95: pool=2774 purity=0.1078 n_nov=299  tau_q=0.99: pool=704 purity=0.2969 n_nov=209  tau_q=0.995: pool=430 purity=0.4233 n_nov=182
  BEST usable cut: q=0.0030 purity=0.7584 n_novel=113 (headroom 0.76)

######## cifar100_tau3.0_on_s2: N=50000, base rate b=0.0100 (500 novel), holdouts=[99] ########

  --- scorer 'dist'  (cut-free novel-vs-seen AUC = 0.8019) ---
        q    pool   purity    ceil   head      E   eps_s   n_nov  flags
   0.0010      50   0.2600   1.000   0.26  26.00   0.026      13  GATE    
   0.0013      66   0.2273   1.000   0.23  22.73   0.030      15  GATE    
   0.0017      86   0.1860   1.000   0.19  18.60   0.032      16  GATE    
   0.0023     113   0.1681   1.000   0.17  16.81   0.038      19  GATE    
   0.0030     149   0.1611   1.000   0.16  16.11   0.048      24  GATE    
   0.0039     195   0.1487   1.000   0.15  14.87   0.058      29          
   0.0051     256   0.1328   1.000   0.13  13.28   0.068      34          
   0.0067     336   0.1220   1.000   0.12  12.20   0.082      41          
   0.0088     442   0.1063   1.000   0.11  10.63   0.094      47          
   0.0116     580   0.0879   0.862   0.10   8.79   0.102      51          
   0.0152     762   0.0840   0.657   0.13   8.40   0.128      64          
   0.0200    1000   0.0730   0.500   0.15   7.30   0.146      73          
   0.0300    1500   0.0580   0.333   0.17   5.80   0.174      87          
   0.0400    2000   0.0500   0.250   0.20   5.00   0.200     100       DET
   0.0500    2500   0.0476   0.200   0.24   4.76   0.238     119       DET
   0.0600    3000   0.0453   0.167   0.27   4.53   0.272     136       DET
   0.0700    3500   0.0434   0.143   0.30   4.34   0.304     152       DET
   0.0800    4000   0.0413   0.125   0.33   4.12   0.330     165       DET
   0.0900    4500   0.0389   0.111   0.35   3.89   0.350     175       DET
   0.1000    5000   0.0370   0.100   0.37   3.70   0.370     185       DET
   0.1100    5500   0.0360   0.091   0.40   3.60   0.396     198       DET
   0.1200    6000   0.0352   0.083   0.42   3.52   0.422     211       DET
   0.1300    6500   0.0338   0.077   0.44   3.38   0.440     220       DET
   0.1400    7000   0.0324   0.071   0.45   3.24   0.454     227       DET
   0.1500    7500   0.0324   0.067   0.49   3.24   0.486     243       DET
   0.1600    8000   0.0318   0.062   0.51   3.17   0.508     254       DET
   0.1700    8500   0.0312   0.059   0.53   3.12   0.530     265       DET
   0.1800    9000   0.0299   0.056   0.54   2.99   0.538     269       DET
   0.1900    9500   0.0289   0.053   0.55   2.89   0.550     275       DET
   0.2000   10000   0.0289   0.050   0.58   2.89   0.578     289       DET
  campaign cuts: tau_q=0.95: pool=2598 purity=0.0473 n_nov=123  tau_q=0.99: pool=544 purity=0.0901 n_nov=49  tau_q=0.995: pool=284 purity=0.1268 n_nov=36
  BEST usable cut: q=0.0400 purity=0.0500 n_novel=100 (headroom 0.20)

  --- scorer 'lid'  (cut-free novel-vs-seen AUC = 0.4120) ---
        q    pool   purity    ceil   head      E   eps_s   n_nov  flags
   0.0010      50   0.0000   1.000   0.00   0.00   0.000       0          
   0.0013      66   0.0000   1.000   0.00   0.00   0.000       0          
   0.0017      86   0.0000   1.000   0.00   0.00   0.000       0          
   0.0023     113   0.0000   1.000   0.00   0.00   0.000       0          
   0.0030     149   0.0000   1.000   0.00   0.00   0.000       0          
   0.0039     195   0.0000   1.000   0.00   0.00   0.000       0          
   0.0051     256   0.0000   1.000   0.00   0.00   0.000       0          
   0.0067     336   0.0000   1.000   0.00   0.00   0.000       0          
   0.0088     442   0.0000   1.000   0.00   0.00   0.000       0          
   0.0116     580   0.0000   0.862   0.00   0.00   0.000       0          
   0.0152     762   0.0039   0.657   0.01   0.39   0.006       3          
   0.0200    1000   0.0040   0.500   0.01   0.40   0.008       4          
   0.0300    1500   0.0047   0.333   0.01   0.47   0.014       7          
   0.0400    2000   0.0035   0.250   0.01   0.35   0.014       7          
   0.0500    2500   0.0044   0.200   0.02   0.44   0.022      11          
   0.0600    3000   0.0040   0.167   0.02   0.40   0.024      12          
   0.0700    3500   0.0040   0.143   0.03   0.40   0.028      14          
   0.0800    4000   0.0057   0.125   0.05   0.57   0.046      23          
   0.0900    4500   0.0062   0.111   0.06   0.62   0.056      28          
   0.1000    5000   0.0064   0.100   0.06   0.64   0.064      32          
   0.1100    5500   0.0058   0.091   0.06   0.58   0.064      32          
   0.1200    6000   0.0058   0.083   0.07   0.58   0.070      35          
   0.1300    6500   0.0062   0.077   0.08   0.62   0.080      40          
   0.1400    7000   0.0061   0.071   0.09   0.61   0.086      43          
   0.1500    7500   0.0063   0.067   0.09   0.63   0.094      47          
   0.1600    8000   0.0066   0.062   0.11   0.66   0.106      53          
   0.1700    8500   0.0068   0.059   0.12   0.68   0.116      58          
   0.1800    9000   0.0072   0.056   0.13   0.72   0.130      65          
   0.1900    9500   0.0073   0.053   0.14   0.73   0.138      69          
   0.2000   10000   0.0075   0.050   0.15   0.75   0.150      75          
  campaign cuts: tau_q=0.95: pool=2485 purity=0.0040 n_nov=10  tau_q=0.99: pool=495 purity=0.0000 n_nov=0  tau_q=0.995: pool=248 purity=0.0000 n_nov=0
  NO usable cut: no q leaves >= 100 novel points

  --- scorer 'np'  (cut-free novel-vs-seen AUC = 0.6542) ---
        q    pool   purity    ceil   head      E   eps_s   n_nov  flags
   0.0010      50   0.8400   1.000   0.84  84.00   0.084      42  GATE    
   0.0013      66   0.7727   1.000   0.77  77.27   0.102      51  GATE    
   0.0017      86   0.6977   1.000   0.70  69.77   0.120      60  GATE    
   0.0023     113   0.6372   1.000   0.64  63.72   0.144      72  GATE    
   0.0030     149   0.5369   1.000   0.54  53.69   0.160      80  GATE    
   0.0039     195   0.4462   1.000   0.45  44.62   0.174      87  GATE    
   0.0051     256   0.3633   1.000   0.36  36.33   0.186      93  GATE    
   0.0067     336   0.3036   1.000   0.30  30.36   0.204     102  GATE DET
   0.0088     442   0.2466   1.000   0.25  24.66   0.218     109  GATE DET
   0.0116     580   0.2000   0.862   0.23  20.00   0.232     116  GATE DET
   0.0152     762   0.1614   0.657   0.25  16.14   0.246     123  GATE DET
   0.0200    1000   0.1340   0.500   0.27  13.40   0.268     134       DET
   0.0300    1500   0.1013   0.333   0.30  10.13   0.304     152       DET
   0.0400    2000   0.0845   0.250   0.34   8.45   0.338     169       DET
   0.0500    2500   0.0732   0.200   0.37   7.32   0.366     183       DET
   0.0600    3000   0.0653   0.167   0.39   6.53   0.392     196       DET
   0.0700    3500   0.0600   0.143   0.42   6.00   0.420     210       DET
   0.0800    4000   0.0540   0.125   0.43   5.40   0.432     216       DET
   0.0900    4500   0.0520   0.111   0.47   5.20   0.468     234       DET
   0.1000    5000   0.0506   0.100   0.51   5.06   0.506     253       DET
   0.1100    5500   0.0484   0.091   0.53   4.84   0.532     266       DET
   0.1200    6000   0.0468   0.083   0.56   4.68   0.562     281       DET
   0.1300    6500   0.0440   0.077   0.57   4.40   0.572     286       DET
   0.1400    7000   0.0417   0.071   0.58   4.17   0.584     292       DET
   0.1500    7500   0.0392   0.067   0.59   3.92   0.588     294       DET
   0.1600    8000   0.0370   0.062   0.59   3.70   0.592     296       DET
   0.1700    8500   0.0351   0.059   0.60   3.51   0.596     298       DET
   0.1800    9000   0.0331   0.056   0.60   3.31   0.596     298       DET
   0.1900    9500   0.0314   0.053   0.60   3.14   0.596     298       DET
   0.2000   10000   0.0298   0.050   0.60   2.98   0.596     298       DET
  campaign cuts: tau_q=0.95: pool=2662 purity=0.0702 n_nov=187  tau_q=0.99: pool=614 purity=0.1938 n_nov=119  tau_q=0.995: pool=351 purity=0.2934 n_nov=103
  BEST usable cut: q=0.0067 purity=0.3036 n_novel=102 (headroom 0.30)

wrote logs/exp128/cutscan.json
